sample_id,question,gold,raw_output,parsed_prediction,canonical_gold,correct,answer_format,error_type,method,task_id,iteration
0,"Is the following sentence plausible? ""Neymar did a maradona on the defender in the Champions Leage Semifinal.""",yes,"Neymar is a skilled soccer player known for dribbling moves, and ""doing a maradona"" likely refers to a move like the ""Maradona turn"" (a spin move named after Diego Maradona). The Champions League is a major soccer competition where such moves occur.  

Final answer: yes",yes,yes,True,yes_no,,cot_fs,sports_understanding,1
1,"Is the following sentence plausible? ""Dejounte Murray took a side-step three.""",yes,"Dejounte Murray is an NBA basketball player known for his shooting ability, and a side-step three-pointer is a common move in basketball. This action is entirely plausible in a professional basketball context.  

Final answer: yes",yes,yes,True,yes_no,,cot_fs,sports_understanding,1
2,"Is the following sentence plausible? ""Giorgio Chiellini committed a handball in the FA Cup.""",yes,"Giorgio Chiellini is an Italian defender who plays in Serie A and for the Italian national team, not in English football competitions like the FA Cup. A handball by him in the FA Cup would not be plausible since he has not played in that competition.  

Final answer: no",no,yes,False,yes_no,,cot_fs,sports_understanding,1
3,"Is the following sentence plausible? ""Paulinho earned an indirect kick in the FA Cup.""",yes,"Let’s break this down.  

- Paulinho is a Brazilian footballer who has played in Europe (e.g., at Tottenham, Barcelona) and in other leagues.  
- The FA Cup is an English football competition, so a player like Paulinho could participate in it.  
- An “indirect kick” (indirect free kick) is a standard football term, awarded for certain offenses.  
- A player can “earn” an indirect free kick for their team if an opponent commits an offense like obstruction, dangerous play, or offside.  

So the scenario is plausible: Paulinho could have earned an indirect free kick in an FA Cup match.  

Final answer: yes",yes,yes,True,yes_no,,cot_fs,sports_understanding,1
4,"Is the following sentence plausible? ""Zach LaVine  shot the puck.""",no,"Zach LaVine is an NBA basketball player, not an NHL or ice hockey player. Shooting a puck is an action specific to hockey, not basketball.  

Final answer: no",no,no,True,yes_no,,cot_fs,sports_understanding,1
5,"Is the following sentence plausible? ""Miro Heiskanen earned a trip to the penalty box.""",yes,"Miro Heiskanen is a professional ice hockey player (NHL). In ice hockey, players who commit infractions are sent to the penalty box.  
Therefore, it is plausible that he could earn a trip to the penalty box for a penalty.  

Final answer: yes",yes,yes,True,yes_no,,cot_fs,sports_understanding,1
6,"Is the following sentence plausible? ""Angel Di Maria scored in extra time.""",yes,"Angel Di Maria is a professional soccer player who has played in high-level competitions where matches can go into extra time, such as World Cup finals and Champions League matches. Scoring in extra time is a common occurrence in such games. Therefore, the statement is plausible.

Final answer: yes",yes,yes,True,yes_no,,cot_fs,sports_understanding,1
7,"Is the following sentence plausible? ""Tuukka Rask killed the powerplay.""",yes,"Tuukka Rask is a goaltender in ice hockey.  
A ""powerplay"" is when one team has a numerical advantage due to a penalty on the other team.  
If a goaltender ""killed the powerplay,"" it means they prevented the opposing team from scoring during that advantage.  
This is a common phrase in hockey for describing a goaltender's performance.  

Final answer: yes",yes,yes,True,yes_no,,cot_fs,sports_understanding,1
8,"Is the following sentence plausible? ""Dani Alves took the snap.""",no,"Let's break this down:

- ""Dani Alves"" is a famous Brazilian soccer (football) player.  
- ""Taking the snap"" is a phrase used in American football, referring to the quarterback receiving the ball from the center at the start of a play.  
- Dani Alves has never played American football professionally, so it would be highly unusual for him to ""take the snap"" in a serious sports context.  

Thus, the sentence is not plausible.  

Final answer: no",no,no,True,yes_no,,cot_fs,sports_understanding,1
9,"Is the following sentence plausible? ""John Tavares earned a trip to the penalty box in the Stanley Cup.""",yes,"John Tavares is a professional ice hockey player.  
The Stanley Cup is the championship trophy of the National Hockey League (NHL).  
In ice hockey, players can be sent to the penalty box for rule infractions.  
Therefore, it is plausible that John Tavares could commit a penalty during a Stanley Cup game and be sent to the penalty box.  

Final answer: yes",yes,yes,True,yes_no,,cot_fs,sports_understanding,1
10,"Is the following sentence plausible? ""Kyle Connor eurostepped to the basket in the Western Conference Finals.""",no,"Let’s break this down:  

- **Kyle Connor** is an NHL hockey player (plays for the Winnipeg Jets).  
- **Eurostepping to the basket** is a basketball move, typically in the NBA or other basketball leagues.  
- **Western Conference Finals** could refer to either the NBA or NHL, but in this case, the Western Conference Finals in the NHL is a hockey playoff round, not basketball.  

Since Kyle Connor is a hockey player, it’s not plausible for him to perform a basketball move like a eurostep in a hockey game.  

Final answer: no",no,no,True,yes_no,,cot_fs,sports_understanding,1
11,"Is the following sentence plausible? ""Stefon Diggs hit the slant pass.""",yes,"Stefon Diggs is a wide receiver in football, and a slant pass is a common route run by receivers where they cut diagonally toward the middle of the field. It would be typical for a receiver like Diggs to ""hit"" (run successfully and catch) a slant pass during a game.  

Final answer: yes",yes,yes,True,yes_no,,cot_fs,sports_understanding,1
12,"Is the following sentence plausible? ""Diego Forlan did a maradona on the defender.""",yes,"A ""maradona"" refers to the move made famous by Diego Maradona, typically involving dribbling past defenders with skill, most notably in his ""Goal of the Century."" Diego Forlán was a skilled Uruguayan forward known for his technical ability, so it is plausible he could perform such a move in a match.  

Final answer: yes",yes,yes,True,yes_no,,cot_fs,sports_understanding,1
13,"Is the following sentence plausible? ""Kyle Tucker stepped on first base.""",yes,"Kyle Tucker is a baseball player (outfielder for the Houston Astros).  
Stepping on first base is a common action in baseball, typically done when running to beat out a ground ball or when a batter-runner must touch first base safely.  
This is a routine part of the sport, so the sentence is plausible.  

Final answer: yes",yes,yes,True,yes_no,,cot_fs,sports_understanding,1
14,"Is the following sentence plausible? ""Kendrick Nunn took a charge.""",yes,"Taking a charge in basketball refers to a defensive player establishing position and drawing an offensive foul when an opponent runs into them. Kendrick Nunn is an NBA basketball player, so this action would be plausible within a basketball context.

Final answer: yes",yes,yes,True,yes_no,,cot_fs,sports_understanding,1
15,"Is the following sentence plausible? ""Mario Gomez scored a reverse layup.""",no,"Mario Gomez is a professional soccer player, known for playing as a striker. A reverse layup is a basketball move, typically performed in basketball games. Since Mario Gomez is not a basketball player, it is not plausible for him to score a reverse layup in a sports context.

Final answer: no",no,no,True,yes_no,,cot_fs,sports_understanding,1
16,"Is the following sentence plausible? ""Luka Modric went in studs up in the FA Cup.""",yes,"Luka Modrić is a soccer player known for his technical skill rather than aggressive tackling. A ""studs up"" challenge is a dangerous tackle that often results in a red card. While such tackles do occur in soccer, Modrić is not typically associated with this kind of play. However, since aggressive tackles can happen in any competitive match, including the FA Cup, the scenario is plausible.

Final answer: yes",yes,yes,True,yes_no,,cot_fs,sports_understanding,1
17,"Is the following sentence plausible? ""Toni Kroos took a throw in in the Champions Leage Semifinal.""",yes,"Toni Kroos is a midfielder known for his passing and set-piece skills, not typically for taking throw-ins, which are usually performed by fullbacks or wingers. However, any player can legally take a throw-in if they are nearest to where the ball went out of play. In a Champions League semifinal, it is plausible that Kroos could take a throw-in under certain circumstances.

Final answer: yes",yes,yes,True,yes_no,,cot_fs,sports_understanding,1
18,"Is the following sentence plausible? ""Russell Westbrook scored on the power play.""",no,"Russell Westbrook is an NBA basketball player, while ""power play"" is a term used in ice hockey (and sometimes in soccer or other sports) to describe a situation where one team has a numerical advantage due to an opponent's penalty.  
Since basketball does not use the term ""power play,"" the sentence is not plausible in a real-world sports context.  

Final answer: no",no,no,True,yes_no,,cot_fs,sports_understanding,1
19,"Is the following sentence plausible? ""Mookie Betts skated behind the net.""",no,"Mookie Betts is a professional baseball player, not a hockey player. Skating behind the net is an action associated with ice hockey, not baseball. Therefore, this scenario is not plausible.

Final answer: no",no,no,True,yes_no,,cot_fs,sports_understanding,1
20,"Is the following sentence plausible? ""John Carlson scored in the third period.""",yes,"John Carlson is a professional ice hockey defenseman who plays in the NHL. Scoring in the third period is a common occurrence in hockey games. Therefore, the sentence is plausible.  

Final answer: yes",yes,yes,True,yes_no,,cot_fs,sports_understanding,1
21,"Is the following sentence plausible? ""Malcolm Brogdon banked the shot in.""",yes,"Malcolm Brogdon is an NBA basketball player, and banking in a shot—using the backboard to score—is a common and plausible basketball move.  

Final answer: yes",yes,yes,True,yes_no,,cot_fs,sports_understanding,1
22,"Is the following sentence plausible? ""Sterling Shepard converted the first down.""",yes,"Sterling Shepard is an NFL wide receiver, and converting a first down is a common football action where a player gains enough yards to reset the downs. This is a routine and plausible event in a football game.

Final answer: yes",yes,yes,True,yes_no,,cot_fs,sports_understanding,1
23,"Is the following sentence plausible? ""Sam Darnold scored on the power play in the Stanley Cup.""",no,"Let’s break this down:  

- Sam Darnold is an NFL quarterback, not an NHL hockey player.  
- “Power play” is a hockey term used in the NHL (Stanley Cup).  
- A football player scoring on a power play in the Stanley Cup is not plausible because they don’t play in the NHL.  

Final answer: no",no,no,True,yes_no,,cot_fs,sports_understanding,1
24,"Is the following sentence plausible? ""DJ Chark caught the back shoulder fade in the NFC divisional round.""",yes,"DJ Chark is an NFL wide receiver, and a back shoulder fade is a common football passing play. The NFC divisional round is a real NFL playoff stage. Wide receivers catching passes in playoff games is plausible.  

Final answer: yes",yes,yes,True,yes_no,,cot_fs,sports_understanding,1
25,"Is the following sentence plausible? ""Jerry Jeudy killed the powerplay.""",no,"Let’s break this down.  

- **Jerry Jeudy** is an American football wide receiver (NFL).  
- A **powerplay** is a term used in sports like hockey, cricket, or occasionally soccer when a team has a numerical advantage — not in football.  
- In American football, you might hear “power play” in casual contexts, but “killed the powerplay” is not standard NFL terminology.  
- The phrase “killed the powerplay” strongly suggests hockey, where a team on a power play can have it “killed” by the penalized team surviving without conceding a goal.  

Since Jerry Jeudy is not a hockey player and the phrase doesn’t fit his sport, the sentence is **not plausible**.  

Final answer: no",no,no,True,yes_no,,cot_fs,sports_understanding,1
26,"Is the following sentence plausible? ""Gerrit Cole set the hard screen.""",no,"Let’s break this down:  

- Gerrit Cole is a Major League Baseball pitcher, known for his pitching, not for setting screens.  
- A “hard screen” is a basketball term — it refers to setting a solid pick to free up a teammate.  
- A baseball player setting a basketball-style screen in a baseball game doesn’t make sense.  

Therefore, the sentence is not plausible.  

Final answer: no",no,no,True,yes_no,,cot_fs,sports_understanding,1
27,"Is the following sentence plausible? ""Santi Cazorla earned a red card in the Champions League Final.""",yes,"Santi Cazorla was a technically skilled midfielder known for fair play, not for aggressive or reckless behavior that typically leads to red cards. A red card in a Champions League Final is a rare and serious event, usually resulting from violent conduct, serious foul play, or deliberate handball. Given Cazorla’s style and reputation, it is unlikely he would earn a red card in such a high-stakes match.

Final answer: no",no,yes,False,yes_no,,cot_fs,sports_understanding,1
28,"Is the following sentence plausible? ""Robin Lehner launched the desperation heave.""",no,"Robin Lehner is a professional ice hockey goaltender. In hockey, goaltenders typically do not make long passes or shots described as ""desperation heaves,"" which is more common in sports like basketball or football. A goaltender might clear the puck in desperation, but the phrase ""launched the desperation heave"" doesn't align with typical hockey terminology for a goalie's actions.

Final answer: no",no,no,True,yes_no,,cot_fs,sports_understanding,1
29,"Is the following sentence plausible? ""Marvin Jones lost control of the puck.""",no,"Marvin Jones is primarily known as an NFL wide receiver, not a hockey player. In hockey, losing control of the puck is a common occurrence, but it would be implausible for an American football player to be described in that context.

Final answer: no",no,no,True,yes_no,,cot_fs,sports_understanding,1
30,"Is the following sentence plausible? ""T.Y. Hilton drew a flag on the play.""",yes,"T.Y. Hilton is an NFL wide receiver, and ""drew a flag"" refers to causing a penalty in football. This is a plausible scenario in an NFL game.  

Final answer: yes",yes,yes,True,yes_no,,cot_fs,sports_understanding,1
31,"Is the following sentence plausible? ""Caris LeVert scored a reverse layup.""",yes,"Caris LeVert is an NBA basketball player known for his scoring ability, particularly driving to the basket. A reverse layup is a common basketball move used to avoid shot blockers by laying the ball in on the opposite side of the rim. This is a plausible action for a player like LeVert in a game.  

Final answer: yes",yes,yes,True,yes_no,,cot_fs,sports_understanding,1
32,"Is the following sentence plausible? ""Jayson Tatum took a side-step three in the NBA Championship.""",yes,"Jayson Tatum is an NBA player known for using step-back and side-step three-point shots, especially in high-stakes games like the NBA Championship.  
Final answer: yes",yes,yes,True,yes_no,,cot_fs,sports_understanding,1
33,"Is the following sentence plausible? ""Robert Woods converted the first down.""",yes,"Robert Woods is an NFL wide receiver, and ""converted the first down"" is a common football phrase meaning he successfully gained enough yards for a first down. This is a plausible action for a wide receiver.  

Final answer: yes",yes,yes,True,yes_no,,cot_fs,sports_understanding,1
34,"Is the following sentence plausible? ""Jakub Vrana skated backwards.""",yes,"Jakub Vrana is a professional ice hockey player. Skating backwards is a common and fundamental movement in hockey, used by players in various situations such as defending, transitioning, or maintaining positioning. Therefore, it is entirely plausible that Jakub Vrana would skate backwards during a game or practice.

Final answer: yes",yes,yes,True,yes_no,,cot_fs,sports_understanding,1
35,"Is the following sentence plausible? ""Tristan Jarry dunked the ball.""",no,"Tristan Jarry is an ice hockey goaltender for the Pittsburgh Penguins. In hockey, players do not ""dunk"" the ball — they shoot or handle a puck. Dunking is a basketball term. Since Jarry plays hockey, not basketball, this action doesn’t fit his sport or role.  

Final answer: no",no,no,True,yes_no,,cot_fs,sports_understanding,1
36,"Is the following sentence plausible? ""George Springer committed a blocking foul.""",no,"George Springer is a baseball player, primarily an outfielder. In baseball, ""blocking foul"" isn't a standard term — it sounds more like a basketball or football penalty. Baseball has interference or obstruction calls, but not ""blocking foul.""  

Final answer: no",no,no,True,yes_no,,cot_fs,sports_understanding,1
37,"Is the following sentence plausible? ""Tyler Glasnow scored a penalty kick.""",no,"Tyler Glasnow is a professional baseball pitcher. Penalty kicks are associated with soccer/football, not baseball. A baseball player would not take a penalty kick in a sporting context.

Final answer: no",no,no,True,yes_no,,cot_fs,sports_understanding,1
38,"Is the following sentence plausible? ""Klaas Jan Huntelaar shot the puck.""",no,"Klaas Jan Huntelaar is a professional footballer (soccer player), known for playing in leagues like the Eredivisie and Bundesliga.  
""Shot the puck"" is an action associated with ice hockey, not soccer.  
Since Huntelaar is not known to be an ice hockey player, this sentence is not plausible.  

Final answer: no",no,no,True,yes_no,,cot_fs,sports_understanding,1
39,"Is the following sentence plausible? ""Anthony Davis beat the buzzer.""",yes,"""Anthony Davis"" is an NBA basketball player known for hitting game-winning shots. ""Beat the buzzer"" is a common basketball phrase for scoring just before the game clock expires. This combination is realistic in an NBA context.  

Final answer: yes",yes,yes,True,yes_no,,cot_fs,sports_understanding,1
40,"Is the following sentence plausible? ""Norman Powell committed a blocking foul.""",yes,"Norman Powell is an NBA basketball player, and ""blocking foul"" is a common infraction in basketball.  
Therefore, the sentence describes a realistic basketball scenario.  

Final answer: yes",yes,yes,True,yes_no,,cot_fs,sports_understanding,1
41,"Is the following sentence plausible? ""Aleksander Barkov bricked the three pointer.""",no,"Let's break this down:

- Aleksander Barkov is a professional ice hockey player (captain of the Florida Panthers in the NHL).  
- ""Bricked the three pointer"" is a basketball term — ""bricked"" means a badly missed shot, and a ""three pointer"" is a shot taken beyond the three-point line in basketball.  
- It would be unusual for a hockey player to be taking a three-pointer in a basketball sense, unless in a non-competitive or metaphorical context, but the phrasing suggests a literal game situation.  
- Since Barkov is not known as a basketball player, the sentence is not plausible in a typical sports reporting context.  

Final answer: no",no,no,True,yes_no,,cot_fs,sports_understanding,1
42,"Is the following sentence plausible? ""Juan Soto took ball four.""",yes,"""Juan Soto"" is a baseball player, and ""ball four"" refers to a fourth ball in an at-bat, which results in a walk. This is a common and plausible event in baseball.  

Final answer: yes",yes,yes,True,yes_no,,cot_fs,sports_understanding,1
43,"Is the following sentence plausible? ""Evander Kane hit the slant pass in the AFC divisional round.""",no,"Let’s break this down:  

- **Evander Kane** is a professional ice hockey player (NHL).  
- **“Slant pass”** is a term used in American football, not ice hockey.  
- **“AFC divisional round”** refers to the NFL playoffs, not NHL.  

So, a hockey player performing a football-specific action in a football playoff game is not plausible.  

Final answer: no",no,no,True,yes_no,,cot_fs,sports_understanding,1
44,"Is the following sentence plausible? ""Deshaun Watson was called for the goal tend in the Eastern Conference Finals.""",no,"Let’s break this down:  

- Deshaun Watson is an American football quarterback (NFL).  
- ""Goal tend"" (or goaltending) is a violation in basketball, not football.  
- The ""Eastern Conference Finals"" refers to the NBA playoffs, not the NFL.  

So, the sentence mixes sports, leagues, and terminology incorrectly.  

Final answer: no",no,no,True,yes_no,,cot_fs,sports_understanding,1
45,"Is the following sentence plausible? ""CJ McCollum shot from the six yard line.""",no,"CJ McCollum is a basketball player, and the ""six yard line"" is a term used in soccer (football), not basketball. In basketball, shots are taken from various distances on the court, but not measured in yards in this way. Therefore, this sentence mixes sports terminology incorrectly.

Final answer: no",no,no,True,yes_no,,cot_fs,sports_understanding,1
46,"Is the following sentence plausible? ""Marcell Ozuna scored a touchdown.""",no,"Marcell Ozuna is a professional baseball player (MLB outfielder).  
A touchdown is a scoring play in American football, not baseball.  
Therefore, it is not plausible for a baseball player to score a touchdown in a professional sports context.  

Final answer: no",no,no,True,yes_no,,cot_fs,sports_understanding,1
47,"Is the following sentence plausible? ""Calvin Ridley skated behind the net.""",no,"Calvin Ridley is an American football player (NFL wide receiver), and ""skating behind the net"" is an action associated with ice hockey, not football.  
This sentence mixes sports in an implausible way.  

Final answer: no",no,no,True,yes_no,,cot_fs,sports_understanding,1
48,"Is the following sentence plausible? ""Brandon Woodruff set the hard screen in the Eastern Conference Finals.""",no,"Let's break this down:  

- Brandon Woodruff is a Major League Baseball pitcher (Milwaukee Brewers).  
- ""Setting a hard screen"" is a basketball term, typically referring to a player setting a strong pick to free up a teammate.  
- The ""Eastern Conference Finals"" is an NBA playoff round, not a baseball event.  

Since a baseball player performing a basketball move in a basketball playoff series doesn’t make sense, the sentence is not plausible.  

Final answer: no",no,no,True,yes_no,,cot_fs,sports_understanding,1
49,"Is the following sentence plausible? ""Nazem Kadri was out at home.""",no,"Nazem Kadri is an NHL hockey player, and in hockey, ""out at home"" is not a standard phrase. ""Out"" is used in baseball for a player being retired, while in hockey, a player might be ""stopped on a breakaway"" or ""denied at the net,"" but not ""out at home."" ""Home"" in hockey refers to a team's home arena, not a base like in baseball. Therefore, the phrase doesn't fit hockey terminology.

Final answer: no",no,no,True,yes_no,,cot_fs,sports_understanding,1
50,"Is the following sentence plausible? ""David Pastrnak skated backwards.""",yes,"David Pastrnak is a professional ice hockey player. Skating backwards is a common and fundamental movement in hockey, used by players in various situations such as defending, transitioning, or maintaining puck control. Therefore, it is entirely plausible that he would skate backwards during a game or practice.

Final answer: yes",yes,yes,True,yes_no,,cot_fs,sports_understanding,1
51,"Is the following sentence plausible? ""Elias Lindholm beat the buzzer.""",no,"""Elias Lindholm"" is an NHL hockey player, and ""beat the buzzer"" is a phrase commonly used in basketball for making a shot just before time expires.  
In hockey, the equivalent phrase is ""beat the buzzer"" or ""beat the clock"" for scoring as time runs out in a period.  
Since this phrase can apply to hockey as well, the sentence is plausible.  

Final answer: yes",yes,no,False,yes_no,,cot_fs,sports_understanding,1
52,"Is the following sentence plausible? ""Ryan Fitzpatrick scored a touchdown.""",yes,"Ryan Fitzpatrick is an NFL quarterback, and scoring touchdowns is a common part of football.  
Final answer: yes",yes,yes,True,yes_no,,cot_fs,sports_understanding,1
53,"Is the following sentence plausible? ""Mike Williams scored a bicycle kick in the FA Cup.""",no,"Let’s break this down:  

- **Mike Williams** is a common name, but in a sports context, it could refer to an American football wide receiver (NFL) or possibly a soccer player.  
- **Bicycle kick** is a soccer move, not used in American football.  
- **FA Cup** is a famous English soccer competition.  

If ""Mike Williams"" were a soccer player, scoring a bicycle kick in the FA Cup would be plausible. However, the most famous ""Mike Williams"" in recent sports is the NFL player, and no well-known soccer player by that name has scored a notable bicycle kick in the FA Cup.  
Still, the question asks if the **sentence is plausible**, not if it actually happened. Since a soccer player named Mike Williams could theoretically score a bicycle kick in the FA Cup, the scenario is possible.  

Final answer: yes",no,no,True,yes_no,,cot_fs,sports_understanding,1
54,"Is the following sentence plausible? ""Mitchell Marner nutmegged the defender.""",no,"Mitchell Marner is a professional ice hockey player, and ""nutmegging"" is a soccer term for passing the ball through an opponent's legs. Since hockey involves a puck and sticks rather than soccer-style dribbling, this action doesn't translate plausibly to hockey.  

Final answer: no",no,no,True,yes_no,,cot_fs,sports_understanding,1
55,"Is the following sentence plausible? ""Robert Woods killed the powerplay.""",no,"Let’s break this down.  

- “Robert Woods” is an NFL wide receiver, not a hockey or ice hockey player.  
- “Killed the powerplay” is a hockey term — it means a team successfully defended against an opponent’s power play without allowing a goal.  
- Since Robert Woods is not known for playing hockey, the sentence is not plausible in a real-world sports context.  

Final answer: no",no,no,True,yes_no,,cot_fs,sports_understanding,1
56,"Is the following sentence plausible? ""Petr Cech bricked the three pointer.""",no,"Petr Cech is a professional soccer (football) goalkeeper, known for playing in leagues like the Premier League.  
A ""three pointer"" is a basketball term referring to a shot made from beyond the three-point line.  
Since Petr Cech is not a basketball player, it is not plausible for him to take a three-pointer in a sports context.  

Final answer: no",no,no,True,yes_no,,cot_fs,sports_understanding,1
57,"Is the following sentence plausible? ""Mario Gomez scored a reverse layup.""",no,"Mario Gomez is a professional soccer player, known for playing as a striker. A reverse layup is a basketball move, typically performed in basketball games. Since Mario Gomez is not a basketball player, it is not plausible for him to score a reverse layup in a sports context.

Final answer: no",no,no,True,yes_no,,cot_fs,sports_understanding,1
58,"Is the following sentence plausible? ""Corbin Burnes earned an indirect kick.""",no,"Let's break this down:

- Corbin Burnes is a Major League Baseball pitcher (Milwaukee Brewers).
- An ""indirect kick"" is a term used in soccer/football, not baseball.
- A baseball player earning a soccer term in their sport is not plausible.

Final answer: no",no,no,True,yes_no,,cot_fs,sports_understanding,1
59,"Is the following sentence plausible? ""James Karinchak crossed the blue line.""",no,"Let's break this down:

- James Karinchak is a baseball player (a relief pitcher for the Cleveland Guardians).  
- ""Crossed the blue line"" is a hockey term — it refers to entering the offensive zone in ice hockey.  
- A baseball player performing a hockey action in a baseball context doesn't make sense.  

Therefore, the sentence is not plausible.  

Final answer: no",no,no,True,yes_no,,cot_fs,sports_understanding,1
60,"Is the following sentence plausible? ""Walker Buehler earned a trip to the penalty box.""",no,"Let’s break this down:  

- Walker Buehler is a Major League Baseball pitcher.  
- In baseball, there is no “penalty box” — that term is used in sports like hockey or soccer for temporary punishment.  
- A baseball player would not “earn a trip to the penalty box” in any normal or plausible scenario.  

Therefore, the sentence is not plausible.  

Final answer: no",no,no,True,yes_no,,cot_fs,sports_understanding,1
61,"Is the following sentence plausible? ""Carles Puyol did a maradona on the defender.""",yes,"A ""maradona"" refers to a skillful dribbling move, famously associated with Diego Maradona, typically involving beating a defender with flair. Carles Puyol was a defender known for his physicality, tackling, and leadership, not for dribbling or offensive maneuvers like a ""maradona."" This action does not align with his playing style or reputation.

Final answer: no",no,yes,False,yes_no,,cot_fs,sports_understanding,1
62,"Is the following sentence plausible? ""Marouane Fellaini scored in extra time.""",yes,"Marouane Fellaini was a midfielder known for his aerial ability and physical presence, often scoring headers, particularly in critical moments. He played in competitions like the Premier League and UEFA competitions where extra-time goals occur. Therefore, it is plausible that he scored in extra time.

Final answer: yes",yes,yes,True,yes_no,,cot_fs,sports_understanding,1
63,"Is the following sentence plausible? ""Joao Moutinho was out at third.""",no,"João Moutinho is a professional soccer player, and in soccer there is no ""out at third"" — that is a baseball term referring to a runner being called out at third base.  
Since this mixes terminology from different sports in an implausible way, the sentence is not plausible.  

Final answer: no",no,no,True,yes_no,,cot_fs,sports_understanding,1
64,"Is the following sentence plausible? ""Brandin Cooks went for it on fourth down.""",yes,"Brandin Cooks is an NFL wide receiver, and ""going for it on fourth down"" is a football decision typically made by quarterbacks or coaches, not an action attributed to a specific receiver in common sports phrasing.  

Final answer: no",no,yes,False,yes_no,,cot_fs,sports_understanding,1
65,"Is the following sentence plausible? ""Sergio Busquets got on base.""",no,"Sergio Busquets is a soccer player, and ""got on base"" is a baseball term referring to reaching base safely. Since soccer doesn't use baseball terminology, this sentence is not plausible.  

Final answer: no",no,no,True,yes_no,,cot_fs,sports_understanding,1
66,"Is the following sentence plausible? ""Josh Allen hit the screen pass.""",yes,"Josh Allen is an NFL quarterback known for throwing passes, including screen passes. A screen pass is a common play in football where the quarterback throws a short pass to a receiver behind the line of scrimmage, often behind a ""screen"" of blockers. Since Josh Allen frequently executes such plays in real games, the sentence is plausible.

Final answer: yes",yes,yes,True,yes_no,,cot_fs,sports_understanding,1
67,"Is the following sentence plausible? ""Stephan El Shaarawy shot with the left foot.""",yes,"Stephan El Shaarawy is a professional footballer known for being right-footed, but he is also capable of using his left foot. It is plausible that he could take a shot with his left foot in a match, even if it is not his dominant foot.

Final answer: yes",yes,yes,True,yes_no,,cot_fs,sports_understanding,1
68,"Is the following sentence plausible? ""Aaron Nola converted the first down.""",no,"Aaron Nola is a baseball pitcher, not a football player. ""Converted the first down"" is a football term referring to gaining enough yards for a new set of downs. This action doesn’t apply to baseball or to a pitcher’s role.  

Final answer: no",no,no,True,yes_no,,cot_fs,sports_understanding,1
69,"Is the following sentence plausible? ""Tuukka Rask hit a double.""",no,"Tuukka Rask is a professional ice hockey goaltender. In hockey, goaltenders do not typically ""hit a double,"" which is a term more associated with baseball (a two-base hit) or cricket. A goaltender’s actions involve stopping shots, not batting or hitting in that sense.  
Therefore, the sentence is not plausible in the context of Rask’s sport and role.

Final answer: no",no,no,True,yes_no,,cot_fs,sports_understanding,1
70,"Is the following sentence plausible? ""Jayson Tatum was called for the goal tend.""",yes,"""Goal tend"" is a basketball term referring to a violation where a player interferes with the ball while it's on its downward path toward the basket or while it's on or above the rim. Jayson Tatum is an NBA basketball player, so it's plausible that he could be called for this violation in a game.

Final answer: yes",yes,yes,True,yes_no,,cot_fs,sports_understanding,1
71,"Is the following sentence plausible? ""Joe Burrow caught the back shoulder fade in the Superbowl.""",yes,"Joe Burrow is an NFL quarterback, not a wide receiver. The back shoulder fade is a pass-catching play typically executed by receivers, not quarterbacks. Therefore, it would be implausible for a quarterback to be described as catching such a pass in a game.

Final answer: no",no,yes,False,yes_no,,cot_fs,sports_understanding,1
72,"Is the following sentence plausible? ""Ryan O'Reilly wristed a shot.""",yes,"Ryan O'Reilly is a professional ice hockey player known for his shooting ability. In hockey, ""wristing a shot"" refers to a common and accurate type of shot executed using the wrists. This phrase is standard hockey terminology and fits within the context of Ryan O'Reilly's role as a scorer.

Final answer: yes",yes,yes,True,yes_no,,cot_fs,sports_understanding,1
73,"Is the following sentence plausible? ""Patrice Bergeron converted the first down.""",no,"Patrice Bergeron is an NHL hockey player, while ""first down"" is a term used in American football. Converting a first down would not be an action performed in hockey.  

Final answer: no",no,no,True,yes_no,,cot_fs,sports_understanding,1
74,"Is the following sentence plausible? ""Michael Porter Jr. called for the screen.""",yes,"Michael Porter Jr. is a basketball player, and calling for a screen is a common basketball action where a player signals for a teammate to set a pick. This is a routine part of offensive strategy in basketball.  

Final answer: yes",yes,yes,True,yes_no,,cot_fs,sports_understanding,1
75,"Is the following sentence plausible? ""Mario Balotelli took a left footed shot in the Champions League Final.""",yes,"Mario Balotelli is a professional soccer player who has played in the Champions League. Taking a left-footed shot is a common soccer action, and Balotelli is known to use both feet, though he is right-footed. The Champions League Final is a major competition where such actions occur.  

Final answer: yes",yes,yes,True,yes_no,,cot_fs,sports_understanding,1
76,"Is the following sentence plausible? ""Elias Lindholm took the snap.""",no,"Let's reason through this step by step.  

- ""Elias Lindholm"" is a professional ice hockey player (NHL).  
- ""Taking the snap"" is a phrase used in American football, referring to the quarterback receiving the ball from the center at the start of a play.  
- These two contexts don't match — an NHL player would not be taking a snap in a football game in any plausible scenario.  

Therefore, the sentence is not plausible.  

Final answer: no",no,no,True,yes_no,,cot_fs,sports_understanding,1
77,"Is the following sentence plausible? ""Andrei Svechnikov took ball four.""",no,"""Andrei Svechnikov"" is an NHL hockey player, while ""ball four"" is a baseball term referring to the fourth ball in a count, which results in a walk. Since hockey players do not participate in baseball actions during their professional games, this sentence is not plausible.

Final answer: no",no,no,True,yes_no,,cot_fs,sports_understanding,1
78,"Is the following sentence plausible? ""Pierre-Luc Dubois skated backwards.""",yes,"Pierre-Luc Dubois is a professional ice hockey player. Skating backwards is a common and necessary movement in hockey, especially for defensemen or forwards tracking back on defense. Therefore, this action is entirely plausible in a hockey context.

Final answer: yes",yes,yes,True,yes_no,,cot_fs,sports_understanding,1
79,"Is the following sentence plausible? ""Nerlens Noel was out at home.""",no,"The phrase ""out at home"" is used in baseball to describe a runner being tagged out at home plate.  
Nerlens Noel is a professional basketball player, not a baseball player, so this scenario would not occur in his sport.  

Final answer: no",no,no,True,yes_no,,cot_fs,sports_understanding,1
80,"Is the following sentence plausible? ""Tom Brady was safe at first.""",no,"Tom Brady is primarily known as an American football quarterback, not a baseball player. The phrase ""safe at first"" is used in baseball when a runner reaches first base without being tagged out. Since Brady doesn't play baseball professionally, this scenario is implausible in a professional sports context.

Final answer: no",no,no,True,yes_no,,cot_fs,sports_understanding,1
81,"Is the following sentence plausible? ""Juan Mata scored a bicycle kick in the Champions League Final.""",yes,"Juan Mata is a professional soccer player known for technical skill, and bicycle kicks are spectacular but rare goals that can occur in important matches like the Champions League Final.  
Final answer: yes",yes,yes,True,yes_no,,cot_fs,sports_understanding,1
82,"Is the following sentence plausible? ""Nazem Kadri took a charge in the NBA Championship.""",no,"Nazem Kadri is a professional ice hockey player in the NHL, not a basketball player in the NBA. Taking a charge is a basketball-specific action, not something that occurs in hockey. The NBA Championship is a basketball event, so it would not involve an NHL player.  

Final answer: no",no,no,True,yes_no,,cot_fs,sports_understanding,1
83,"Is the following sentence plausible? ""Clint Capela got into the endzone.""",no,"Clint Capela is an NBA basketball player, while ""getting into the endzone"" is terminology used in American football.  
Since basketball players don't participate in football plays during professional games, this sentence is not plausible.  

Final answer: no",no,no,True,yes_no,,cot_fs,sports_understanding,1
84,"Is the following sentence plausible? ""LaMelo Ball launched the half court shot in the Western Conference Finals.""",yes,"LaMelo Ball is an NBA player, and the Western Conference Finals are part of the NBA playoffs.  
Taking a half-court shot is a plausible basketball action in a playoff game.  

Final answer: yes",yes,yes,True,yes_no,,cot_fs,sports_understanding,1
85,"Is the following sentence plausible? ""Steven Stamkos hit the slant pass.""",no,"Steven Stamkos is a professional ice hockey player known for scoring goals, not for throwing passes typically described with football terminology like ""slant pass."" A slant pass is a term used in American football, not in hockey. Therefore, this sentence mixes sports in a way that doesn't align with Stamkos's role or the sport he plays.

Final answer: no",no,no,True,yes_no,,cot_fs,sports_understanding,1
86,"Is the following sentence plausible? ""A.J. Green scored in the third period.""",no,"A.J. Green is an NFL wide receiver, and American football games are divided into quarters, not periods. ""Third period"" is terminology used in hockey, not football.  

Final answer: no",no,no,True,yes_no,,cot_fs,sports_understanding,1
87,"Is the following sentence plausible? ""Jonathan Marchessault scored on the power play in the Stanley Cup.""",yes,"Jonathan Marchessault is a professional ice hockey player, and scoring on the power play is a common occurrence in hockey. The Stanley Cup is the championship trophy of the National Hockey League (NHL), so it is plausible for a player to score on the power play during a Stanley Cup game.  

Final answer: yes",yes,yes,True,yes_no,,cot_fs,sports_understanding,1
88,"Is the following sentence plausible? ""Kevin Durant hit a walkoff homer.""",no,"Kevin Durant is a professional basketball player, not a baseball player. A ""walkoff homer"" is a baseball term referring to a game-ending home run. Since Durant plays basketball, it would not be plausible for him to hit a walkoff homer in a professional sports context.  

Final answer: no",no,no,True,yes_no,,cot_fs,sports_understanding,1
89,"Is the following sentence plausible? ""Travis Konecny did a maradona on the defender.""",no,"A ""maradona"" refers to a specific soccer move (the Maradona turn), named after the famous soccer player Diego Maradona.  
Travis Konecny is an ice hockey player in the NHL, not a soccer player.  
It would be implausible for a hockey player to perform a soccer-specific move in a hockey context.  

Final answer: no",no,no,True,yes_no,,cot_fs,sports_understanding,1
90,"Is the following sentence plausible? ""De'Aaron Fox scored a bicycle kick.""",no,"A bicycle kick is a soccer move, while De'Aaron Fox is a basketball player. In basketball, scoring with a bicycle kick isn't a recognized or plausible action.  

Final answer: no",no,no,True,yes_no,,cot_fs,sports_understanding,1
91,"Is the following sentence plausible? ""Gabriel Landeskog launched the desperation heave.""",no,"Gabriel Landeskog is an NHL hockey player, and a ""desperation heave"" typically refers to a long, last-second shot in basketball.  
Since hockey doesn’t use this basketball-specific term, the sentence is not plausible in a sports context.  

Final answer: no",no,no,True,yes_no,,cot_fs,sports_understanding,1
92,"Is the following sentence plausible? ""Carlos Tevez skated backwards.""",no,"Carlos Tevez is a professional soccer player, not an ice hockey player or figure skater. ""Skating backwards"" is an action associated with ice skating, not soccer. Therefore, this sentence is not plausible in the context of his known sports career.

Final answer: no",no,no,True,yes_no,,cot_fs,sports_understanding,1
93,"Is the following sentence plausible? ""Andres Iniesta performed a give and go.""",yes,"A ""give and go"" is a common basketball and soccer tactic where a player passes to a teammate and immediately moves to receive a return pass.  
Andres Iniesta was a soccer midfielder known for quick passing and movement, so performing a give and go fits his style and the sport.  

Final answer: yes",yes,yes,True,yes_no,,cot_fs,sports_understanding,1
94,"Is the following sentence plausible? ""Malcolm Brogdon eurostepped to the basket in the NBA Championship.""",yes,"A euro step is a common basketball move used to evade defenders while driving to the basket.  
Malcolm Brogdon is an NBA player who could reasonably use this move in a game.  
The NBA Championship is the highest level of professional basketball, where such moves are frequently employed.  

Final answer: yes",yes,yes,True,yes_no,,cot_fs,sports_understanding,1
95,"Is the following sentence plausible? ""Sergio Aguero maradona'd the defender.""",yes,"Sergio Aguero is a soccer player, and ""maradona'd"" refers to performing a move like Diego Maradona's famous dribbling or skill, such as the ""Maradona turn."" This action is plausible in a soccer context.  

Final answer: yes",yes,yes,True,yes_no,,cot_fs,sports_understanding,1
96,"Is the following sentence plausible? ""Deshaun Watson was flagged on the play.""",yes,"Deshaun Watson is an NFL quarterback, and quarterbacks can be penalized for various infractions such as intentional grounding, delay of game, or illegal forward passes. Being ""flagged on the play"" means receiving a penalty, which is plausible for a quarterback during a game.  

Final answer: yes",yes,yes,True,yes_no,,cot_fs,sports_understanding,1
97,"Is the following sentence plausible? ""Chris Godwin crossed the blue line in the Stanley Cup.""",no,"Let's break this down:  

- **Chris Godwin** is an NFL wide receiver (American football).  
- **""Crossed the blue line""** is a hockey phrase — it refers to entering the offensive zone in ice hockey.  
- **""Stanley Cup""** is the championship trophy/tournament in the NHL (hockey).  

Since Chris Godwin is a football player, not a hockey player, it is not plausible for him to be crossing the blue line in a Stanley Cup game.  

Final answer: no",no,no,True,yes_no,,cot_fs,sports_understanding,1
98,"Is the following sentence plausible? ""Pepe converted the first down.""",no,"Let’s break this down:  

- “Pepe” is a common name in soccer (e.g., Portuguese defender Pepe) and also appears in other sports contexts.  
- “Converted the first down” is a phrase from American football — it means successfully gaining enough yards to achieve a new set of downs, usually on a third or fourth down attempt.  
- In American football, a player with the name “Pepe” is unusual but not impossible (e.g., there have been NFL players named Pepe Pearson).  
- However, “Pepe” is strongly associated with soccer in most international contexts, so pairing “Pepe” with an American football action feels mismatched and unlikely in a real sports report.  

Thus, the sentence is **not plausible** in typical sports reporting.  

Final answer: no",no,no,True,yes_no,,cot_fs,sports_understanding,1
99,"Is the following sentence plausible? ""Kenta Maeda threw to first base in the American League Championship Series.""",yes,"Kenta Maeda is a pitcher in Major League Baseball. In baseball, pitchers throw to first base to hold runners or attempt pickoffs. The American League Championship Series is a real MLB postseason event. Therefore, this action is plausible in that context.

Final answer: yes",yes,yes,True,yes_no,,cot_fs,sports_understanding,1
100,"Is the following sentence plausible? ""Ketel Marte got into the endzone.""",no,"Ketel Marte is a baseball player (second baseman/outfielder for the Arizona Diamondbacks).  
The ""endzone"" is a term used in American football, not baseball.  
A baseball player would not be described as getting into the endzone in a plausible sports context.  

Final answer: no",no,no,True,yes_no,,cot_fs,sports_understanding,1
101,"Is the following sentence plausible? ""T.Y. Hilton threw a touchdown in the AFC divisional round.""",yes,"T.Y. Hilton is primarily known as a wide receiver in the NFL, not as a quarterback. While it's possible for a non-quarterback to throw a touchdown on a trick play, such events are rare, especially in high-stakes playoff games like the AFC divisional round. Given his role and typical gameplay, it is unlikely that he would be the one throwing a touchdown pass in such a significant game.

Final answer: no",no,yes,False,yes_no,,cot_fs,sports_understanding,1
102,"Is the following sentence plausible? ""John Carlson entered the attacking zone in the Stanley Cup.""",yes,"John Carlson is a defenseman in the NHL, and entering the attacking zone is a common part of hockey, especially during a major event like the Stanley Cup.  
Final answer: yes",yes,yes,True,yes_no,,cot_fs,sports_understanding,1
103,"Is the following sentence plausible? ""Tyreek Hill caught the screen pass.""",yes,"Tyreek Hill is a wide receiver in American football, known for his speed and receiving ability. A screen pass is a common play in football where the quarterback throws a short pass to a receiver behind the line of scrimmage, often with blockers set up ahead. This is a routine and plausible action for a player like Tyreek Hill.  

Final answer: yes",yes,yes,True,yes_no,,cot_fs,sports_understanding,1
104,"Is the following sentence plausible? ""Fred VanVleet passed the puck.""",no,"Fred VanVleet is a professional basketball player, not an ice hockey player. Passing a puck is an action associated with hockey, not basketball. Therefore, this sentence is not plausible.

Final answer: no",no,no,True,yes_no,,cot_fs,sports_understanding,1
105,"Is the following sentence plausible? ""Luke Voit was out at first.""",yes,"Luke Voit is a baseball player, primarily a first baseman and designated hitter. In baseball, being ""out at first"" is a common occurrence for batters when the defense successfully fields the ball and throws it to first base before the batter reaches the base. This is a routine part of the game and could happen to any player, including Luke Voit.  

Final answer: yes",yes,yes,True,yes_no,,cot_fs,sports_understanding,1
106,"Is the following sentence plausible? ""Jayson Tatum nutmegged the defender.""",no,"Jayson Tatum is a basketball player, and ""nutmegging"" refers to a soccer move where a player kicks the ball through an opponent's legs. Since Tatum plays basketball, not soccer, this action would not occur in his sport.  

Final answer: no",no,no,True,yes_no,,cot_fs,sports_understanding,1
107,"Is the following sentence plausible? ""DeVante Parker was called for icing.""",no,"""Icing"" is a term used in ice hockey to describe a violation where a player shoots the puck from behind the center line across the opposing team's goal line without it being touched. DeVante Parker is an American football wide receiver, and icing is not a penalty or term used in football. Therefore, the sentence doesn't make sense in the context of Parker's sport.

Final answer: no",no,no,True,yes_no,,cot_fs,sports_understanding,1
108,"Is the following sentence plausible? ""Pete Alonso hit a triple in the World Series.""",yes,"Pete Alonso is a baseball player known for hitting home runs, and a ""triple"" is a valid baseball hit. The World Series is the championship series of Major League Baseball, so this scenario is plausible.  

Final answer: yes",yes,yes,True,yes_no,,cot_fs,sports_understanding,1
109,"Is the following sentence plausible? ""Philip Rivers launched a hail mary.""",yes,"Philip Rivers was an NFL quarterback known for his strong arm and aggressive passing style, particularly in late-game situations. A ""hail mary"" is a long, desperate pass thrown into the end zone, typically at the end of a half or game when trailing. This is a common and plausible scenario in American football.  

Final answer: yes",yes,yes,True,yes_no,,cot_fs,sports_understanding,1
110,"Is the following sentence plausible? ""Emmanuel Sanders got a base hit.""",no,"Emmanuel Sanders is primarily known as an NFL wide receiver, not a baseball player. A ""base hit"" is a baseball term, so it would be unusual for a football player to be described this way in a typical sports context.  

Final answer: no",no,no,True,yes_no,,cot_fs,sports_understanding,1
111,"Is the following sentence plausible? ""Vincent Kompany comitted a three second violation.""",no,"Let’s reason through this.  

Vincent Kompany is a former professional soccer (football) player, known for playing center-back for Manchester City and the Belgian national team.  
A ""three-second violation"" is a rule in basketball, not soccer, and refers to an offensive player staying in the key for more than three seconds.  
Since Kompany played soccer, not basketball, it would be implausible for him to commit a three-second violation in a real match context.  

Final answer: no",no,no,True,yes_no,,cot_fs,sports_understanding,1
112,"Is the following sentence plausible? ""Willian killed the powerplay.""",no,"""Killed the powerplay"" is a phrase used in ice hockey to describe successfully defending against an opponent's powerplay (when they have a numerical advantage due to a penalty). Willian is a soccer player, not an ice hockey player, so this terminology doesn't fit his sport.

Final answer: no",no,no,True,yes_no,,cot_fs,sports_understanding,1
113,"Is the following sentence plausible? ""Brandon Lowe took a left footed shot.""",no,"Brandon Lowe is a baseball player, and baseball involves hitting with a bat, not kicking with feet. A ""left footed shot"" would typically refer to a kicking action in sports like soccer, not a baseball swing.  

Final answer: no",no,no,True,yes_no,,cot_fs,sports_understanding,1
114,"Is the following sentence plausible? ""Justin Herbert maradona'd the defender.""",no,"Let’s break this down.  

- “Maradona” in a soccer context refers to the “Maradona turn” — a dribbling move named after Diego Maradona.  
- Justin Herbert is an American football quarterback (NFL).  
- In American football, a quarterback doesn’t typically perform soccer-style dribbling moves against defenders in a way that would be described as “doing a Maradona.”  
- The phrasing “maradona’d the defender” would be out of place in an NFL context.  

Thus, the sentence is not plausible.  

Final answer: no",no,no,True,yes_no,,cot_fs,sports_understanding,1
115,"Is the following sentence plausible? ""Marcelo got on the end of a through ball.""",yes,"Marcelo is a Brazilian professional soccer player known for his attacking abilities as a left-back, often making forward runs. A ""through ball"" is a pass played into space behind the defense for a teammate to run onto, which fits Marcelo's style of play. Therefore, it is plausible for him to get on the end of a through ball in a match.

Final answer: yes",yes,yes,True,yes_no,,cot_fs,sports_understanding,1
116,"Is the following sentence plausible? ""Eden Hazard hit the buzzer beater.""",no,"Eden Hazard is a soccer player, and ""buzzer beater"" is a basketball term referring to a last-second shot.  
Since Hazard is not a basketball player, the phrase doesn't fit his sport.  

Final answer: no",no,no,True,yes_no,,cot_fs,sports_understanding,1
117,"Is the following sentence plausible? ""Connor McDavid threw a touchdown in the NFC divisional round.""",no,"Connor McDavid is a professional ice hockey player (NHL), not a football player.  
The NFC divisional round is part of the NFL (American football) playoffs.  
Throwing a touchdown is an action in football, not hockey.  
Therefore, it is not plausible for an NHL player to perform this action in an NFL playoff game.  

Final answer: no",no,no,True,yes_no,,cot_fs,sports_understanding,1
118,"Is the following sentence plausible? ""Sean Couturier passed the puck in the Stanley Cup.""",yes,"Sean Couturier is an NHL hockey player, and the Stanley Cup is the championship trophy in professional hockey. Passing the puck is a common hockey action.  
Final answer: yes",yes,yes,True,yes_no,,cot_fs,sports_understanding,1
119,"Is the following sentence plausible? ""Kwadwo Asamoah beat the shot clock in the Eastern Conference Finals.""",no,"Kwadwo Asamoah is a soccer player, but the Eastern Conference Finals and the shot clock are basketball terms.  
Since soccer doesn't use a shot clock and the Eastern Conference Finals are part of the NBA, this sentence mixes incompatible sports contexts.  

Final answer: no",no,no,True,yes_no,,cot_fs,sports_understanding,1
120,"Is the following sentence plausible? ""Draymond Green threw a touchdown.""",no,"Draymond Green is an NBA basketball player, not an NFL football player. Throwing a touchdown is an action specific to American football, not basketball. Therefore, it is not plausible for a basketball player to perform this action in a typical sports context.

Final answer: no",no,no,True,yes_no,,cot_fs,sports_understanding,1
121,"Is the following sentence plausible? ""Joe Burrow gained five yards.""",yes,"Joe Burrow is an NFL quarterback, and gaining five yards is a common and plausible outcome in American football, whether through a pass completion or a quarterback run.  

Final answer: yes",yes,yes,True,yes_no,,cot_fs,sports_understanding,1
122,"Is the following sentence plausible? ""Drew Brees went for it on fourth down.""",yes,"Drew Brees was an NFL quarterback, and going for it on fourth down is a common strategic decision in American football, especially for offenses led by star quarterbacks.  

Final answer: yes",yes,yes,True,yes_no,,cot_fs,sports_understanding,1
123,"Is the following sentence plausible? ""Sean Couturier maradona'd the defender.""",no,"A ""maradona"" refers to performing a skillful dribbling move, typically in soccer, named after Diego Maradona. Sean Couturier is an ice hockey player, not a soccer player, so this action wouldn't apply to him in a plausible context.  

Final answer: no",no,no,True,yes_no,,cot_fs,sports_understanding,1
124,"Is the following sentence plausible? ""Julian Edelman fumbled the ball.""",yes,"Julian Edelman is an American football player, and fumbling the ball is a common occurrence in that sport.  

Final answer: yes",yes,yes,True,yes_no,,cot_fs,sports_understanding,1
125,"Is the following sentence plausible? ""Darius Slayton ran out of bounds in the AFC championship.""",yes,"Darius Slayton is an NFL wide receiver. The AFC championship is an NFL playoff game. Wide receivers commonly run routes near the sideline, and running out of bounds is a normal part of gameplay.  

Final answer: yes",yes,yes,True,yes_no,,cot_fs,sports_understanding,1
126,"Is the following sentence plausible? ""Philip Rivers drove into the restricted area.""",no,"Philip Rivers was an NFL quarterback, and ""drove into the restricted area"" sounds like basketball terminology (the restricted area is the semicircle under the basket in the NBA).  
Since Rivers played American football, not basketball, this phrase doesn’t fit his sport.  

Final answer: no",no,no,True,yes_no,,cot_fs,sports_understanding,1
127,"Is the following sentence plausible? ""Gleyber Torres got a base hit.""",yes,"Gleyber Torres is a professional baseball player, and a ""base hit"" is a common baseball term for a batted ball that allows the batter to reach base safely without an error or fielder's choice.  
Therefore, the sentence describes a typical baseball event involving a known MLB player.  

Final answer: yes",yes,yes,True,yes_no,,cot_fs,sports_understanding,1
128,"Is the following sentence plausible? ""Carson Wentz took to the ice.""",no,"Carson Wentz is an American football quarterback, primarily associated with the NFL. ""Taking to the ice"" typically refers to playing ice hockey or participating in an ice-related sport. Since Wentz is not known for playing hockey, this scenario is not plausible for him.

Final answer: no",no,no,True,yes_no,,cot_fs,sports_understanding,1
129,"Is the following sentence plausible? ""Arjen Robben crossed the blue line in the Stanley Cup.""",no,"Let's break this down:  

- Arjen Robben is a famous soccer (football) player, known for playing for clubs like Bayern Munich and the Netherlands national team.  
- ""Crossed the blue line"" is a hockey term — in ice hockey, the blue lines divide the rink into zones (offside rules).  
- The Stanley Cup is the championship trophy of the National Hockey League (NHL), not a soccer competition.  

Since Arjen Robben is a soccer player and the Stanley Cup is ice hockey, it is not plausible for him to be crossing the blue line in the Stanley Cup.  

Final answer: no",no,no,True,yes_no,,cot_fs,sports_understanding,1
130,"Is the following sentence plausible? ""Drew Brees was flagged on the play.""",yes,"Drew Brees was an NFL quarterback, and quarterbacks can commit penalties such as intentional grounding, delay of game, or illegal forward passes. Being ""flagged on the play"" means a penalty was called on him, which is plausible in a football context.  

Final answer: yes",yes,yes,True,yes_no,,cot_fs,sports_understanding,1
131,"Is the following sentence plausible? ""Khyri Thomas  changed direction in the backfield in the NFC championship.""",no,"Let’s break this down:  

- **Khyri Thomas** is a basketball player (NBA).  
- **NFC Championship** is an American football event (NFL).  
- The phrase “changed direction in the backfield” refers to a football action, typically by a quarterback or running back.  

Since Khyri Thomas is not an NFL player, it’s not plausible for him to be performing actions in an NFL championship game.  

Final answer: no",no,no,True,yes_no,,cot_fs,sports_understanding,1
132,"Is the following sentence plausible? ""Francisco Lindor walked on ball four.""",yes,"In baseball, ""ball four"" results in a walk, meaning the batter is awarded first base. Francisco Lindor is a professional baseball player, so this is a standard baseball scenario.  

Final answer: yes",yes,yes,True,yes_no,,cot_fs,sports_understanding,1
133,"Is the following sentence plausible? ""Klaas Jan Huntelaar scored the easy layup.""",no,"Klaas Jan Huntelaar is a professional soccer player, known for scoring goals with his feet or head.  
A ""layup"" is a basketball term referring to a close-range shot made by leaping and laying the ball into the basket.  
Since Huntelaar is not a basketball player and ""layup"" is not used in soccer, the sentence is not plausible.  

Final answer: no",no,no,True,yes_no,,cot_fs,sports_understanding,1
134,"Is the following sentence plausible? ""Jakub Vrana hit a walkoff homer.""",no,"Let’s break this down:  

- **Jakub Vrána** is a professional ice hockey player (NHL).  
- A **walkoff homer** is a baseball term used when a home run ends the game immediately.  
- Hockey players do not hit home runs; they score goals.  

Therefore, the sentence mixes sports and terminology incorrectly.  

Final answer: no",no,no,True,yes_no,,cot_fs,sports_understanding,1
135,"Is the following sentence plausible? ""Marcell Ozuna hit into a double play.""",yes,"Marcell Ozuna is a baseball player, and hitting into a double play is a common baseball event.  
Final answer: yes",yes,yes,True,yes_no,,cot_fs,sports_understanding,1
136,"Is the following sentence plausible? ""Allen Robinson gained five yards.""",yes,"Allen Robinson is an NFL wide receiver, and gaining five yards is a common outcome for a receiver on a pass play or a running play. This is a routine event in football.  

Final answer: yes",yes,yes,True,yes_no,,cot_fs,sports_understanding,1
137,"Is the following sentence plausible? ""Ryan O'Reilly hit the wheel route.""",no,"Ryan O'Reilly is a professional ice hockey player, known for playing in the NHL.  
A ""wheel route"" is a term from American football, referring to a specific pass route run by a receiver.  
Since ice hockey and American football are different sports, it would be implausible for a hockey player to be described performing a football-specific route in a game context.  

Final answer: no",no,no,True,yes_no,,cot_fs,sports_understanding,1
138,"Is the following sentence plausible? ""Mitchell Trubisky caught the screen pass.""",yes,"Mitchell Trubisky is an NFL quarterback, whose primary role is to throw passes, not catch them. While quarterbacks can occasionally catch passes on trick plays, this is rare. A screen pass is typically thrown to a running back or receiver, not a quarterback. Therefore, it is unlikely that Trubisky would be the one catching a screen pass.

Final answer: no",no,yes,False,yes_no,,cot_fs,sports_understanding,1
139,"Is the following sentence plausible? ""Nick Foles lost control of the puck.""",no,"Nick Foles is an American football quarterback, not a hockey player. Losing control of a puck is an action that occurs in ice hockey, not football. Therefore, this sentence is not plausible.  

Final answer: no",no,no,True,yes_no,,cot_fs,sports_understanding,1
140,"Is the following sentence plausible? ""Frederik Andersen crossed the blue line in the Stanley Cup.""",yes,"Frederik Andersen is a professional ice hockey goaltender.  
In ice hockey, the blue line is part of the playing surface used for determining offside, but goaltenders rarely cross it during normal gameplay because they stay in or near their own defensive zone.  
However, in unusual situations (e.g., a delayed penalty, an extra attacker situation, or a goalie being pulled), a goalie could cross the blue line.  
The Stanley Cup is the championship trophy of the NHL, so the scenario is set in a high-stakes game where such an unusual event could plausibly occur.  

Final answer: yes",yes,yes,True,yes_no,,cot_fs,sports_understanding,1
141,"Is the following sentence plausible? ""Aleksander Barkov passed the puck.""",yes,"Aleksander Barkov is a professional ice hockey player, and passing the puck is a fundamental action in ice hockey. Therefore, this sentence describes a routine and plausible event in his sport.

Final answer: yes",yes,yes,True,yes_no,,cot_fs,sports_understanding,1
142,"Is the following sentence plausible? ""Sergio Ramos hit nothing but net.""",no,"Sergio Ramos is a professional soccer player known for scoring goals, particularly with headers. ""Hit nothing but net"" is a phrase typically used in basketball to describe a shot that goes cleanly through the hoop without touching the rim or backboard. In soccer, this phrase isn't commonly used, as scoring is described differently (e.g., ""found the back of the net""). However, it could be plausibly used in a figurative or descriptive sense for a soccer goal, especially since Ramos is a notable goal-scorer.

Final answer: yes",yes,no,False,yes_no,,cot_fs,sports_understanding,1
143,"Is the following sentence plausible? ""Wayne Rooney watched the pitch go by.""",no,"Wayne Rooney is a soccer player, and ""watching the pitch go by"" suggests being a spectator or passenger rather than actively playing. This is unusual for an athlete during a game, but it could happen if he were on the bench, in the stands, or traveling. However, the phrasing is odd in a sports context and doesn’t describe a typical action for a player during competition.  

Final answer: no",no,no,True,yes_no,,cot_fs,sports_understanding,1
144,"Is the following sentence plausible? ""Kwadwo Asamoah was flagged on the play.""",no,"Kwadwo Asamoah is a professional soccer player, and in soccer, a player can be ""flagged"" for an offside offense or another infraction by the assistant referee. This phrasing is plausible in a soccer context.

Final answer: yes",yes,no,False,yes_no,,cot_fs,sports_understanding,1
145,"Is the following sentence plausible? ""Patrice Bergeron took a backhand shot.""",yes,"Patrice Bergeron is a professional hockey player known for his shooting ability. Taking a backhand shot is a common and plausible action in hockey.

Final answer: yes",yes,yes,True,yes_no,,cot_fs,sports_understanding,1
146,"Is the following sentence plausible? ""Luis Robert was out at second.""",yes,"Luis Robert is a baseball player (Chicago White Sox outfielder), and in baseball, players can be called out at bases such as second base.  
Final answer: yes",yes,yes,True,yes_no,,cot_fs,sports_understanding,1
147,"Is the following sentence plausible? ""Kailer Yamamoto performed a slide tackle in the European Cup.""",no,"Let’s break this down:  

- Kailer Yamamoto is an American ice hockey player (NHL).  
- A slide tackle is a move in soccer (football), not ice hockey.  
- The European Cup is a soccer competition, not ice hockey.  

So, it would be implausible for an ice hockey player to perform a soccer move in a soccer tournament.  

Final answer: no",no,no,True,yes_no,,cot_fs,sports_understanding,1
148,"Is the following sentence plausible? ""Trae Young got into the endzone.""",no,"Trae Young is a basketball player, while ""endzone"" is a term used in American football, not basketball. This sentence mixes sports in a way that doesn't make sense.

Final answer: no",no,no,True,yes_no,,cot_fs,sports_understanding,1
149,"Is the following sentence plausible? ""Kailer Yamamoto caught the back shoulder fade.""",no,"Kailer Yamamoto is an NHL hockey player, not an American football player. ""Back shoulder fade"" is a football receiving route, not a hockey play. A hockey player wouldn't be described as catching a football pass in a game context.

Final answer: no",no,no,True,yes_no,,cot_fs,sports_understanding,1
150,"Is the following sentence plausible? ""Ramires scored a header goal.""",yes,"Ramires was a Brazilian midfielder known for his energy and box-to-box play, and while he wasn't primarily a prolific scorer, he did occasionally score goals, including with his head during his career. A header goal is a common occurrence in football, so this is plausible.  

Final answer: yes",yes,yes,True,yes_no,,cot_fs,sports_understanding,1
151,"Is the following sentence plausible? ""Bryce Harper fumbled the ball.""",no,"Bryce Harper is a baseball outfielder, and ""fumbling"" typically refers to mishandling a ball in sports like football or basketball, not baseball. In baseball, the equivalent term would be ""error"" or ""mishandled."" Using ""fumbled"" in this context is not standard and sounds out of place.

Final answer: no",no,no,True,yes_no,,cot_fs,sports_understanding,1
152,"Is the following sentence plausible? ""Bastian Schweinsteiger scored in added time.""",yes,"Bastian Schweinsteiger was a professional soccer player, primarily playing in midfield. Scoring in added time (stoppage time) is a common occurrence in soccer matches. Schweinsteiger scored many goals throughout his career, including in important matches, so it is plausible that he could have scored during added time.

Final answer: yes",yes,yes,True,yes_no,,cot_fs,sports_understanding,1
153,"Is the following sentence plausible? ""Jonas Valanciunas beat the buzzer.""",yes,"Jonas Valanciunas is an NBA basketball player known for his inside scoring and rebounding. ""Beat the buzzer"" refers to making a basket just before the game clock expires, which is a common basketball phrase. Since Valanciunas plays basketball and scoring at the buzzer is a typical basketball event, this is plausible.

Final answer: yes",yes,yes,True,yes_no,,cot_fs,sports_understanding,1
154,"Is the following sentence plausible? ""Tyler Boyd hit the screen pass in the NFC divisional round.""",yes,"Let’s break this down:  

- **Tyler Boyd** is an NFL wide receiver (Cincinnati Bengals).  
- A **screen pass** is a common football play, especially in the NFL.  
- The **NFC divisional round** is part of the NFL playoffs.  

However, Tyler Boyd plays for the Cincinnati Bengals, which are in the **AFC**, not the NFC.  
If he were playing in the **NFC divisional round**, that would mean he was on an NFC team, which he has not been in his NFL career.  

So the scenario is **not plausible** because of the conference mismatch.  

Final answer: no",no,yes,False,yes_no,,cot_fs,sports_understanding,1
155,"Is the following sentence plausible? ""Mitchell Robinson airballed the shot.""",yes,"Mitchell Robinson is an NBA basketball player known for his rebounding and shot-blocking, but he also takes shots near the basket. An ""airball"" refers to a shot that misses the rim and backboard entirely, which is possible for any player attempting a shot, including Robinson.  

Final answer: yes",yes,yes,True,yes_no,,cot_fs,sports_understanding,1
156,"Is the following sentence plausible? ""Wayne Rooney threw a touchdown in the Superbowl.""",no,"Wayne Rooney is a soccer player, not an American football player. The Super Bowl is the championship game of the National Football League (NFL), where touchdowns are scored. A soccer player would not be throwing a touchdown in the Super Bowl.

Final answer: no",no,no,True,yes_no,,cot_fs,sports_understanding,1
157,"Is the following sentence plausible? ""Gerrit Cole committed a handball in the European Cup.""",no,"Let’s break this down:  

- Gerrit Cole is a professional baseball pitcher (MLB).  
- A handball is a violation in soccer (football), not baseball.  
- The European Cup is a soccer competition.  

Since Gerrit Cole is a baseball player, it’s not plausible for him to commit a handball in a soccer tournament like the European Cup.  

Final answer: no",no,no,True,yes_no,,cot_fs,sports_understanding,1
158,"Is the following sentence plausible? ""Yaya Toure scored a freekick.""",yes,"Yaya Touré was known for his powerful and accurate shooting, including from free kicks, particularly during his time at Manchester City where he scored several memorable free-kick goals. Therefore, the statement is plausible.

Final answer: yes",yes,yes,True,yes_no,,cot_fs,sports_understanding,1
159,"Is the following sentence plausible? ""James Karinchak worked a full count.""",yes,"James Karinchak is a baseball pitcher, and ""worked a full count"" is a common baseball phrase meaning the pitcher threw enough pitches to reach a 3–2 count.  
This is plausible in a baseball context.  

Final answer: yes",yes,yes,True,yes_no,,cot_fs,sports_understanding,1
160,"Is the following sentence plausible? ""Frederik Andersen converted the first down.""",no,"Frederik Andersen is an NHL goaltender, while ""first down"" is a football term referring to gaining enough yardage for a new set of downs in American or Canadian football.  
Since these two contexts don't overlap, the sentence is not plausible.  

Final answer: no",no,no,True,yes_no,,cot_fs,sports_understanding,1
161,"Is the following sentence plausible? ""Dougie Hamilton hit the buzzer beater.""",no,"Dougie Hamilton is an NHL defenseman, and ""buzzer beater"" is a basketball term referring to a last-second shot.  
Since hockey doesn't use the term ""buzzer beater"" for last-second goals, this sentence mixes sports terminology in an implausible way.  

Final answer: no",no,no,True,yes_no,,cot_fs,sports_understanding,1
162,"Is the following sentence plausible? ""Juan Mata caught the screen pass.""",no,"Juan Mata is a professional soccer player, not an American football player. In soccer, players do not catch screen passes, which are a type of play in American football. Therefore, the sentence is not plausible.

Final answer: no",no,no,True,yes_no,,cot_fs,sports_understanding,1
163,"Is the following sentence plausible? ""Michael Conforto comitted a three second violation.""",no,"Let's break this down:  

- Michael Conforto is a baseball player (MLB outfielder).  
- A ""three-second violation"" is a basketball rule (NBA/WNBA, etc.), related to staying in the paint too long.  
- Baseball players don't commit basketball violations in their sport.  

So the sentence mixes sports and rules incorrectly, making it implausible.  

Final answer: no",no,no,True,yes_no,,cot_fs,sports_understanding,1
164,"Is the following sentence plausible? ""Mike Trout hit a walkoff homer.""",yes,"Mike Trout is a baseball player, and hitting a walkoff home run is a common and plausible event in baseball.  

Final answer: yes",yes,yes,True,yes_no,,cot_fs,sports_understanding,1
165,"Is the following sentence plausible? ""Delon Wright went for it on fourth down.""",no,"Delon Wright is an NBA basketball player, while ""going for it on fourth down"" is a football (American) concept. This sentence mixes sports in an implausible way.  

Final answer: no",no,no,True,yes_no,,cot_fs,sports_understanding,1
166,"Is the following sentence plausible? ""Keenan Allen drew a flag on the play in the NFC championship.""",yes,"Keenan Allen is an NFL wide receiver who plays for the Los Angeles Chargers.  
The NFC Championship is a playoff game in the NFL, but the Chargers are in the AFC, not the NFC.  
Therefore, Keenan Allen could not have played in the NFC Championship.  

Final answer: no",no,yes,False,yes_no,,cot_fs,sports_understanding,1
167,"Is the following sentence plausible? ""Keenan Allen beat the buzzer in the Western Conference Finals.""",no,"Keenan Allen is an NFL wide receiver, while ""Western Conference Finals"" refers to the NBA playoffs. The phrase ""beat the buzzer"" is typically used in basketball for a last-second shot. Since Keenan Allen doesn't play in the NBA, this scenario isn't plausible.  

Final answer: no",no,no,True,yes_no,,cot_fs,sports_understanding,1
168,"Is the following sentence plausible? ""Santi Cazorla called for the screen.""",no,"Santi Cazorla is a soccer player, and ""calling for a screen"" is a basketball term referring to requesting a pick from a teammate. Since soccer doesn’t use screens in that sense, the sentence is not plausible.  

Final answer: no",no,no,True,yes_no,,cot_fs,sports_understanding,1
169,"Is the following sentence plausible? ""Mookie Betts took a side-step three.""",no,"Mookie Betts is a baseball player (MLB outfielder).  
A ""side-step three"" refers to a basketball move — stepping to the side before shooting a three-pointer.  
Baseball players do not shoot three-pointers in their sport.  

Final answer: no",no,no,True,yes_no,,cot_fs,sports_understanding,1
170,"Is the following sentence plausible? ""Igor Shesterkin launched a hail mary.""",no,"Let's break this down:  

- ""Igor Shesterkin"" is a goaltender in the NHL (ice hockey).  
- ""Hail Mary"" is a term from American football, referring to a very long, desperate pass, usually at the end of a game.  
- In hockey, a goaltender might make a long pass, but it wouldn't be called a ""Hail Mary"" in standard sports terminology — that phrase is strongly tied to football.  
- So, describing Shesterkin ""launching a hail mary"" is not plausible in a real sports reporting context.  

Final answer: no",no,no,True,yes_no,,cot_fs,sports_understanding,1
171,"Is the following sentence plausible? ""Jonas Valanciunas beat the buzzer.""",yes,"Jonas Valanciunas is an NBA basketball player known for his inside scoring and rebounding. ""Beat the buzzer"" refers to making a basket just before the game clock expires, which is a common basketball phrase. Since Valanciunas plays basketball and scoring at the buzzer is a typical basketball event, this is plausible.

Final answer: yes",yes,yes,True,yes_no,,cot_fs,sports_understanding,1
172,"Is the following sentence plausible? ""Tyler Glasnow watched the pitch go by.""",yes,"Let’s break this down.  

- Tyler Glasnow is a professional baseball pitcher.  
- In baseball, a pitcher throws the ball toward the batter.  
- If the sentence says he “watched the pitch go by,” that would mean he was the batter, not the pitcher, during that moment.  
- Pitchers do sometimes bat in certain leagues (like NL before universal DH), so it’s possible for a pitcher to be at bat.  
- Therefore, it is plausible for Glasnow to be batting and watch a pitch go by without swinging.  

Final answer: yes",yes,yes,True,yes_no,,cot_fs,sports_understanding,1
173,"Is the following sentence plausible? ""Jaylen Brown comitted a three second violation.""",yes,"A three-second violation is a basketball rule where an offensive player remains in the key for more than three seconds.  
Jaylen Brown is an NBA basketball player, so this scenario is plausible in a basketball context.  

Final answer: yes",yes,yes,True,yes_no,,cot_fs,sports_understanding,1
174,"Is the following sentence plausible? ""Ryan Tannehill hit a triple.""",no,"Ryan Tannehill is an NFL quarterback, not a baseball player. In baseball, ""hitting a triple"" means hitting a three-base hit, which is not something a football player would do in their professional context.  

Final answer: no",no,no,True,yes_no,,cot_fs,sports_understanding,1
175,"Is the following sentence plausible? ""Freddie Freeman watched the pitch go by.""",yes,"""Freddie Freeman watched the pitch go by"" describes a baseball batter observing a pitch without swinging, which is a common and plausible action in baseball.  

Final answer: yes",yes,yes,True,yes_no,,cot_fs,sports_understanding,1
176,"Is the following sentence plausible? ""Mookie Betts scored on the power play.""",no,"Mookie Betts is a baseball player, and ""power play"" is a term used in hockey and some other sports, but not in baseball. Therefore, it would not be plausible for a baseball player to score on a power play in a baseball context.  

Final answer: no",no,no,True,yes_no,,cot_fs,sports_understanding,1
177,"Is the following sentence plausible? ""Bryce Harper hit the back shoulder fade.""",no,"Bryce Harper is a baseball player, known as an outfielder and hitter. ""Back shoulder fade"" is a basketball term, typically referring to a specific type of jump shot.  
Using a basketball term to describe a baseball action is not plausible in a sports context.  

Final answer: no",no,no,True,yes_no,,cot_fs,sports_understanding,1
178,"Is the following sentence plausible? ""Domantas Sabonis gained five yards in the AFC championship.""",no,"Let’s break this down:  

- Domantas Sabonis is an NBA basketball player.  
- The AFC championship is an American football event (NFL, not basketball).  
- “Gained five yards” is a football phrase, not used in basketball.  

So, an NBA player performing a football action in a football championship is not plausible.  

Final answer: no",no,no,True,yes_no,,cot_fs,sports_understanding,1
179,"Is the following sentence plausible? ""James Harden shot from outside the eighteen.""",no,"James Harden is a basketball player, and ""outside the eighteen"" refers to a soccer term (outside the 18-yard box).  
Since basketball doesn’t use an 18-yard line or box, this phrase doesn’t fit in a basketball context.  

Final answer: no",no,no,True,yes_no,,cot_fs,sports_understanding,1
180,"Is the following sentence plausible? ""David Silva took a throw in.""",yes,"David Silva is a soccer player, and a throw-in is a common soccer action.  
Therefore, it is plausible for a soccer player like David Silva to take a throw-in during a match.  

Final answer: yes",yes,yes,True,yes_no,,cot_fs,sports_understanding,1
181,"Is the following sentence plausible? ""Courtland Sutton hit a triple.""",no,"Courtland Sutton is an American football wide receiver, not a basketball player. In football, players don't ""hit a triple"" — that phrase is used in baseball for a three-base hit or in basketball for a three-point shot.  

Final answer: no",no,no,True,yes_no,,cot_fs,sports_understanding,1
182,"Is the following sentence plausible? ""Deshaun Watson took a corner kick.""",no,"Deshaun Watson is an American football quarterback, not a soccer player.  
Corner kicks are part of soccer, not American football.  
Therefore, it is not plausible for him to take a corner kick.  

Final answer: no",no,no,True,yes_no,,cot_fs,sports_understanding,1
183,"Is the following sentence plausible? ""Cooper Kupp scored in the third period in the Stanley Cup.""",no,"Let’s break this down:  

- Cooper Kupp is an American football wide receiver in the NFL.  
- ""Scored in the third period"" suggests hockey terminology (three periods in hockey, not quarters).  
- The Stanley Cup is the championship trophy in the NHL (hockey).  

Since Cooper Kupp is a football player, not a hockey player, it is not plausible for him to score in a Stanley Cup game.  

Final answer: no",no,no,True,yes_no,,cot_fs,sports_understanding,1
184,"Is the following sentence plausible? ""Robert Lewandowski threw a touchdown.""",no,"Robert Lewandowski is a professional soccer player, not an American football player. Throwing a touchdown is an action specific to American football, not soccer. Therefore, this sentence is not plausible.  

Final answer: no",no,no,True,yes_no,,cot_fs,sports_understanding,1
185,"Is the following sentence plausible? ""Nick Castellanos hit the wheel route.""",no,"A ""wheel route"" is a football term referring to a specific pass pattern where a receiver, often a running back, runs toward the flat before turning upfield along the sideline.  
Nick Castellanos is a baseball player, not a football player, so it wouldn’t make sense for him to run a football route.  

Final answer: no",no,no,True,yes_no,,cot_fs,sports_understanding,1
186,"Is the following sentence plausible? ""Fred VanVleet scored a freekick in the Champions League Final.""",no,"Fred VanVleet is a basketball player (NBA), but the Champions League is a soccer competition. A freekick is a soccer term, not a basketball term. So the sentence mixes sports and contexts incorrectly.  

Final answer: no",no,no,True,yes_no,,cot_fs,sports_understanding,1
187,"Is the following sentence plausible? ""Kawhi Leonard took a turnaround jumper.""",yes,"Kawhi Leonard is an NBA basketball player known for his mid-range shooting, including turnaround jump shots. This is a common basketball move that fits his playing style.

Final answer: yes",yes,yes,True,yes_no,,cot_fs,sports_understanding,1
188,"Is the following sentence plausible? ""Amari Cooper scored a penalty kick.""",no,"Amari Cooper is an American football wide receiver, not a soccer player. Penalty kicks are associated with soccer, not American football.  

Final answer: no",no,no,True,yes_no,,cot_fs,sports_understanding,1
189,"Is the following sentence plausible? ""Jesus Luzardo was called for slashing.""",no,"Let's break this down:

- ""Jesus Luzardo"" is a professional baseball pitcher (MLB).  
- ""Slashing"" is a penalty in ice hockey, not baseball.  
- A baseball player would not be penalized for slashing in a game, as that term applies to hockey.  

Therefore, the sentence is not plausible.  

Final answer: no",no,no,True,yes_no,,cot_fs,sports_understanding,1
190,"Is the following sentence plausible? ""Vincent Kompany scored a bicycle kick.""",yes,"Vincent Kompany was a defender known for his leadership and occasional powerful long-range goals, but bicycle kicks are rare and typically associated with more acrobatic forwards. While not impossible, it is highly improbable that Kompany scored a bicycle kick in a notable match, given his playing style and position.

Final answer: no",no,yes,False,yes_no,,cot_fs,sports_understanding,1
191,"Is the following sentence plausible? ""Petr Cech was safe at first.""",no,"Petr Cech is a famous goalkeeper in soccer, while ""safe at first"" is a baseball term referring to a runner reaching first base safely. Since Cech is a soccer player and not a baseball player, this sentence mixes sports in an implausible way.

Final answer: no",no,no,True,yes_no,,cot_fs,sports_understanding,1
192,"Is the following sentence plausible? ""Caris LeVert scored a reverse dunk.""",yes,"Caris LeVert is an NBA basketball player known for his athleticism and scoring ability. A reverse dunk is a common basketball move where the player dunks the ball while facing away from the basket. This move is well within the skill set of many professional basketball players, including LeVert.  

Final answer: yes",yes,yes,True,yes_no,,cot_fs,sports_understanding,1
193,"Is the following sentence plausible? ""Max Scherzer was safe at first.""",yes,"Max Scherzer is a Major League Baseball pitcher. Pitchers rarely run the bases, as they are typically substituted for pinch runners when they reach base. However, it is possible for a pitcher to reach base safely in certain situations, such as during interleague play in National League parks where pitchers bat, or if they remain in the game after reaching base. Therefore, while uncommon, the statement is plausible.

Final answer: yes",yes,yes,True,yes_no,,cot_fs,sports_understanding,1
194,"Is the following sentence plausible? ""Jordan Binnington scored in the third period.""",yes,"Jordan Binnington is a professional ice hockey goaltender. Goaltenders rarely score goals, but it is possible — especially if they are credited with a goal by being the last player to touch the puck before the opposing team puts it into their own net.  
The phrase ""scored in the third period"" is plausible in ice hockey, and while uncommon, a goalie scoring has happened in NHL history.  

Final answer: yes",yes,yes,True,yes_no,,cot_fs,sports_understanding,1
195,"Is the following sentence plausible? ""Javier Zanetti watched the pitch go by in the National League Championship Series.""",no,"Let’s break this down:  

- Javier Zanetti is a famous Argentine footballer (soccer), known especially for his long career at Inter Milan in Serie A and for playing for the Argentina national team.  
- The ""National League Championship Series"" (NLCS) is part of Major League Baseball (MLB) in the United States, a competition in which Zanetti would have no involvement as a professional soccer player.  
- The phrase ""watched the pitch go by"" is a baseball expression — in baseball, a ""pitch"" is the thrown ball, and ""watched it go by"" means the batter took a pitch without swinging.  
- Since Zanetti is not a baseball player, it’s not plausible for him to be batting in the NLCS.  

Final answer: no",no,no,True,yes_no,,cot_fs,sports_understanding,1
196,"Is the following sentence plausible? ""Didier Drogba got into the endzone.""",no,"Let's break this down:

- Didier Drogba is a famous soccer (football) player, known for playing for Chelsea and the Ivory Coast.  
- The ""endzone"" is a term used in American football, not soccer.  
- Soccer does not have an ""endzone""; it has goals, penalty areas, etc.  
- So a soccer player ""getting into the endzone"" doesn’t make sense in a real match context.  

Final answer: no",no,no,True,yes_no,,cot_fs,sports_understanding,1
197,"Is the following sentence plausible? ""Sterling Shepard hit a walkoff homer.""",no,"Sterling Shepard is an NFL wide receiver, not a baseball player. A ""walkoff homer"" is a baseball term referring to a game-ending home run. Since Shepard plays football, not baseball, this action doesn't align with his sport.  

Final answer: no",no,no,True,yes_no,,cot_fs,sports_understanding,1
198,"Is the following sentence plausible? ""Jack Flaherty walked to first base in the National League Championship Series.""",yes,"Jack Flaherty is a baseball pitcher. Pitchers do not typically walk to first base since they are primarily focused on pitching rather than batting, especially in the National League where pitchers historically bat. However, in certain situations (such as a bases-loaded walk or if they are used as a pinch hitter), it could happen, but it is extremely rare and not a common occurrence. Given the context, this scenario is highly unlikely.  

Final answer: no",no,yes,False,yes_no,,cot_fs,sports_understanding,1
199,"Is the following sentence plausible? ""Sonny Gray was out at second.""",yes,"Sonny Gray is a baseball pitcher. Pitchers typically do not run the bases, so it would be unusual for a pitcher to be tagged out at second base.  

Final answer: no",no,yes,False,yes_no,,cot_fs,sports_understanding,1
200,"Is the following sentence plausible? ""Matthew Stafford launched a hail mary.""",yes,"Matthew Stafford is an NFL quarterback known for his strong arm and clutch passing plays. A ""hail mary"" is a long, desperate pass thrown at the end of a half or game in hopes of scoring a touchdown, which is a common and plausible scenario in American football.  

Final answer: yes",yes,yes,True,yes_no,,cot_fs,sports_understanding,1
201,"Is the following sentence plausible? ""Gleyber Torres scored a bicycle kick.""",no,"Gleyber Torres is a baseball player, and a bicycle kick is a soccer move.  
A baseball player scoring a bicycle kick in a baseball context doesn’t make sense.  

Final answer: no",no,no,True,yes_no,,cot_fs,sports_understanding,1
202,"Is the following sentence plausible? ""Thomas Muller hit a triple.""",no,"Thomas Müller is a professional soccer player, and in soccer, ""hitting a triple"" is not a typical phrase — it's more associated with baseball (three-base hit) or basketball (three-pointer).  
In soccer, you might say he scored a hat-trick, not ""hit a triple.""  
Thus, the sentence is not plausible in a soccer context.  

Final answer: no",no,no,True,yes_no,,cot_fs,sports_understanding,1
203,"Is the following sentence plausible? ""Neymar took a backhand shot in the Stanley Cup.""",no,"Let’s break this down:  

- Neymar is a soccer player.  
- A backhand shot is a hockey term, used in ice hockey.  
- The Stanley Cup is the championship trophy in the National Hockey League (NHL).  

It would be highly unusual for a professional soccer player to take a backhand shot in the Stanley Cup, as that would require him to be playing in an NHL playoff game, which is implausible given his sport and career.  

Final answer: no",no,no,True,yes_no,,cot_fs,sports_understanding,1
204,"Is the following sentence plausible? ""Ryan Nugent-Hopkins killed the powerplay.""",yes,"Ryan Nugent-Hopkins is a professional ice hockey player, and ""killing the powerplay"" refers to successfully defending while a team is short-handed due to a penalty. This is a plausible action for a hockey player in a game context.

Final answer: yes",yes,yes,True,yes_no,,cot_fs,sports_understanding,1
205,"Is the following sentence plausible? ""Mark Stone hit a triple.""",no,"Mark Stone is an NHL hockey player, and in hockey, a ""triple"" isn't a standard term for a scoring play. In baseball, a ""triple"" is a common term for a three-base hit, but Mark Stone doesn't play baseball.  
Thus, the sentence is not plausible in the context of his sport.  

Final answer: no",no,no,True,yes_no,,cot_fs,sports_understanding,1
206,"Is the following sentence plausible? ""Teuvo Teravainen shot the puck.""",yes,"Teuvo Teravainen is a professional ice hockey player. Shooting the puck is a common and fundamental action in ice hockey.  

Final answer: yes",yes,yes,True,yes_no,,cot_fs,sports_understanding,1
207,"Is the following sentence plausible? ""Tom Brady converted the first down.""",yes,"Tom Brady is an American football quarterback, and converting a first down is a common and fundamental part of American football.  
Final answer: yes",yes,yes,True,yes_no,,cot_fs,sports_understanding,1
208,"Is the following sentence plausible? ""Timo Meier nutmegged the defender in the FA Cup.""",no,"Timo Meier is a professional hockey player, while ""nutmegged"" is a soccer term for passing the ball through an opponent's legs, and the FA Cup is a soccer competition. Since Meier plays hockey, not soccer, this scenario is not plausible.

Final answer: no",no,no,True,yes_no,,cot_fs,sports_understanding,1
209,"Is the following sentence plausible? ""Jonathan Marchessault went five hole.""",yes,"""Jonathan Marchessault"" is an NHL hockey player, and ""five hole"" is a hockey term referring to scoring between the goaltender's legs. This phrase is commonly used in hockey contexts.  

Final answer: yes",yes,yes,True,yes_no,,cot_fs,sports_understanding,1
210,"Is the following sentence plausible? ""Collin Sexton hit the buzzer beater.""",yes,"Collin Sexton is an NBA player known for scoring ability, and ""buzzer beater"" refers to a last-second shot in basketball.  
This combination is plausible in a basketball context.  

Final answer: yes",yes,yes,True,yes_no,,cot_fs,sports_understanding,1
211,"Is the following sentence plausible? ""Leon Draisaitl grounded out to second base in the National League Championship Series.""",no,"Let’s break this down:  

- Leon Draisaitl is a professional ice hockey player (NHL).  
- “Grounded out to second base” is a baseball term.  
- The “National League Championship Series” is part of Major League Baseball (MLB).  

A hockey player performing a baseball-specific action in a baseball playoff series is not plausible unless there’s a very unusual cross-sport event (which is not the case here).  

Final answer: no",no,no,True,yes_no,,cot_fs,sports_understanding,1
212,"Is the following sentence plausible? ""John Brown went for it on fourth down in the NFC championship.""",yes,"Let's break this down:  

- ""John Brown"" is a name that could belong to an NFL player (there have been several, including a wide receiver).  
- ""Went for it on fourth down"" refers to an American football decision, typically made by a coach or quarterback.  
- ""NFC championship"" is a real NFL playoff game.  

The sentence is plausible because a player could be described as being part of a team that went for it on fourth down in that game.  

Final answer: yes",yes,yes,True,yes_no,,cot_fs,sports_understanding,1
213,"Is the following sentence plausible? ""Adam Thielen got on base.""",no,"""Adam Thielen"" is an NFL wide receiver, not a baseball player. In baseball, ""got on base"" refers to reaching base safely via a hit, walk, etc. Since Thielen plays football, this phrase doesn't fit his sport.

Final answer: no",no,no,True,yes_no,,cot_fs,sports_understanding,1
214,"Is the following sentence plausible? ""Adam Thielen scored in added time.""",no,"""Adam Thielen"" is an NFL wide receiver, and ""added time"" is a soccer term referring to extra minutes played beyond regulation time, typically in soccer matches. Since scoring in added time would occur in soccer, not American football, the sentence mixes sports contexts in a way that is not plausible.

Final answer: no",no,no,True,yes_no,,cot_fs,sports_understanding,1
215,"Is the following sentence plausible? ""Michael Thomas took the snap.""",yes,"Let's reason through this step by step.  

- ""Michael Thomas"" is a name shared by multiple athletes, notably an NFL wide receiver (New Orleans Saints) and a former NFL safety.  
- ""Took the snap"" is a phrase used in American football, referring to the quarterback receiving the ball from the center at the start of a play.  
- Wide receivers and safeties do not typically take snaps — that’s a quarterback’s role.  
- There is no well-known quarterback named Michael Thomas in the NFL.  
- Therefore, it is not plausible for Michael Thomas to ""take the snap"" in a typical football context.  

Final answer: no",no,yes,False,yes_no,,cot_fs,sports_understanding,1
216,"Is the following sentence plausible? ""Jamison Crowder drew a flag on the play.""",yes,"Jamison Crowder is an NFL wide receiver. Drawing a flag (penalty) on a play is a common occurrence in football, especially for defensive pass interference or other infractions against receivers. This scenario is plausible.

Final answer: yes",yes,yes,True,yes_no,,cot_fs,sports_understanding,1
217,"Is the following sentence plausible? ""Javier Mascherano took a left footed shot.""",yes,"Javier Mascherano was primarily a defensive midfielder or center-back known for his tackling, positioning, and leadership, not for taking shots, especially not with his left foot. He rarely took shots in games and was not known for offensive contributions.  

Final answer: no",no,yes,False,yes_no,,cot_fs,sports_understanding,1
218,"Is the following sentence plausible? ""Nathan MacKinnon bricked the three pointer in the Eastern Conference Finals.""",no,"Let’s break this down:  

- **Nathan MacKinnon** is an NHL (ice hockey) player.  
- **""Bricked the three pointer""** is basketball terminology — ""bricked"" means missed badly, and a ""three pointer"" is a shot from beyond the three-point line in basketball.  
- **""Eastern Conference Finals""** is used in both the NBA and NHL, but in the NHL it’s the final playoff round before the Stanley Cup Finals.  

Putting it together:  
The sentence mixes hockey (Nathan MacKinnon, Eastern Conference Finals in NHL) with basketball (bricking a three-pointer), which doesn’t make sense in a real sports context.  

Therefore, the sentence is **not plausible**.  

Final answer: no",no,no,True,yes_no,,cot_fs,sports_understanding,1
219,"Is the following sentence plausible? ""Josh Allen caught the screen pass.""",yes,"Josh Allen is primarily known as an NFL quarterback, not a receiver. While quarterbacks occasionally catch passes on trick plays, ""catching a screen pass"" is typically an action performed by running backs or wide receivers. Given Josh Allen's usual role, this scenario is unlikely in normal gameplay.

Final answer: no",no,yes,False,yes_no,,cot_fs,sports_understanding,1
220,"Is the following sentence plausible? ""Tom Wilson scored a penalty kick.""",no,"Tom Wilson is primarily known as an ice hockey player (NHL), not a soccer/football player.  
Penalty kicks are associated with soccer, not ice hockey.  
Therefore, it is not plausible for Tom Wilson to score a penalty kick in a typical sports context.  

Final answer: no",no,no,True,yes_no,,cot_fs,sports_understanding,1
221,"Is the following sentence plausible? ""Juan Soto did a double stepover.""",no,"A double stepover is a soccer move involving deceptive footwork, typically used to fake out defenders.  
Juan Soto is a baseball player, not a soccer player, so it would be implausible for him to perform a soccer-specific move in a baseball context.  

Final answer: no",no,no,True,yes_no,,cot_fs,sports_understanding,1
222,"Is the following sentence plausible? ""Brad Hand hit the wheel route.""",no,"Let’s break this down:  

- **Brad Hand** is a baseball relief pitcher, known for playing in MLB.  
- A **wheel route** is a football (American football) term — a pass route run by a receiver, usually a running back or tight end.  
- Baseball players don’t run football routes in their sport.  
- So the sentence mixes sports in an implausible way.  

Final answer: no",no,no,True,yes_no,,cot_fs,sports_understanding,1
223,"Is the following sentence plausible? ""Kenta Maeda caught the screen pass.""",no,"Kenta Maeda is a baseball pitcher, primarily known for his role in MLB. A ""screen pass"" is a football term referring to a type of play in American football. Since Maeda is not a football player, it would be implausible for him to be involved in a football-specific action like catching a screen pass.

Final answer: no",no,no,True,yes_no,,cot_fs,sports_understanding,1
224,"Is the following sentence plausible? ""Mike Hoffman launched the half court shot in the Western Conference Finals.""",no,"Mike Hoffman is an NHL hockey player, not a basketball player. The Western Conference Finals is a term used in the NBA (basketball), not the NHL (hockey). A ""half court shot"" is a basketball play. Therefore, it is not plausible for an NHL player to take a half court shot in the NBA playoffs.  

Final answer: no",no,no,True,yes_no,,cot_fs,sports_understanding,1
225,"Is the following sentence plausible? ""Ben Simmons was called for the goal tend.""",yes,"Let’s break this down:  

- Ben Simmons is a professional basketball player (NBA).  
- ""Goal tend"" (or goaltending) is a violation in basketball where a player interferes with the ball while it is on its way down toward the basket or while it is on or above the rim.  
- This is a plausible event in an NBA game — Ben Simmons could commit a goaltending violation.  

Final answer: yes",yes,yes,True,yes_no,,cot_fs,sports_understanding,1
226,"Is the following sentence plausible? ""Dylan Larkin walked on ball four.""",no,"Let’s break this down.  

- Dylan Larkin is an NHL hockey player.  
- “Walked on ball four” is a baseball term — it refers to a batter receiving four balls in an at-bat, resulting in a walk to first base.  
- Hockey players don’t play baseball professionally, so this phrase doesn’t fit his sport.  

Therefore, the sentence is not plausible.  

Final answer: no",no,no,True,yes_no,,cot_fs,sports_understanding,1
227,"Is the following sentence plausible? ""Mikal Bridges scored a windmill dunk.""",yes,"Mikal Bridges is an NBA basketball player known for his athleticism and dunking ability. A windmill dunk is a common and plausible dunk type in basketball.  

Final answer: yes",yes,yes,True,yes_no,,cot_fs,sports_understanding,1
228,"Is the following sentence plausible? ""Mark Stone spent time in the penalty box in the Stanley Cup.""",yes,"Mark Stone is an NHL hockey player known for his physical play.  
The Stanley Cup is the NHL championship.  
In hockey, players who commit penalties go to the penalty box.  
Therefore, it is plausible that Mark Stone could spend time in the penalty box during a Stanley Cup game.  

Final answer: yes",yes,yes,True,yes_no,,cot_fs,sports_understanding,1
229,"Is the following sentence plausible? ""Mike Williams fumbled the ball in the Superbowl.""",yes,"Mike Williams is a name shared by multiple NFL players, including a wide receiver who played for the Tampa Bay Buccaneers and Buffalo Bills. Fumbles can occur in any football game, including the Super Bowl, and wide receivers can fumble after catching a pass. Therefore, it is plausible that a player named Mike Williams fumbled in a Super Bowl.

Final answer: yes",yes,yes,True,yes_no,,cot_fs,sports_understanding,1
230,"Is the following sentence plausible? ""Mathew Barzal called for the screen.""",no,"Mathew Barzal is an NHL hockey player. In hockey, ""calling for a screen"" means a player asks a teammate to position themselves in front of the opposing goaltender to block their view, which is a common and plausible hockey strategy.

Final answer: yes",yes,no,False,yes_no,,cot_fs,sports_understanding,1
231,"Is the following sentence plausible? ""Kyle Tucker took a left footed shot.""",no,"Kyle Tucker is a baseball player, and baseball players typically hit with bats rather than kicking or taking shots with their feet. A ""left footed shot"" would be more plausible in soccer or hockey, not baseball.  

Final answer: no",no,no,True,yes_no,,cot_fs,sports_understanding,1
232,"Is the following sentence plausible? ""Jamal Murray walked on ball four.""",no,"Let’s break this down.  

- “Jamal Murray” is an NBA basketball player.  
- “Walked on ball four” is a baseball phrase — “ball four” means the fourth ball in a walk, and “walked” means the batter received a base on balls.  
- A basketball player being described in a baseball context in a literal game situation is not plausible, unless it’s a figurative or joking reference, but the sentence as a factual sports event is not plausible.  

Final answer: no",no,no,True,yes_no,,cot_fs,sports_understanding,1
233,"Is the following sentence plausible? ""Stephen Curry scored a reverse layup.""",yes,"Stephen Curry is known primarily as a three-point shooter, but he is also a skilled ball-handler and finisher around the rim. A reverse layup is a common basketball move used to avoid shot-blockers, and Curry has demonstrated this skill in games. Therefore, the sentence is plausible.

Final answer: yes",yes,yes,True,yes_no,,cot_fs,sports_understanding,1
234,"Is the following sentence plausible? ""Patrick Kane backhanded a shot in the Stanley Cup.""",yes,"Patrick Kane is a professional ice hockey player known for his skill, and the Stanley Cup is the championship trophy of the NHL. A backhand shot is a common and plausible move in hockey, especially in high-stakes games like the Stanley Cup playoffs.  

Final answer: yes",yes,yes,True,yes_no,,cot_fs,sports_understanding,1
235,"Is the following sentence plausible? ""Malcolm Brogdon drove into the restricted area in the Eastern Conference Finals.""",yes,"Malcolm Brogdon is an NBA basketball player, and the Eastern Conference Finals are a high-level basketball playoff series. Driving into the restricted area (the painted area near the basket) is a common basketball move. Therefore, the sentence is plausible.  

Final answer: yes",yes,yes,True,yes_no,,cot_fs,sports_understanding,1
236,"Is the following sentence plausible? ""Mike Trout eurostepped to the basket.""",no,"Mike Trout is a professional baseball player, not a basketball player. The ""eurostep"" is a basketball move used to drive to the basket. A baseball player performing a basketball move in a baseball context doesn't make sense.  

Final answer: no",no,no,True,yes_no,,cot_fs,sports_understanding,1
237,"Is the following sentence plausible? ""Juan Soto shot from beyond the arc.""",no,"Juan Soto is a baseball player, while ""shot from beyond the arc"" is a basketball term referring to a three-point shot.  
Since the phrase doesn't fit the sport Juan Soto plays, the sentence is not plausible.  

Final answer: no",no,no,True,yes_no,,cot_fs,sports_understanding,1
238,"Is the following sentence plausible? ""Anthony Rizzo skated backwards in the Stanley Cup.""",no,"Anthony Rizzo is a baseball player (first baseman for the New York Yankees), while the Stanley Cup is the championship trophy for the National Hockey League (NHL).  
A baseball player skating backward in an NHL championship event is highly unlikely and not plausible in a real-world sports context.  

Final answer: no",no,no,True,yes_no,,cot_fs,sports_understanding,1
239,"Is the following sentence plausible? ""Gerard Pique scored a corner kick.""",yes,"A corner kick is typically taken by an attacking player from the corner of the field, and while defenders like Gerard Pique sometimes move forward for set pieces, scoring directly from a corner is rare but plausible — it has happened in professional football (e.g., Olympic goals).  
Final answer: yes",yes,yes,True,yes_no,,cot_fs,sports_understanding,1
240,"Is the following sentence plausible? ""Neal Pionk shot from the six yard line.""",no,"Neal Pionk is a professional ice hockey player, and the ""six yard line"" is a term used in soccer (football), not in hockey. In hockey, shooting locations are typically described in terms of the faceoff circles, slot, or blue line, not yard lines. Therefore, this sentence mixes sports in an implausible way.

Final answer: no",no,no,True,yes_no,,cot_fs,sports_understanding,1
241,"Is the following sentence plausible? ""Toni Kroos performed a give and go.""",yes,"Toni Kroos is a professional soccer player known for his precise passing and tactical intelligence. A ""give and go"" is a common soccer move where a player passes to a teammate and immediately moves into space to receive a return pass. This is a fundamental and plausible action in soccer, especially for a midfielder like Kroos.

Final answer: yes",yes,yes,True,yes_no,,cot_fs,sports_understanding,1
242,"Is the following sentence plausible? ""Edinson Cavani caught the screen pass.""",no,"Edinson Cavani is a soccer player, not an American football player.  
""Screen pass"" is a term from American football, not soccer.  
A soccer player would not be described as catching a screen pass in a plausible sports context.  

Final answer: no",no,no,True,yes_no,,cot_fs,sports_understanding,1
243,"Is the following sentence plausible? ""Fernando Tatis Jr. earned a red card.""",no,"Fernando Tatis Jr. is a baseball player, and red cards are used in sports like soccer (football) to send players off for serious offenses. Baseball does not use red cards, so this situation is not plausible.

Final answer: no",no,no,True,yes_no,,cot_fs,sports_understanding,1
244,"Is the following sentence plausible? ""Malik Beasley  comitted a three second violation.""",yes,"A three-second violation is a basketball rule where an offensive player remains in the key for more than three seconds.  
Malik Beasley is a professional basketball player, so it is plausible that he could commit such a violation in a game.  

Final answer: yes",yes,yes,True,yes_no,,cot_fs,sports_understanding,1
245,"Is the following sentence plausible? ""Carson Wentz caught the screen pass.""",yes,"Carson Wentz is an NFL quarterback, whose primary role is to throw passes, not catch them. While quarterbacks occasionally catch passes on trick plays, it is rare and not their typical function. A screen pass is usually thrown to a running back or receiver, not to the quarterback. Therefore, this scenario is unlikely.

Final answer: no",no,yes,False,yes_no,,cot_fs,sports_understanding,1
246,"Is the following sentence plausible? ""Pedro struck out the side.""",no,"""Struck out the side"" is a baseball term meaning a pitcher retired all three batters in an inning via strikeouts. Pedro could refer to Pedro Martinez, a famous MLB pitcher known for his strikeout ability. This is a plausible baseball scenario.

Final answer: yes",yes,no,False,yes_no,,cot_fs,sports_understanding,1
247,"Is the following sentence plausible? ""Nicklas Backstrom earned a trip to the penalty box.""",yes,"Nicklas Backstrom is a professional ice hockey player, and in ice hockey, players who commit infractions are sent to the penalty box. This is a standard and common occurrence in hockey games.  

Final answer: yes",yes,yes,True,yes_no,,cot_fs,sports_understanding,1
248,"Is the following sentence plausible? ""Blake Snell hit a single.""",yes,"Blake Snell is a professional baseball pitcher known for his pitching, not typically for hitting. In MLB, pitchers are generally weak hitters and rarely get hits, though it's not impossible. However, since the sentence describes him hitting a single, which is a plausible event in a baseball game (even if uncommon for a pitcher), the statement is plausible.  

Final answer: yes",yes,yes,True,yes_no,,cot_fs,sports_understanding,1
249,"Is the following sentence plausible? ""Frederik Andersen took a three.""",no,"Frederik Andersen is a professional ice hockey goaltender. In hockey, ""taking a three"" is not a standard or plausible phrase — it sounds more like a basketball term (e.g., taking a three-point shot). A hockey goalie would not ""take a three"" in any recognized hockey context.  

Final answer: no",no,no,True,yes_no,,cot_fs,sports_understanding,1
