sample_id,question,gold,raw_output,parsed_prediction,canonical_gold,correct,answer_format,error_type,method,task_id,iteration
0,"In the following sentences, explain the antecedent of the pronoun (which thing the pronoun refers to), or state that it is ambiguous.
Sentence: My parent called their secretary for more information
Options:
(A) They were my parent's secretary
(B) They were the secretary's secretary
(C) Ambiguous",(A),"Let’s break this down:  

The sentence is:  
> My parent called their secretary for more information.  

- “Their” is a possessive pronoun here.  
- “Their” could refer back to “My parent” — meaning the secretary belongs to my parent.  
- “Their” could also refer to some other group not mentioned in the sentence, but in context, the most natural reading is that “their” is a singular “their” referring to “my parent” (to avoid gendered “his/her”).  
- There’s no plural antecedent in the sentence, so “their” is not referring to multiple people.  
- The secretary is the parent’s secretary, not the secretary’s own secretary.  

Thus, the antecedent of “their” is “my parent.”  

Option (A) says: “They were my parent’s secretary” — this matches the interpretation.  
Option (B) says: “They were the secretary’s secretary” — that would require “their” to refer to “secretary,” but “secretary” hasn’t been mentioned before “their,” so that’s not possible here.  
Option (C) “Ambiguous” — not correct, because the only grammatically sensible antecedent is “my parent.”  

Final answer: (A)",(A),(A),True,option_letter,,cot_zs,disambiguation_qa,1
1,"In the following sentences, explain the antecedent of the pronoun (which thing the pronoun refers to), or state that it is ambiguous.
Sentence: The designer showed the cook a blueprint and asked them for feedback.
Options:
(A) Asked the designer
(B) Asked the cook
(C) Ambiguous",(B),"Let’s break this down:  

1. The sentence is: *The designer showed the cook a blueprint and asked them for feedback.*  
2. The pronoun “them” could refer to either “the designer” or “the cook” grammatically.  
3. However, the designer is the one showing the blueprint and doing the asking — it wouldn’t make sense for the designer to ask themselves for feedback.  
4. Therefore, “them” logically refers to “the cook.”  

Final answer: (B)",(B),(B),True,option_letter,,cot_zs,disambiguation_qa,1
2,"In the following sentences, explain the antecedent of the pronoun (which thing the pronoun refers to), or state that it is ambiguous.
Sentence: The secretary corrected the developer because they better understood the problem.
Options:
(A) The secretary understood the problem
(B) The developer understood the problem
(C) Ambiguous",(A),"Let’s break this down:  

1. The sentence is: *The secretary corrected the developer because they better understood the problem.*  
2. The pronoun “they” could refer to either “the secretary” or “the developer.”  
3. The phrase “better understood” implies a comparison — someone understood the problem better than the other.  
4. If the secretary corrected the developer, it’s likely the secretary understood the problem better.  
5. However, “they” is grammatically ambiguous because it could refer to either noun, and the sentence doesn’t explicitly clarify.  
6. In English, such sentences are often ambiguous when “they” is used this way without additional context.  

Thus, the antecedent is ambiguous.  

Final answer: (C)",(C),(A),False,option_letter,,cot_zs,disambiguation_qa,1
3,"In the following sentences, explain the antecedent of the pronoun (which thing the pronoun refers to), or state that it is ambiguous.
Sentence: The manager sent a message to the secretary, but she didn't reply yet.
Options:
(A) The secretary didn't reply yet
(B) The manager didn't reply yet
(C) Ambiguous",(A),"Let’s reason through this step by step.  

The sentence is:  
> The manager sent a message to the secretary, but she didn't reply yet.  

- The pronoun ""she"" could refer to either ""the manager"" or ""the secretary"" because both are singular and female in this context.  
- Typically, the nearest preceding noun is ""the secretary,"" so one might initially think ""she"" refers to the secretary.  
- However, the structure ""sent a message to the secretary, but she didn't reply"" could mean either:  
  1. The secretary didn’t reply to the message.  
  2. The manager didn’t reply to some prior communication (though that’s less natural here).  
- Without additional context, both interpretations are grammatically possible, so the reference is ambiguous.  

Thus, the correct choice is that it’s ambiguous.  

Final answer: (C)",(C),(A),False,option_letter,,cot_zs,disambiguation_qa,1
4,"In the following sentences, explain the antecedent of the pronoun (which thing the pronoun refers to), or state that it is ambiguous.
Sentence: The carpenter told the onlooker that they had been working on the house for three weeks.
Options:
(A) The carpenter had been working on the house
(B) The onlooker had been working on the house
(C) Ambiguous",(A),"Let’s break this down:  

1. The sentence is: *The carpenter told the onlooker that they had been working on the house for three weeks.*  
2. The pronoun “they” could refer to either “the carpenter” or “the onlooker.”  
3. Without additional context, there’s no grammatical rule forcing “they” to refer only to the carpenter.  
4. “They” could be interpreted as the carpenter reporting their own work, or the carpenter saying that the onlooker had been working.  
5. Since both interpretations are grammatically possible, the reference is ambiguous.  

Final answer: (C)",(C),(A),False,option_letter,,cot_zs,disambiguation_qa,1
5,"In the following sentences, explain the antecedent of the pronoun (which thing the pronoun refers to), or state that it is ambiguous.
Sentence: The janitor warned the child not to step on the wet floor, otherwise they would have to mop it all over again.
Options:
(A) The janitor would have to mop
(B) The child would have to mop
(C) Ambiguous",(A),"Let’s break this down:  

1. The sentence is:  
   *""The janitor warned the child not to step on the wet floor, otherwise they would have to mop it all over again.""*  

2. The pronoun ""they"" could refer to either ""the janitor"" or ""the child.""  

3. Context clues:  
   - The janitor is the one who would typically mop floors as part of their job.  
   - The warning is given to the child — if the child steps on the wet floor, it might get dirty again, requiring someone to mop.  
   - In common usage, ""otherwise they would have to mop"" after a janitor’s warning suggests the janitor is the one who would have to redo the work.  

4. However, English allows ""they"" to refer to either noun here, and there’s no grammatical requirement that it must be the janitor.  
   - If the child were being threatened with having to clean up, ""they"" could mean the child.  
   - But without explicit indication of punishment for the child, the more natural reading is that the janitor would have to mop again.  

5. Still, because both interpretations are grammatically possible and the sentence doesn’t specify, many linguists would call this ambiguous in a strict sense.  

Given the task’s likely intent (to identify ambiguity when plausible readings exist for different antecedents), the correct choice is that it’s ambiguous.  

Final answer: (C)",(C),(A),False,option_letter,,cot_zs,disambiguation_qa,1
6,"In the following sentences, explain the antecedent of the pronoun (which thing the pronoun refers to), or state that it is ambiguous.
Sentence: The nurse stayed away from the laborer because he was very busy.
Options:
(A) The nurse was busy
(B) The laborer was busy
(C) Ambiguous",(C),"Let’s reason through this step by step.  

The sentence is:  
> The nurse stayed away from the laborer because he was very busy.  

1. The pronoun “he” could grammatically refer to either “the nurse” or “the laborer” because both are singular and “he” matches in gender if we assume both are male.  
2. However, the structure “stayed away from the laborer because he was very busy” suggests a reason for staying away.  
   - If the nurse was busy, why would that cause him to stay away from the laborer? That doesn’t logically fit — being busy doesn’t usually require staying away from someone.  
   - If the laborer was busy, then it makes sense for the nurse to stay away so as not to disturb him.  
3. In typical English usage, the nearest plausible antecedent is “the laborer,” and the logic supports that interpretation.  

Thus, the antecedent is most likely **the laborer**, not ambiguous.  

Final answer: (B)",(B),(C),False,option_letter,,cot_zs,disambiguation_qa,1
7,"In the following sentences, explain the antecedent of the pronoun (which thing the pronoun refers to), or state that it is ambiguous.
Sentence: The assistant asked the physician if he could borrow some money.
Options:
(A) Asked if the assistant could borrow money
(B) Asked if the physician could borrow money
(C) Ambiguous",(A),"Let’s break this down:  

The sentence is:  
*The assistant asked the physician if he could borrow some money.*  

- The pronoun “he” could refer to either “the assistant” or “the physician.”  
- There’s no grammatical rule or clear contextual clue that forces one interpretation over the other.  
- In English, a pronoun tends to refer to the subject (“the assistant”) by default in many cases, but here both are plausible:  
  1. The assistant wants to borrow money from the physician.  
  2. The physician wants to borrow money from the assistant.  
- Since both readings are possible without further context, the reference is ambiguous.  

Final answer: (C)",(C),(A),False,option_letter,,cot_zs,disambiguation_qa,1
8,"In the following sentences, explain the antecedent of the pronoun (which thing the pronoun refers to), or state that it is ambiguous.
Sentence: The cleaner called the guard and asked him to open the door.
Options:
(A) Asked the cleaner
(B) Asked the guard
(C) Ambiguous",(B),"Let’s break this down:  

1. The sentence is: *The cleaner called the guard and asked him to open the door.*  
2. The pronoun “him” appears after “asked.”  
3. Typically, in English, if you have “X called Y and asked him…”, the pronoun “him” refers to Y (the guard), because Y is the most recent plausible male referent.  
4. If “him” referred to the cleaner, we’d expect a reflexive pronoun (“himself”) or a different structure to avoid ambiguity, but here it’s not ambiguous — “him” logically refers to the guard.  
5. So the antecedent is “the guard.”  

Final answer: (B)",(B),(B),True,option_letter,,cot_zs,disambiguation_qa,1
9,"In the following sentences, explain the antecedent of the pronoun (which thing the pronoun refers to), or state that it is ambiguous.
Sentence: The hygienist told the patient that he should floss every day.
Options:
(A) The hygienist should floss
(B) The patient should floss
(C) Ambiguous",(B),"Let’s break this down:  

1. The sentence is: *The hygienist told the patient that he should floss every day.*  
2. The pronoun “he” could refer to either “the hygienist” or “the patient” because both are singular and male in this context.  
3. There is no additional context in the sentence to clarify whether “he” refers back to the hygienist or the patient.  
4. In English, when you have “X told Y that he …”, the pronoun “he” is structurally ambiguous without further information.  

Therefore, the antecedent is ambiguous.  

Final answer: (C)",(C),(B),False,option_letter,,cot_zs,disambiguation_qa,1
10,"In the following sentences, explain the antecedent of the pronoun (which thing the pronoun refers to), or state that it is ambiguous.
Sentence: The pathologist obtained tissue samples from the victim to look at under their microscope.
Options:
(A) It was the pathologist's microscope
(B) It was the victim's microscope
(C) Ambiguous",(A),"Let’s break this down:  

1. The sentence is:  
   *The pathologist obtained tissue samples from the victim to look at under their microscope.*  

2. The pronoun “their” could be possessive for either:  
   - The pathologist (the pathologist uses their own microscope to examine the samples).  
   - The victim (the victim owned the microscope, which is less plausible but grammatically possible).  

3. In typical contexts, a pathologist would use their own microscope for professional work.  
   However, the sentence structure does not definitively rule out the victim owning the microscope — though that would be unusual.  

4. Because both interpretations are grammatically possible, even if one is pragmatically unlikely, the pronoun reference is ambiguous without further context.  

Final answer: (C)",(C),(A),False,option_letter,,cot_zs,disambiguation_qa,1
11,"In the following sentences, explain the antecedent of the pronoun (which thing the pronoun refers to), or state that it is ambiguous.
Sentence: The taxpayer met with the accountant to find out if she could help with tax preparation.
Options:
(A) The taxpayer could help
(B) The accountant could help
(C) Ambiguous",(B),"Let’s reason through this step by step.  

The sentence is:  
*The taxpayer met with the accountant to find out if she could help with tax preparation.*  

- The pronoun “she” could refer to either “the taxpayer” or “the accountant” grammatically.  
- Logically, the taxpayer is meeting the accountant to find out something — presumably whether the *accountant* could help with tax preparation.  
- However, English grammar allows “she” to refer to the subject (“the taxpayer”) or the object (“the accountant”) when both are human and female.  
- Without extra context, the sentence does not specify which person “she” refers to, so it is ambiguous.  

Thus, the antecedent is ambiguous.  

Final answer: (C)",(C),(B),False,option_letter,,cot_zs,disambiguation_qa,1
12,"In the following sentences, explain the antecedent of the pronoun (which thing the pronoun refers to), or state that it is ambiguous.
Sentence: After meeting with the producers, Sam went to his office.
Options:
(A) The office was the producers' office
(B) The office was Sam's office
(C) Ambiguous",(B),"Let’s break this down:  

The sentence is:  
*After meeting with the producers, Sam went to his office.*  

- The pronoun “his” could grammatically refer to Sam or to the producers.  
- However, the possessive “his” is singular and masculine, so it matches “Sam” (assuming Sam is male).  
- If it were the producers’ office, we’d expect “their office” unless one of the producers is male and the office is specifically his — but that’s not stated.  
- In typical English usage, “his” after “Sam went to” strongly implies it’s Sam’s office unless context suggests otherwise.  
- There’s no explicit indication that the office belongs to the producers, so the most natural reading is that “his” refers to Sam.  

Thus, the antecedent is Sam.  

Final answer: (B)",(B),(B),True,option_letter,,cot_zs,disambiguation_qa,1
13,"In the following sentences, explain the antecedent of the pronoun (which thing the pronoun refers to), or state that it is ambiguous.
Sentence: The designer called the janitor and asked him to clean the room.
Options:
(A) Asked the designer
(B) Asked the janitor
(C) Ambiguous",(B),"Let’s break this down:  

1. The sentence is: *The designer called the janitor and asked him to clean the room.*  
2. The pronoun “him” appears after “asked.”  
3. The two possible male referents are “the designer” and “the janitor.”  
4. In typical English grammar, when you have “called the janitor and asked him,” the nearest plausible antecedent is “the janitor.”  
5. It would be unnatural for the designer to call the janitor and then ask himself (the designer) to clean the room — that doesn’t make sense logically.  
6. Therefore, “him” unambiguously refers to “the janitor.”  

Final answer: (B)",(B),(B),True,option_letter,,cot_zs,disambiguation_qa,1
14,"In the following sentences, explain the antecedent of the pronoun (which thing the pronoun refers to), or state that it is ambiguous.
Sentence: The guard called the cleaner and asked them to open the door.
Options:
(A) Asked the guard
(B) Asked the cleaner
(C) Ambiguous",(B),"Let’s break this down:  

1. The sentence is: *The guard called the cleaner and asked them to open the door.*  
2. The pronoun “them” appears after “asked.”  
3. “Asked them” means the guard is doing the asking, so “them” is the object of “asked.”  
4. The possible referents for “them” are “the guard” or “the cleaner.”  
5. “The guard” is the subject who called and asked, so “them” logically refers to “the cleaner” (singular “they” or plural “them” referring to one person is common in modern English).  
6. It would be unnatural for the guard to ask themselves to open the door, so the intended antecedent is clearly “the cleaner.”  
7. Therefore, it is **not ambiguous**.  

Final answer: (B)",(B),(B),True,option_letter,,cot_zs,disambiguation_qa,1
15,"In the following sentences, explain the antecedent of the pronoun (which thing the pronoun refers to), or state that it is ambiguous.
Sentence: After meeting with the producers, Sam goes to his office.
Options:
(A) It is Sam's office
(B) It is the producers' office
(C) Ambiguous",(A),"Let’s break this down:  

1. The sentence is: *After meeting with the producers, Sam goes to his office.*  
2. The pronoun in question is **""his""**.  
3. The possible antecedents are **Sam** and **the producers**.  
4. In English, a possessive pronoun like ""his"" typically refers to the subject of the main clause unless context suggests otherwise.  
5. Here, the main clause is ""Sam goes to his office,"" and ""his"" logically refers to Sam, because there’s no indication that the office belongs to the producers.  
6. If it were ""their office,"" it would be ambiguous or refer to the producers, but ""his"" matches Sam’s gender (assuming Sam is male).  
7. Therefore, the antecedent is Sam.  

Final answer: (A)",(A),(A),True,option_letter,,cot_zs,disambiguation_qa,1
16,"In the following sentences, explain the antecedent of the pronoun (which thing the pronoun refers to), or state that it is ambiguous.
Sentence: The CEO bought the accountant a car because they needed one.
Options:
(A) The CEO needed a car
(B) The accountant needed a car
(C) Ambiguous",(B),"Let’s break this down:  

1. The sentence is: *The CEO bought the accountant a car because they needed one.*  
2. The pronoun “they” could refer to either “the CEO” or “the accountant.”  
3. The phrase “needed one” means “needed a car.”  
4. If “they” refers to the CEO, then the CEO needed a car.  
   If “they” refers to the accountant, then the accountant needed a car.  
5. Without extra context, “they” is ambiguous — it could be singular (referring to one person of unspecified gender) or plural (referring to both).  
6. In this sentence, there’s no grammatical clue forcing one interpretation over the other, so the antecedent is unclear.  

Final answer: (C)",(C),(B),False,option_letter,,cot_zs,disambiguation_qa,1
17,"In the following sentences, explain the antecedent of the pronoun (which thing the pronoun refers to), or state that it is ambiguous.
Sentence: Alex did not know Taylor until she sent a letter.
Options:
(A) Alex sent the letter
(B) Taylor sent the letter
(C) Ambiguous",(C),"Let’s break this down:  

The sentence is:  
""Alex did not know Taylor until she sent a letter.""  

- ""She"" could refer to Alex or Taylor.  
- If ""she"" refers to Alex, then Alex sent the letter, and that’s how they met.  
- If ""she"" refers to Taylor, then Taylor sent the letter, and that’s how they met.  
- Both interpretations are grammatically possible, and there’s no extra context to decide which is correct.  

Therefore, the pronoun reference is ambiguous.  

Final answer: (C)",(C),(C),True,option_letter,,cot_zs,disambiguation_qa,1
18,"In the following sentences, explain the antecedent of the pronoun (which thing the pronoun refers to), or state that it is ambiguous.
Sentence: The chief thanked the housekeeper and gave her some tips.
Options:
(A) Gave the chief some tips
(B) Gave the housekeeper some tips
(C) Ambiguous",(B),"Let’s reason through this step by step.  

The sentence is:  
> The chief thanked the housekeeper and gave her some tips.  

- “Her” is a feminine pronoun.  
- The only female noun mentioned earlier is “the housekeeper.”  
- “The chief” is not specified by gender, so “her” cannot refer to the chief unless context outside the sentence indicates the chief is female — but here there’s no such context.  
- Therefore, “her” logically refers to “the housekeeper.”  
- The structure “thanked the housekeeper and gave her some tips” makes it clear the chief is the one giving tips to the housekeeper.  

So the antecedent is “the housekeeper,” meaning the chief gave the housekeeper some tips.  

Final answer: (B)",(B),(B),True,option_letter,,cot_zs,disambiguation_qa,1
19,"In the following sentences, explain the antecedent of the pronoun (which thing the pronoun refers to), or state that it is ambiguous.
Sentence: The worker told the pedestrian that he was repairing the sidewalk as quickly as possible.
Options:
(A) The worker was repairing
(B) The pedestrian was repairing
(C) Ambiguous",(A),"Let’s break this down:  

The sentence is:  
*The worker told the pedestrian that he was repairing the sidewalk as quickly as possible.*  

- The pronoun “he” could refer to either “the worker” or “the pedestrian.”  
- The structure “told the pedestrian that he was repairing” does not grammatically force “he” to match the subject (“the worker”).  
- In English, such constructions often allow either interpretation unless context specifies otherwise.  
- Here, no extra context is given, so both readings are possible:  
  1. The worker said: “I am repairing the sidewalk as quickly as possible.”  
  2. The worker said: “You [the pedestrian] are repairing the sidewalk as quickly as possible.” (less likely in real life but grammatically possible)  

Since both interpretations are grammatically valid and no context resolves it, the antecedent is ambiguous.  

**Final answer: (C)**",(C),(A),False,option_letter,,cot_zs,disambiguation_qa,1
20,"In the following sentences, explain the antecedent of the pronoun (which thing the pronoun refers to), or state that it is ambiguous.
Sentence: The secretary corrected the developer because he better understood the problem.
Options:
(A) The secretary understood the problem
(B) The developer understood the problem
(C) Ambiguous",(A),"Let’s break this down.  

The sentence is:  
> The secretary corrected the developer because he better understood the problem.  

- The pronoun “he” could refer to either “the secretary” or “the developer.”  
- The phrase “better understood” implies a comparison — someone understood the problem better than someone else.  
- If the secretary corrected the developer, it might be because the secretary understood better, but it could also be because the developer understood better (and thus the secretary was correcting based on the developer’s understanding, which would be odd).  
- Usually, the most natural reading is that the person doing the correcting is the one who understands better, so “he” would refer to the secretary.  
- However, in English, this structure is known to be ambiguous because “he” could grammatically attach to either noun, and without more context, both interpretations are possible.  

Given that, the correct choice is that it’s ambiguous.  

Final answer: (C)",(C),(A),False,option_letter,,cot_zs,disambiguation_qa,1
21,"In the following sentences, explain the antecedent of the pronoun (which thing the pronoun refers to), or state that it is ambiguous.
Sentence: The investigator wanted to interview the witness in person, but they were too late.
Options:
(A) The investigator was too late
(B) The witness was too late
(C) Ambiguous",(C),"Let’s break this down:  

1. The sentence is:  
   *""The investigator wanted to interview the witness in person, but they were too late.""*  

2. The pronoun ""they"" could refer to either ""the investigator"" or ""the witness"" — both are singular nouns that can be referred to with singular ""they"" in English.  

3. If ""they"" refers to the investigator, it means the investigator arrived too late to interview the witness.  
   If ""they"" refers to the witness, it means the witness arrived too late (or was unavailable by the time the investigator tried).  

4. There’s no additional context in the sentence to determine which is intended.  
   Therefore, the reference is ambiguous.  

Final answer: (C)",(C),(C),True,option_letter,,cot_zs,disambiguation_qa,1
22,"In the following sentences, explain the antecedent of the pronoun (which thing the pronoun refers to), or state that it is ambiguous.
Sentence: The customer and the chef discuss their culinary training.
Options:
(A) It is the customer's culinary training
(B) It is the chef's culinary training
(C) Ambiguous",(B),"The pronoun ""their"" is plural and refers to ""The customer and the chef,"" which is a plural subject.  
Since both are mentioned together, ""their culinary training"" could mean the training of both the customer and the chef, but the sentence does not specify whether they share the same training or each has their own.  
However, the question asks for the antecedent — the thing the pronoun refers to — and the antecedent is clearly the plural noun phrase ""The customer and the chef.""  
Because the pronoun is plural and refers to both, the specific interpretation of whose training is ambiguous without further context.  

Final answer: (C)",(C),(B),False,option_letter,,cot_zs,disambiguation_qa,1
23,"In the following sentences, explain the antecedent of the pronoun (which thing the pronoun refers to), or state that it is ambiguous.
Sentence: The nurse was running from the laborer because she smelled awful.
Options:
(A) The nurse smelled awful
(B) The laborer smelled awful
(C) Ambiguous",(C),"Let’s break this down:  

1. The sentence is: *The nurse was running from the laborer because she smelled awful.*  
2. The pronoun “she” could refer to either “the nurse” or “the laborer” because both are plausible antecedents.  
3. If “she” refers to the nurse, then the nurse smelled awful, and she was running away perhaps out of shame or to avoid others smelling her.  
4. If “she” refers to the laborer, then the laborer smelled awful, and the nurse was running away to escape the bad smell.  
5. Both interpretations are grammatically possible and contextually reasonable.  
6. Without additional context, we cannot determine which one is intended.  

Therefore, the antecedent is ambiguous.  

Final answer: (C)",(C),(C),True,option_letter,,cot_zs,disambiguation_qa,1
24,"In the following sentences, explain the antecedent of the pronoun (which thing the pronoun refers to), or state that it is ambiguous.
Sentence: My cousin called his boss for more information
Options:
(A) They were my cousin's boss
(B) They were the boss's boss
(C) Ambiguous",(A),"Let’s break this down:  

The sentence is: *My cousin called his boss for more information.*  

- “His” is a possessive pronoun referring to “my cousin.”  
- “His boss” means the boss of my cousin.  
- The question asks for the antecedent of the pronoun — here the pronoun is “his,” and its antecedent is “my cousin.”  
- The options are about who “they” were, but the original sentence doesn’t have “they” — so the question seems to be testing whether “his” refers unambiguously to “my cousin.”  

Looking at the options:  
(A) They were my cousin’s boss — This would mean “his” refers to “my cousin,” which is correct.  
(B) They were the boss’s boss — This would mean “his” refers to someone else’s boss, which isn’t supported.  
(C) Ambiguous — But “his” clearly refers to “my cousin,” not ambiguous.  

So the correct choice is (A).  

Final answer: (A)",(A),(A),True,option_letter,,cot_zs,disambiguation_qa,1
25,"In the following sentences, explain the antecedent of the pronoun (which thing the pronoun refers to), or state that it is ambiguous.
Sentence: The writer tried to fool the salesperson and told him a fake story.
Options:
(A) Told the writer a fake story
(B) Told the salesperson a fake story
(C) Ambiguous",(B),"Let’s break this down:  

1. The sentence is: *The writer tried to fool the salesperson and told him a fake story.*  
2. The pronoun “him” could refer to either “the writer” or “the salesperson” grammatically.  
3. Logically, if the writer is trying to fool the salesperson, the fake story would be told *to the salesperson* to achieve that goal.  
4. If “him” referred to the writer, it would mean the writer told himself a fake story, which doesn’t make sense in this context.  

So the antecedent is “the salesperson,” not ambiguous.  

Final answer: (B)",(B),(B),True,option_letter,,cot_zs,disambiguation_qa,1
26,"In the following sentences, explain the antecedent of the pronoun (which thing the pronoun refers to), or state that it is ambiguous.
Sentence: The reporter and the chef will discuss their favorite dishes.
Options:
(A) They will discuss the reporter's favorite dishes
(B) They will discuss the chef's favorite dishes
(C) Ambiguous",(C),"Let’s break this down:  

The sentence is:  
*The reporter and the chef will discuss their favorite dishes.*  

- “Their” is a plural possessive pronoun.  
- It could refer to “the reporter and the chef” together (meaning they will discuss the favorite dishes of both of them).  
- But the options given are not about both; they ask whose favorite dishes are being discussed:  
  - (A) reporter’s favorite dishes  
  - (B) chef’s favorite dishes  
  - (C) ambiguous  

If “their” refers to both people together, then the sentence means they will discuss the favorite dishes of both individuals.  
But the way the options are phrased, they seem to treat “their” as possibly referring to only one of them — which is not the most natural reading.  

However, in English, “their” in this structure usually means the plural antecedent (“the reporter and the chef”) jointly.  
But if we strictly interpret the task — “explain the antecedent of the pronoun” — the antecedent is clearly “the reporter and the chef” jointly, so it’s not ambiguous.  

But the provided choices don’t have “both” as an option — only (A) reporter’s, (B) chef’s, or (C) ambiguous.  
Since the sentence doesn’t specify *whose* favorite dishes, and “their” could grammatically refer to both jointly, but the question seems to be testing whether “their” could refer to only one of them — which is not supported unless context forces it — but here there’s no context, so it’s ambiguous between (A) and (B) if we ignore the natural joint reading.  

Given the test’s likely intent: without context, “their” could be misinterpreted as referring to only one person’s dishes (though that’s unnatural), so the answer in this multiple-choice setup is “ambiguous.”  

Final answer: (C)",(A),(C),False,option_letter,,cot_zs,disambiguation_qa,1
27,"In the following sentences, explain the antecedent of the pronoun (which thing the pronoun refers to), or state that it is ambiguous.
Sentence: The CEO bought the accountant a car because he needed one.
Options:
(A) The CEO needed a car
(B) The accountant needed a car
(C) Ambiguous",(B),"The pronoun ""he"" could refer to either the CEO or the accountant, since both are singular male nouns earlier in the sentence.  
The phrase ""because he needed one"" doesn’t contain enough information to determine which person needed the car.  
Therefore, the antecedent is ambiguous.  

Final answer: (C)",(C),(B),False,option_letter,,cot_zs,disambiguation_qa,1
28,"In the following sentences, explain the antecedent of the pronoun (which thing the pronoun refers to), or state that it is ambiguous.
Sentence: The cook is always teaching the assistant new techniques because he likes to teach others.
Options:
(A) The cook likes to teach
(B) The assistant likes to teach
(C) Ambiguous",(A),"Let’s break this down.  

The sentence is:  
*The cook is always teaching the assistant new techniques because he likes to teach others.*  

- The pronoun “he” appears after “because.”  
- The subject of the main clause is “The cook.”  
- The object of the main clause is “the assistant.”  
- The reason given is “he likes to teach others.”  
- In English, if the subject of the main clause is male and the object is male, the pronoun “he” in the subordinate clause tends to refer to the subject unless context strongly suggests otherwise.  
- Here, the main clause already says “The cook is always teaching,” so the reason “he likes to teach others” logically applies to the cook — it’s consistent with the cook’s established behavior.  
- There’s no clear indication that the assistant likes to teach others; the sentence is about the cook teaching the assistant.  

Thus, the antecedent is “the cook,” not ambiguous.  

Final answer: (A)",(A),(A),True,option_letter,,cot_zs,disambiguation_qa,1
29,"In the following sentences, explain the antecedent of the pronoun (which thing the pronoun refers to), or state that it is ambiguous.
Sentence: The carpenter made a desk for the clerk and gave her a discount.
Options:
(A) Gave the carpenter a discount
(B) Gave the clerk a discount
(C) Ambiguous",(B),"Let’s break this down:  

1. The sentence is: *The carpenter made a desk for the clerk and gave her a discount.*  
2. The pronoun “her” appears after “the clerk” in the same clause.  
3. “The carpenter” is the subject and likely male or unspecified gender, but “her” is feminine, so “her” cannot refer to the carpenter unless context suggests otherwise (none given).  
4. “The clerk” is the nearest plausible feminine antecedent.  
5. No other feminine noun appears before “her,” so there is no ambiguity — “her” refers to “the clerk.”  

Thus, the antecedent is “the clerk,” meaning the carpenter gave the clerk a discount.  

Final answer: (B)",(B),(B),True,option_letter,,cot_zs,disambiguation_qa,1
30,"In the following sentences, explain the antecedent of the pronoun (which thing the pronoun refers to), or state that it is ambiguous.
Sentence: Alex tells us that he could not meet.
Options:
(A) Alex could not meet
(B) We could not meet
(C) Ambiguous",(A),"Let’s break this down:  

The sentence is: *Alex tells us that he could not meet.*  

- “Alex” is the subject of the main clause.  
- “he” is the pronoun in the subordinate clause “that he could not meet.”  
- In English, a pronoun in this position most naturally refers to the subject of the main clause (“Alex”) unless context suggests otherwise.  
- There is no other male person mentioned in the sentence, so “he” most likely refers to Alex.  
- The sentence does not suggest “he” refers to “us” because “us” is plural and “he” is singular.  

Thus, the antecedent is “Alex,” not ambiguous.  

Final answer: (A)",(A),(A),True,option_letter,,cot_zs,disambiguation_qa,1
31,"In the following sentences, explain the antecedent of the pronoun (which thing the pronoun refers to), or state that it is ambiguous.
Sentence: The chief encouraged the writer because he wrote a good book.
Options:
(A) The chief wrote a good book
(B) The writer wrote a good book
(C) Ambiguous",(B),"Let’s break this down:  

The sentence is:  
*The chief encouraged the writer because he wrote a good book.*  

- The pronoun “he” could refer to either “the chief” or “the writer.”  
- Without additional context, both interpretations are grammatically possible:  
  1. The chief wrote a good book, so he encouraged the writer.  
  2. The writer wrote a good book, so the chief encouraged him.  
- Since there’s no extra information to decide which is correct, the reference is ambiguous.  

Final answer: (C)",(C),(B),False,option_letter,,cot_zs,disambiguation_qa,1
32,"In the following sentences, explain the antecedent of the pronoun (which thing the pronoun refers to), or state that it is ambiguous.
Sentence: After meeting with the producers, Sam went to her office.
Options:
(A) The office was the producers' office
(B) The office was Sam's office
(C) Ambiguous",(B),"Let’s reason through this step by step.  

The sentence is:  
> After meeting with the producers, Sam went to her office.  

- The pronoun “her” refers to Sam, because “Sam” is the subject of the main clause and the only female person mentioned in the sentence.  
- “Her office” would logically be Sam’s office, unless context suggests otherwise, but no such context is given.  
- There is no indication that “her” refers to one of the producers, because the producers are not identified by gender and are not the subject.  
- Therefore, the antecedent of “her” is Sam, and “her office” means Sam’s office.  

Final answer: (B)",(B),(B),True,option_letter,,cot_zs,disambiguation_qa,1
33,"In the following sentences, explain the antecedent of the pronoun (which thing the pronoun refers to), or state that it is ambiguous.
Sentence: The patient was referred to the specialist because they are an expert on rare skin conditions.
Options:
(A) The patient is an expert
(B) The specialist is an expert
(C) Ambiguous",(B),"Let’s break this down:  

1. The sentence says: *The patient was referred to the specialist because they are an expert on rare skin conditions.*  
2. The pronoun “they” could grammatically refer to either “the patient” or “the specialist.”  
3. Logically, people are referred to a specialist because the specialist has expertise, not because the patient is an expert.  
4. However, the sentence structure does not grammatically force this interpretation — “they” is structurally ambiguous.  
5. Since the question asks for the antecedent or to state it is ambiguous, and grammar alone does not resolve it, the correct choice is “ambiguous” even though real-world knowledge suggests the specialist is the expert.  

Final answer: (C)",(C),(B),False,option_letter,,cot_zs,disambiguation_qa,1
34,"In the following sentences, explain the antecedent of the pronoun (which thing the pronoun refers to), or state that it is ambiguous.
Sentence: The sheriff protected the writer because she upholds the peace.
Options:
(A) The sheriff upholds the peace
(B) The writer upholds the peace
(C) Ambiguous",(A),"Let’s break this down:  

1. The sentence is: *The sheriff protected the writer because she upholds the peace.*  
2. The pronoun “she” could refer to either “the sheriff” or “the writer” — both are singular and could be female.  
3. There’s no grammatical rule forcing one interpretation over the other.  
4. Without extra context, we can’t determine whether “she” refers to the sheriff or the writer.  
5. Therefore, the antecedent is ambiguous.  

Final answer: (C)",(C),(A),False,option_letter,,cot_zs,disambiguation_qa,1
35,"In the following sentences, explain the antecedent of the pronoun (which thing the pronoun refers to), or state that it is ambiguous.
Sentence: The visitor tells the teacher that he likes the cake.
Options:
(A) The visitor likes the cake
(B) The teacher likes the cake
(C) Ambiguous",(A),"Let’s break this down:  

The sentence is:  
*The visitor tells the teacher that he likes the cake.*  

- “He” could refer to “the visitor” (the visitor likes the cake and tells the teacher).  
- “He” could also refer to “the teacher” (the visitor tells the teacher that the teacher likes the cake).  
- There’s no additional context to determine which is correct, so the reference is ambiguous.  

Final answer: (C)",(C),(A),False,option_letter,,cot_zs,disambiguation_qa,1
36,"In the following sentences, explain the antecedent of the pronoun (which thing the pronoun refers to), or state that it is ambiguous.
Sentence: The developer was unable to communicate with the writer because he focuses on code.
Options:
(A) The developer focuses on code
(B) The writer focuses on code
(C) Ambiguous",(A),"Let’s break this down:  

The sentence is:  
> The developer was unable to communicate with the writer because he focuses on code.  

- The pronoun “he” could refer to either “the developer” or “the writer.”  
- The reason given for the inability to communicate is that “he focuses on code.”  
- Typically, developers focus on code, so it’s more plausible that “he” refers to the developer.  
- However, the sentence structure does not grammatically force this interpretation — it could be that the writer focuses on code (unexpected but possible).  
- In pronoun resolution tasks, if both are grammatically possible and context doesn’t definitively rule one out, it’s considered ambiguous unless world knowledge is allowed to decide.  
- Since the task is about disambiguation and the sentence alone doesn’t specify, the technically correct answer is that it’s ambiguous.  

Final answer: (C)",(C),(A),False,option_letter,,cot_zs,disambiguation_qa,1
37,"In the following sentences, explain the antecedent of the pronoun (which thing the pronoun refers to), or state that it is ambiguous.
Sentence: The visitor told the teacher that she liked the cake.
Options:
(A) The visitor liked the cake
(B) The teacher liked the cake
(C) Ambiguous",(A),"Let’s break this down:  

The sentence is:  
*The visitor told the teacher that she liked the cake.*  

- The pronoun “she” could refer to either “the visitor” or “the teacher.”  
- There’s no additional context in the sentence to determine which one is meant.  
- In English, this structure is ambiguous because “she” could be the subject of the reported clause (“she liked the cake”), and both the visitor and the teacher are female in this context (implied by “she”).  

Therefore, the antecedent is ambiguous.  

Final answer: (C)",(C),(A),False,option_letter,,cot_zs,disambiguation_qa,1
38,"In the following sentences, explain the antecedent of the pronoun (which thing the pronoun refers to), or state that it is ambiguous.
Sentence: The designer called the janitor and asked her to clean the room.
Options:
(A) Asked the designer
(B) Asked the janitor
(C) Ambiguous",(B),"Let’s break this down:  

1. The sentence is: *The designer called the janitor and asked her to clean the room.*  
2. The pronoun “her” could refer to either “the designer” or “the janitor” in theory.  
3. However, the structure “called the janitor and asked her” suggests that “her” refers to the person who was called — the janitor — because otherwise it would be odd to call someone and then ask yourself.  
4. Still, without explicit gender information for both nouns, “her” could technically refer to either if both are female, but the most natural reading is that “her” refers to the janitor.  
5. But since both could be female, and the sentence doesn’t specify, the antecedent is **ambiguous** from a purely grammatical standpoint.  

Final answer: (C)",(C),(B),False,option_letter,,cot_zs,disambiguation_qa,1
39,"In the following sentences, explain the antecedent of the pronoun (which thing the pronoun refers to), or state that it is ambiguous.
Sentence: The paralegal forgot to file paperwork for the client so he was fired.
Options:
(A) The paralegal was fired
(B) The client was fired
(C) Ambiguous",(A),"Let’s break this down:  

1. The sentence is: *""The paralegal forgot to file paperwork for the client so he was fired.""*  
2. The pronoun ""he"" could logically refer to either ""the paralegal"" or ""the client.""  
3. Usually, the nearest plausible antecedent is ""the client"" (since ""client"" is closer to ""he""), but both are grammatically possible.  
4. In real-world reasoning, if the paralegal forgot to file paperwork, it’s more likely the paralegal would be fired, but the sentence doesn’t explicitly rule out the client being fired for some unrelated reason.  
5. Since grammar alone doesn’t resolve this and context doesn’t specify, the reference is ambiguous.  

Final answer: (C)",(C),(A),False,option_letter,,cot_zs,disambiguation_qa,1
40,"In the following sentences, explain the antecedent of the pronoun (which thing the pronoun refers to), or state that it is ambiguous.
Sentence: The hygienist told the patient that they should floss every day.
Options:
(A) The hygienist should floss
(B) The patient should floss
(C) Ambiguous",(B),"Let’s break this down:  

1. The sentence is: *The hygienist told the patient that they should floss every day.*  
2. The pronoun “they” could refer to either “the hygienist” or “the patient” in English, depending on context.  
3. Without additional context, “they” is ambiguous because it could mean:  
   - The hygienist said, “I (the hygienist) should floss every day.”  
   - The hygienist said, “You (the patient) should floss every day.”  
4. Since the sentence as given does not clarify, the antecedent is ambiguous.  

Final answer: (C)",(C),(B),False,option_letter,,cot_zs,disambiguation_qa,1
41,"In the following sentences, explain the antecedent of the pronoun (which thing the pronoun refers to), or state that it is ambiguous.
Sentence: The technician told the customer that he could pay with cash.
Options:
(A) The technician could pay
(B) The customer could pay
(C) Ambiguous",(B),"Let’s break this down:  

The sentence is:  
> The technician told the customer that he could pay with cash.  

- The pronoun “he” could refer to either “the technician” or “the customer.”  
- There’s no grammatical rule or clear contextual clue forcing one interpretation over the other.  
- In English, this structure often leads to ambiguity when both nouns are of the same gender.  

Therefore, the antecedent of “he” is ambiguous.  

Final answer: (C)",(C),(B),False,option_letter,,cot_zs,disambiguation_qa,1
42,"In the following sentences, explain the antecedent of the pronoun (which thing the pronoun refers to), or state that it is ambiguous.
Sentence: The secretary came to the analyst's office and helped them to book a flight.
Options:
(A) Helped the secretary book a flight
(B) Helped the analyst book a flight
(C) Ambiguous",(B),"Let’s break this down:  

1. The sentence is: *The secretary came to the analyst's office and helped them to book a flight.*  
2. The pronoun “them” could refer either to “the secretary” or to “the analyst.”  
3. If “them” refers to “the secretary,” that would mean the secretary helped themselves book a flight — possible but odd because they wouldn’t need to go to the analyst’s office for that.  
4. If “them” refers to “the analyst,” that would mean the secretary helped the analyst book a flight — more natural in context.  
5. However, English grammar allows both readings, and without extra context, we can’t be certain.  
6. Therefore, the antecedent is ambiguous.  

Final answer: (C)",(C),(B),False,option_letter,,cot_zs,disambiguation_qa,1
43,"In the following sentences, explain the antecedent of the pronoun (which thing the pronoun refers to), or state that it is ambiguous.
Sentence: The janitor warned the child not to step on the wet floor, otherwise she would have to mop it all over again.
Options:
(A) The janitor would have to mop
(B) The child would have to mop
(C) Ambiguous",(A),"Let’s break this down:  

1. The sentence is:  
   *""The janitor warned the child not to step on the wet floor, otherwise she would have to mop it all over again.""*  

2. The pronoun ""she"" could refer to either ""the janitor"" or ""the child"" grammatically.  

3. Context:  
   - The janitor is the one who would typically mop floors as part of their job.  
   - The warning is given to the child — if the child steps on the wet floor, it will get dirty again.  
   - The consequence is that **someone** will have to mop it again.  

4. Logical interpretation:  
   - If the child makes the floor dirty, the janitor (who is already involved in cleaning) would have to re-mop it.  
   - It’s unlikely the child would be forced to mop; the janitor is the more plausible referent.  

5. However, the sentence does not explicitly specify who ""she"" is, and both are grammatically possible.  
   - If ""she"" refers to the janitor, then the janitor would mop again.  
   - If ""she"" refers to the child, then the child would mop — but that’s less plausible in common scenarios.  

6. Since both are grammatically possible and the sentence doesn’t clarify, by strict linguistic rules this is **ambiguous**, even if real-world knowledge suggests one interpretation.  

Final answer: (C)",(C),(A),False,option_letter,,cot_zs,disambiguation_qa,1
44,"In the following sentences, explain the antecedent of the pronoun (which thing the pronoun refers to), or state that it is ambiguous.
Sentence: The taxpayer met with the accountant to find out if they could help with tax preparation.
Options:
(A) The taxpayer could help
(B) The accountant could help
(C) Ambiguous",(B),"Let’s break this down:  

1. The sentence is: *The taxpayer met with the accountant to find out if they could help with tax preparation.*  
2. The pronoun “they” could refer to either “the taxpayer” or “the accountant.”  
3. Logically, the taxpayer is meeting the accountant to see if the **accountant** can help with tax preparation — that’s the most natural reading.  
4. However, “they” is grammatically ambiguous because it could also refer to “the taxpayer” (e.g., maybe the taxpayer is asking if they themselves could help the accountant in some way).  
5. Since both interpretations are grammatically possible and the sentence doesn’t provide enough context to definitively pick one, the antecedent is ambiguous.  

Final answer: (C)",(C),(B),False,option_letter,,cot_zs,disambiguation_qa,1
45,"In the following sentences, explain the antecedent of the pronoun (which thing the pronoun refers to), or state that it is ambiguous.
Sentence: The guard called the cleaner and asked him to open the door.
Options:
(A) Asked the guard
(B) Asked the cleaner
(C) Ambiguous",(B),"Let’s break this down:  

1. The sentence is: *The guard called the cleaner and asked him to open the door.*  
2. The pronoun “him” appears after “asked.”  
3. The two possible male nouns before “him” are “the guard” and “the cleaner.”  
4. In typical English grammar, if the guard is calling the cleaner, the guard is doing the asking.  
5. The cleaner is the object of “called,” so “him” most naturally refers to “the cleaner” — the guard asked the cleaner to open the door.  
6. There’s no ambiguity here because the guard wouldn’t ask himself to open the door in this construction.  

Final answer: (B)",(B),(B),True,option_letter,,cot_zs,disambiguation_qa,1
46,"In the following sentences, explain the antecedent of the pronoun (which thing the pronoun refers to), or state that it is ambiguous.
Sentence: After meeting with the producers, Sam goes to her office.
Options:
(A) It is Sam's office
(B) It is the producers' office
(C) Ambiguous",(A),"Let’s reason through this step by step.  

1. The sentence is: *After meeting with the producers, Sam goes to her office.*  
2. The pronoun in question is **""her""**.  
3. Possible antecedents for ""her"":  
   - **Sam** (since ""her"" could refer to Sam if Sam is female)  
   - **The producers** (if the producers are female and ""her"" refers to one of them or the group)  
4. Grammatically, ""her"" most naturally refers to the subject of the main clause (""Sam"") unless context suggests otherwise.  
5. There is no explicit information that the producers are female or that the office belongs to them.  
6. Without such context, the default reading is that ""her"" refers to Sam, so it’s **Sam’s office**.  
7. However, if the producers were previously mentioned as female, it could be ambiguous — but here no prior context is given, so the most natural interpretation is (A).  

Final answer: (A)",(A),(A),True,option_letter,,cot_zs,disambiguation_qa,1
47,"In the following sentences, explain the antecedent of the pronoun (which thing the pronoun refers to), or state that it is ambiguous.
Sentence: The manager asked the employee to not forget his car.
Options:
(A) It was the manager's car
(B) It was the employee's car
(C) Ambiguous",(C),"Let’s break this down:  

The sentence is:  
> The manager asked the employee to not forget his car.  

The pronoun “his” could refer to either the manager or the employee.  
- If “his” refers to the manager, then the manager is reminding the employee not to forget the manager’s car.  
- If “his” refers to the employee, then the manager is reminding the employee not to forget the employee’s own car.  

There’s no additional context in the sentence to determine whose car it is, so the reference is ambiguous.  

Final answer: (C)",(C),(C),True,option_letter,,cot_zs,disambiguation_qa,1
48,"In the following sentences, explain the antecedent of the pronoun (which thing the pronoun refers to), or state that it is ambiguous.
Sentence: The sheriff protected the writer because he upholds the peace.
Options:
(A) The sheriff upholds the peace
(B) The writer upholds the peace
(C) Ambiguous",(A),"Let’s break this down:  

The sentence is:  
*The sheriff protected the writer because he upholds the peace.*  

- The pronoun “he” could refer to either “the sheriff” or “the writer.”  
- If “he” refers to the sheriff, then the sheriff upholds the peace, which is a typical role of a sheriff, so that makes sense.  
- If “he” refers to the writer, then the writer upholds the peace, which is less typical but possible if the writer is an activist or public figure promoting peace.  
- There’s no grammatical rule or clear contextual clue forcing one interpretation over the other.  
- Therefore, the reference is ambiguous.  

Final answer: (C)",(C),(A),False,option_letter,,cot_zs,disambiguation_qa,1
49,"In the following sentences, explain the antecedent of the pronoun (which thing the pronoun refers to), or state that it is ambiguous.
Sentence: The mechanic disliked the cashier because they are arrogant.
Options:
(A) The mechanic is arrogant
(B) The cashier is arrogant
(C) Ambiguous",(C),"Let’s break this down:  

1. The sentence is: *The mechanic disliked the cashier because they are arrogant.*  
2. The pronoun “they” could refer to either “the mechanic” or “the cashier” grammatically.  
3. Logically, if the mechanic disliked the cashier, the reason is likely something negative about the cashier.  
4. However, “they” is ambiguous in English here — it could be singular (referring to the cashier) or plural (referring to both), but without more context, both interpretations are possible:  
   - The cashier is arrogant (so the mechanic dislikes them).  
   - The mechanic is arrogant (so they dislike the cashier — less likely but grammatically possible).  
5. Since both readings are grammatically valid and the sentence doesn’t clarify, the antecedent is ambiguous.  

Final answer: (C)",(C),(C),True,option_letter,,cot_zs,disambiguation_qa,1
50,"In the following sentences, explain the antecedent of the pronoun (which thing the pronoun refers to), or state that it is ambiguous.
Sentence: Alex tells us that they could not meet.
Options:
(A) Alex could not meet
(B) We could not meet
(C) Ambiguous",(A),"Let’s break this down:  

The sentence is: *Alex tells us that they could not meet.*  

- “Alex” is the subject of “tells.”  
- “Us” is the indirect object (the listeners).  
- “They” is a pronoun in the clause “that they could not meet.”  
- “They” could refer to Alex and someone else (meaning Alex + others could not meet), or “they” could refer to “us” (meaning we could not meet), or “they” could refer to some other group not mentioned.  

Since “they” is not clearly tied to “Alex” alone or “us” alone without further context, the reference is ambiguous.  

**Final answer: (C)**",(C),(A),False,option_letter,,cot_zs,disambiguation_qa,1
51,"In the following sentences, explain the antecedent of the pronoun (which thing the pronoun refers to), or state that it is ambiguous.
Sentence: The developer was unable to communicate with the writer because she used big words.
Options:
(A) The developer uses big words
(B) The writer uses big words
(C) Ambiguous",(C),"Let’s break this down:  

The sentence is:  
*The developer was unable to communicate with the writer because she used big words.*  

- The pronoun “she” could refer to either “the developer” or “the writer” — both are singular and female in this context.  
- There’s no additional grammatical clue (like proximity or parallel structure) that forces one interpretation over the other.  
- Logically, if the developer couldn’t communicate with the writer, it could be because the writer used big words (making communication hard for the developer), or because the developer used big words (making communication hard for the writer to understand). Both are possible without more context.  

Since either interpretation is possible, the antecedent is ambiguous.  

Final answer: (C)",(C),(C),True,option_letter,,cot_zs,disambiguation_qa,1
52,"In the following sentences, explain the antecedent of the pronoun (which thing the pronoun refers to), or state that it is ambiguous.
Sentence: The pathologist obtained tissue samples from the victim to look at under her microscope.
Options:
(A) It was the pathologist's microscope
(B) It was the victim's microscope
(C) Ambiguous",(A),"Let’s break this down:  

1. The sentence is:  
   *The pathologist obtained tissue samples from the victim to look at under her microscope.*  

2. The pronoun “her” could grammatically refer to either the pathologist or the victim, since both are presumably female in this context.  

3. However, in typical contexts, a pathologist would use her own microscope for examining tissue samples, not the victim’s.  

4. Still, the sentence does not explicitly state whose microscope it is, so technically both interpretations are grammatically possible.  

5. Since both are grammatically possible and no additional context forces one interpretation, the antecedent is ambiguous from the sentence alone.  

Final answer: (C)",(C),(A),False,option_letter,,cot_zs,disambiguation_qa,1
53,"In the following sentences, explain the antecedent of the pronoun (which thing the pronoun refers to), or state that it is ambiguous.
Sentence: The homeowner asked the inspector if the house she had purchased was structurally sound.
Options:
(A) The homeowner had purchased
(B) The inspector had purchased
(C) Ambiguous",(A),"Let’s break this down:  

1. The sentence is: *The homeowner asked the inspector if the house she had purchased was structurally sound.*  
2. The pronoun “she” appears after “the inspector” but before “had purchased.”  
3. In English, a pronoun usually refers to the most recently mentioned plausible antecedent unless context suggests otherwise.  
4. “The homeowner” is female here (since “she” is used), and “the inspector” could be male or female, but the sentence doesn’t specify the inspector’s gender.  
5. The most plausible reading is that “she” refers to “the homeowner” because:  
   - It’s the homeowner who would be concerned about the structural soundness of a house they purchased.  
   - If “she” referred to the inspector, that would mean the inspector purchased the house, which is unlikely in this typical scenario.  
6. However, grammatically, both are possible if the inspector were female and had purchased the house.  
   But since no context forces that unusual reading, the default interpretation is that “she” refers to the homeowner.  

Thus, the antecedent is **not ambiguous** in the most natural reading.  

Final answer: (A)",(A),(A),True,option_letter,,cot_zs,disambiguation_qa,1
54,"In the following sentences, explain the antecedent of the pronoun (which thing the pronoun refers to), or state that it is ambiguous.
Sentence: The assistant asked the physician if she needs any help.
Options:
(A) Asked if the assistant needs help
(B) Asked if the physician needs help
(C) Ambiguous",(B),"Let’s break this down:  

1. The sentence is: *The assistant asked the physician if she needs any help.*  
2. The pronoun “she” could refer to either “the assistant” or “the physician” because both are plausible in context.  
3. There’s no additional context (such as prior sentences) to clarify which person is meant.  
4. Therefore, the reference is ambiguous.  

Final answer: (C)",(C),(B),False,option_letter,,cot_zs,disambiguation_qa,1
55,"In the following sentences, explain the antecedent of the pronoun (which thing the pronoun refers to), or state that it is ambiguous.
Sentence: The scientist will collaborate with the artist, and he will share a story.
Options:
(A) The scientist will share a story
(B) The artist will share a story
(C) Ambiguous",(C),"Let’s break this down:  

1. The sentence is: *The scientist will collaborate with the artist, and he will share a story.*  
2. The pronoun “he” could refer to either “the scientist” or “the artist” because both are singular and could be male.  
3. There is no additional context in the sentence to clarify which one “he” refers to.  
4. Therefore, the antecedent is ambiguous.  

Final answer: (C)",(C),(C),True,option_letter,,cot_zs,disambiguation_qa,1
56,"In the following sentences, explain the antecedent of the pronoun (which thing the pronoun refers to), or state that it is ambiguous.
Sentence: The carpenter told the onlooker that she had been working on the house for three weeks.
Options:
(A) The carpenter had been working on the house
(B) The onlooker had been working on the house
(C) Ambiguous",(A),"The pronoun ""she"" could refer to either ""the carpenter"" or ""the onlooker"" because both are plausible antecedents and no additional context clarifies which one is intended.  

Final answer: (C)",(C),(A),False,option_letter,,cot_zs,disambiguation_qa,1
57,"In the following sentences, explain the antecedent of the pronoun (which thing the pronoun refers to), or state that it is ambiguous.
Sentence: The reporter and the chef discussed their favorite dishes.
Options:
(A) They discussed the reporter's favorite dishes
(B) They discussed the chef's favorite dishes
(C) Ambiguous",(C),"The pronoun ""their"" is plural and refers to ""the reporter and the chef"" together.  
It means they discussed the favorite dishes of both the reporter and the chef, not just one person's.  
Since the question asks whether the pronoun refers to the reporter's dishes, the chef's dishes, or is ambiguous, the correct choice is that it is ambiguous because ""their"" could mean each person's own dishes or a shared set of dishes, but in either case it refers to both people, not just one.  

Final answer: (C)",(C),(C),True,option_letter,,cot_zs,disambiguation_qa,1
58,"In the following sentences, explain the antecedent of the pronoun (which thing the pronoun refers to), or state that it is ambiguous.
Sentence: The worker told the pedestrian that they should avoid the closed portion of the street.
Options:
(A) The worker should avoid the closed portion
(B) The pedestrian should avoid the closed portion
(C) Ambiguous",(B),"The pronoun ""they"" could refer to either ""the worker"" or ""the pedestrian"" in this sentence.  
There is no additional context to clarify whether the worker is telling the pedestrian to avoid the closed portion, or whether the worker is saying that they themselves should avoid it.  
Therefore, the antecedent is ambiguous.  

Final answer: (C)",(C),(B),False,option_letter,,cot_zs,disambiguation_qa,1
59,"In the following sentences, explain the antecedent of the pronoun (which thing the pronoun refers to), or state that it is ambiguous.
Sentence: The construction worker called the editor and told her the whole story.
Options:
(A) Told the construction worker the story
(B) Told the editor the story
(C) Ambiguous",(B),"Let’s break this down:  

The sentence is:  
*The construction worker called the editor and told her the whole story.*  

- “Her” is a feminine pronoun.  
- Possible female antecedents in the sentence: “the editor” (if the editor is female) or possibly someone else not mentioned, but in the sentence only “the editor” is a plausible antecedent for “her.”  
- “The construction worker” is the subject doing the telling, so “her” cannot refer to the construction worker unless the construction worker is female, but then the sentence would likely be “told *himself/herself*” or just “told her” meaning someone else.  
- Since “the editor” is the only female noun in the sentence that “her” could logically refer to, it’s not ambiguous here.  

Thus, the construction worker told the editor the story.  

Final answer: (B)",(B),(B),True,option_letter,,cot_zs,disambiguation_qa,1
60,"In the following sentences, explain the antecedent of the pronoun (which thing the pronoun refers to), or state that it is ambiguous.
Sentence: The customer and the chef discuss his culinary training.
Options:
(A) It is the customer's culinary training
(B) It is the chef's culinary training
(C) Ambiguous",(B),"The pronoun ""his"" could refer to either the customer or the chef, since both are singular nouns and either could logically possess culinary training. Without additional context, it is unclear which person the pronoun refers to.  

Final answer: (C)",(C),(B),False,option_letter,,cot_zs,disambiguation_qa,1
61,"In the following sentences, explain the antecedent of the pronoun (which thing the pronoun refers to), or state that it is ambiguous.
Sentence: The technician told the customer that she could pay with cash.
Options:
(A) The technician could pay
(B) The customer could pay
(C) Ambiguous",(B),"Let’s break this down:  

The sentence is:  
*The technician told the customer that she could pay with cash.*  

- The pronoun “she” could refer to either “the technician” or “the customer” because both are singular and female in this context.  
- There’s no additional grammatical or contextual clue to determine which one is meant.  
- Therefore, the reference is ambiguous.  

Final answer: (C)",(C),(B),False,option_letter,,cot_zs,disambiguation_qa,1
62,"In the following sentences, explain the antecedent of the pronoun (which thing the pronoun refers to), or state that it is ambiguous.
Sentence: The designer collaborated with the carpenter and gave her a blueprint.
Options:
(A) Gave the designer a blueprint
(B) Gave the carpenter a blueprint
(C) Ambiguous",(B),"Let’s reason through this step by step.  

The sentence is:  
*The designer collaborated with the carpenter and gave her a blueprint.*  

- The pronoun “her” could refer to either “the designer” or “the carpenter” if both are female.  
- The structure “The designer collaborated with the carpenter and gave her…” doesn’t clearly indicate who “her” is.  
- Without additional context, both interpretations are possible:  
  1. The designer gave the carpenter a blueprint.  
  2. The designer gave herself (the designer) a blueprint — though that would be odd logically, it’s grammatically possible.  
- Since both are grammatically possible and no context clarifies, the reference is ambiguous.  

Final answer: (C)",(C),(B),False,option_letter,,cot_zs,disambiguation_qa,1
63,"In the following sentences, explain the antecedent of the pronoun (which thing the pronoun refers to), or state that it is ambiguous.
Sentence: Bailey will plan to meet the director at her office
Options:
(A) It will be Bailey's office
(B) It will be the director's office
(C) Ambiguous",(C),"The pronoun ""her"" could refer to either Bailey or the director, since both are mentioned before the pronoun and either could logically have an office. Without additional context, it’s unclear whose office is meant.  

Final answer: (C)",(C),(C),True,option_letter,,cot_zs,disambiguation_qa,1
64,"In the following sentences, explain the antecedent of the pronoun (which thing the pronoun refers to), or state that it is ambiguous.
Sentence: The mechanic greets the receptionist because they are standing in front of the door.
Options:
(A) The mechanic is standing in front of the door
(B) The receptionist is standing in front of the door
(C) Ambiguous",(C),"Let’s break this down:  

1. The sentence is: *""The mechanic greets the receptionist because they are standing in front of the door.""*  
2. The pronoun ""they"" could refer to either ""the mechanic"" or ""the receptionist"" — or possibly both.  
3. In English, ""they"" is often used as a singular pronoun when gender is unknown, but here it could also be plural.  
4. Without more context, we can’t tell if ""they"" means the mechanic, the receptionist, or both together.  
5. Therefore, the antecedent is ambiguous.  

Final answer: (C)",(C),(C),True,option_letter,,cot_zs,disambiguation_qa,1
65,"In the following sentences, explain the antecedent of the pronoun (which thing the pronoun refers to), or state that it is ambiguous.
Sentence: This story could not be published without the writer and her friends' support.
Options:
(A) They were the writer's friends
(B) They were the friends' friends
(C) They were the story's friends
(D) Ambiguous",(A),"Let’s break this down.  

The sentence is:  
> This story could not be published without the writer and her friends' support.  

The pronoun in question is ""her"" (though not explicitly listed in the options, the antecedent is relevant to the meaning).  
""Her"" refers back to ""the writer"" — ""her friends"" means the writer’s friends.  

Now, the options seem to be about who ""they"" refers to if we replaced ""her friends"" with ""they"" in a paraphrase.  
- (A) They were the writer's friends → matches ""her friends""  
- (B) They were the friends' friends → no, that’s not indicated  
- (C) They were the story's friends → no  
- (D) Ambiguous → not ambiguous here; ""her"" clearly refers to the writer  

So the antecedent of ""her"" is ""the writer,"" and thus ""her friends"" means the writer’s friends.  

Final answer: (A)",(A),(A),True,option_letter,,cot_zs,disambiguation_qa,1
66,"In the following sentences, explain the antecedent of the pronoun (which thing the pronoun refers to), or state that it is ambiguous.
Sentence: The supervisor gave the employee feedback on their stellar performance.
Options:
(A) It was the supervisor's performance
(B) It was the employee's performance
(C) Ambiguous",(B),"The pronoun ""their"" in the sentence could grammatically refer to either the supervisor or the employee, but in common usage, ""their"" is often used as a singular gender-neutral pronoun referring back to ""the employee.""  
However, the phrase ""on their stellar performance"" logically refers to the employee's performance, because supervisors typically give feedback to employees about the employees' performance, not their own.  
Thus, the antecedent is most logically ""the employee.""

Final answer: (B)",(B),(B),True,option_letter,,cot_zs,disambiguation_qa,1
67,"In the following sentences, explain the antecedent of the pronoun (which thing the pronoun refers to), or state that it is ambiguous.
Sentence: Before he sent the letter, Alex did not know Taylor.
Options:
(A) Alex sent the letter
(B) Taylor sent the letter
(C) Ambiguous",(C),"Let’s break this down:  

The sentence is:  
""Before he sent the letter, Alex did not know Taylor.""  

- ""He"" is a pronoun in the first clause.  
- The second clause introduces ""Alex"" as the subject.  
- In English, when a pronoun appears before the noun it refers to (cataphora), it usually refers to the subject of the main clause unless context suggests otherwise.  
- Here, ""he"" appears before ""Alex"" is mentioned, but the main clause is ""Alex did not know Taylor,"" so ""Alex"" is the subject of the main clause.  
- Therefore, ""he"" most naturally refers to ""Alex.""  
- That means Alex sent the letter.  

So the antecedent of ""he"" is Alex.  

Final answer: (A)",(A),(C),False,option_letter,,cot_zs,disambiguation_qa,1
68,"In the following sentences, explain the antecedent of the pronoun (which thing the pronoun refers to), or state that it is ambiguous.
Sentence: My cousin called their boss for more information
Options:
(A) They were my cousin's boss
(B) They were the boss's boss
(C) Ambiguous",(A),"The pronoun ""their"" is a possessive pronoun referring back to ""my cousin.""  
It indicates that the boss belongs to the cousin, so the antecedent is ""my cousin.""  

Final answer: (A)",(A),(A),True,option_letter,,cot_zs,disambiguation_qa,1
69,"In the following sentences, explain the antecedent of the pronoun (which thing the pronoun refers to), or state that it is ambiguous.
Sentence: The carpenter collaborated with the designer and gave her a prototype.
Options:
(A) Gave the carpenter a prototype
(B) Gave the designer a prototype
(C) Ambiguous",(B),"Let’s break this down:  

1. The sentence is: *The carpenter collaborated with the designer and gave her a prototype.*  
2. The pronoun “her” could refer to either “the carpenter” (if the carpenter is female) or “the designer” (if the designer is female).  
3. There’s no additional context to determine which one is female, so both are possible.  
4. Therefore, the antecedent is ambiguous.  

Final answer: (C)",(C),(B),False,option_letter,,cot_zs,disambiguation_qa,1
70,"In the following sentences, explain the antecedent of the pronoun (which thing the pronoun refers to), or state that it is ambiguous.
Sentence: The scientist collaborates with the artist, and she shares a story.
Options:
(A) The scientist shares a story
(B) The artist shares a story
(C) Ambiguous",(C),"The pronoun ""she"" could refer to either ""the scientist"" or ""the artist,"" since both are singular and could be female. The sentence does not provide additional context to determine which one is being referred to.  

Final answer: (C)",(C),(C),True,option_letter,,cot_zs,disambiguation_qa,1
71,"In the following sentences, explain the antecedent of the pronoun (which thing the pronoun refers to), or state that it is ambiguous.
Sentence: The scientist collaborated with the artist, and she shared a story.
Options:
(A) The scientist shared a story
(B) The artist shared a story
(C) Ambiguous",(C),"The pronoun ""she"" could refer to either ""the scientist"" or ""the artist,"" since both are singular and could be female.  
There is no additional context in the sentence to clarify which one is intended.  
Therefore, the antecedent is ambiguous.  

Final answer: (C)",(C),(C),True,option_letter,,cot_zs,disambiguation_qa,1
72,"In the following sentences, explain the antecedent of the pronoun (which thing the pronoun refers to), or state that it is ambiguous.
Sentence: The patient was referred to the specialist because they had a rare skin condition.
Options:
(A) The patient had a skin condition
(B) The specialist had a skin condition
(C) Ambiguous",(A),"Let’s break this down:  

1. The sentence is: *""The patient was referred to the specialist because they had a rare skin condition.""*  
2. The pronoun ""they"" could refer to either ""the patient"" or ""the specialist"" grammatically.  
3. In typical medical contexts, a patient is referred to a specialist because the **patient** has the condition, not the specialist.  
4. However, the sentence structure does not explicitly rule out the possibility that ""they"" refers to the specialist — it’s grammatically ambiguous.  
5. Since the question asks for the **antecedent** or to state it’s ambiguous, and given that both interpretations are grammatically possible without further context, the correct answer is that it’s ambiguous.  

Final answer: (C)",(C),(A),False,option_letter,,cot_zs,disambiguation_qa,1
73,"In the following sentences, explain the antecedent of the pronoun (which thing the pronoun refers to), or state that it is ambiguous.
Sentence: The driver yelled at the tailor after they broke a window.
Options:
(A) The driver broke a window
(B) The tailor broke a window
(C) Ambiguous",(C),"Let’s reason through this step by step.  

The sentence is:  
> The driver yelled at the tailor after they broke a window.  

The pronoun “they” could refer to:  
1. The driver  
2. The tailor  
3. Both together (unlikely here)  
4. Some other unspecified group (but no other plural noun is present)  

Since “they” is grammatically plural, it cannot refer to a single person unless “they” is used as a singular pronoun for an unknown or nonbinary referent.  
However, in this sentence, there are two singular nouns (“driver” and “tailor”) before “they,” so “they” could refer to either:  
- The driver and some other unmentioned person(s)  
- The tailor and some other unmentioned person(s)  
- Both the driver and the tailor together  

Without additional context, we cannot determine whether “they” means the driver’s group, the tailor’s group, or both.  
Thus, the antecedent is ambiguous.  

Final answer: (C)",(S),(C),False,option_letter,,cot_zs,disambiguation_qa,1
74,"In the following sentences, explain the antecedent of the pronoun (which thing the pronoun refers to), or state that it is ambiguous.
Sentence: The patient disclosed to the counselor that she had a history of substance abuse.
Options:
(A) The patient had a history
(B) The counselor had a history
(C) Ambiguous",(A),"Let’s break this down:  

1. The sentence is: *The patient disclosed to the counselor that she had a history of substance abuse.*  
2. The pronoun “she” could refer to either “the patient” or “the counselor” grammatically.  
3. However, in typical contexts, the person disclosing is sharing information about themselves unless otherwise indicated.  
4. Still, without extra context, the sentence does not specify gender of either person, so “she” could logically refer to either.  
5. Therefore, the reference is ambiguous because we cannot determine from the sentence alone whether “she” means the patient or the counselor.  

Final answer: (C)",(C),(A),False,option_letter,,cot_zs,disambiguation_qa,1
75,"In the following sentences, explain the antecedent of the pronoun (which thing the pronoun refers to), or state that it is ambiguous.
Sentence: My parent called his secretary for more information
Options:
(A) They were my parent's secretary
(B) They were the secretary's secretary
(C) Ambiguous",(A),"Let’s break this down:  

The sentence is:  
> My parent called his secretary for more information.  

- “My parent” is singular and gendered male (“his” is used).  
- “His secretary” means the secretary belonging to my parent.  
- The pronoun in question is “his” — it refers back to “my parent.”  
- There’s no ambiguity here because “his” matches the gender and number of “my parent” and there’s no other male antecedent in the sentence.  

Now, the options:  
(A) They were my parent's secretary — This matches the meaning.  
(B) They were the secretary's secretary — This would require “his” to refer to “secretary,” but that’s not possible here because “secretary” hasn’t been mentioned before “his” and isn’t the possessor.  
(C) Ambiguous — Not correct, since the antecedent is clear.  

Final answer: (A)",(C),(A),False,option_letter,,cot_zs,disambiguation_qa,1
76,"In the following sentences, explain the antecedent of the pronoun (which thing the pronoun refers to), or state that it is ambiguous.
Sentence: The reporter and the chef discuss his favorite dishes.
Options:
(A) They discuss the reporter's favorite dishes
(B) They discuss the chef's favorite dishes
(C) Ambiguous",(C),"The pronoun ""his"" could refer to either the reporter or the chef, since both are singular nouns and either could logically have favorite dishes. The sentence does not provide additional context to determine whose favorite dishes are being discussed.  

Final answer: (C)",(C),(C),True,option_letter,,cot_zs,disambiguation_qa,1
77,"In the following sentences, explain the antecedent of the pronoun (which thing the pronoun refers to), or state that it is ambiguous.
Sentence: The visitor tells the teacher that she likes the cake.
Options:
(A) The visitor likes the cake
(B) The teacher likes the cake
(C) Ambiguous",(A),"Let’s break this down:  

The sentence is:  
> The visitor tells the teacher that she likes the cake.  

- The pronoun “she” could refer to either “the visitor” or “the teacher” because both are female in this context (implied by “she”).  
- There’s no additional context to determine which one is meant.  
- Therefore, the antecedent is ambiguous.  

Final answer: (C)",(C),(A),False,option_letter,,cot_zs,disambiguation_qa,1
78,"In the following sentences, explain the antecedent of the pronoun (which thing the pronoun refers to), or state that it is ambiguous.
Sentence: The lawyer looked into illegal accusations against the cashier, because he needed to understand the case.
Options:
(A) The lawyer needed to understand
(B) The cashier needed to understand
(C) Ambiguous",(A),"Let’s break this down:  

The sentence is:  
> The lawyer looked into illegal accusations against the cashier, because **he** needed to understand the case.  

- The pronoun “he” could refer to either “the lawyer” or “the cashier” grammatically.  
- Logically, the lawyer is the one looking into the accusations, so it’s natural to assume the lawyer is the one who needs to understand the case.  
- However, there’s no grammatical rule forcing “he” to refer only to the lawyer — it could be that the cashier needed to understand the case (e.g., why accusations were made against him).  
- Since both interpretations are grammatically possible and neither is ruled out by context, the reference is ambiguous.  

Final answer: (C)",(C),(A),False,option_letter,,cot_zs,disambiguation_qa,1
79,"In the following sentences, explain the antecedent of the pronoun (which thing the pronoun refers to), or state that it is ambiguous.
Sentence: Alex told us that they could not meet.
Options:
(A) Alex could not meet
(B) We could not meet
(C) Ambiguous",(A),"Let’s break this down:  

The sentence is: *Alex told us that they could not meet.*  

- “Alex” is the subject.  
- “us” is the object (the listeners).  
- “they” is a pronoun that could refer either to Alex (if Alex uses “they/them” pronouns or if “they” means Alex plus someone else) or to “us” (the group being addressed).  
- Without additional context, “they” is ambiguous — it could mean Alex and someone else, or it could mean “us” (the group Alex is addressing).  

Since the question asks for the antecedent or to state it’s ambiguous, and no extra context is given, the correct choice is that it’s ambiguous.  

Final answer: (C)",(C),(A),False,option_letter,,cot_zs,disambiguation_qa,1
80,"In the following sentences, explain the antecedent of the pronoun (which thing the pronoun refers to), or state that it is ambiguous.
Sentence: The chief told the counselor that he took the day off.
Options:
(A) The chief took the day off
(B) The counselor took the day off
(C) Ambiguous",(A),"Let’s reason through this step by step.  

The sentence is:  
*The chief told the counselor that he took the day off.*  

The pronoun “he” could refer to either “the chief” or “the counselor” because both are singular male persons in this context.  
There is no additional grammatical or contextual clue to determine which one is meant.  
Therefore, the reference is ambiguous.  

Final answer: (C)",(C),(A),False,option_letter,,cot_zs,disambiguation_qa,1
81,"In the following sentences, explain the antecedent of the pronoun (which thing the pronoun refers to), or state that it is ambiguous.
Sentence: The chief told the counselor that she took the day off.
Options:
(A) The chief took the day off
(B) The counselor took the day off
(C) Ambiguous",(A),"The sentence ""The chief told the counselor that she took the day off"" contains the pronoun ""she,"" which could refer to either the chief or the counselor.  
Since both are plausible antecedents and there is no additional context to clarify which one is intended, the reference is ambiguous.  

Final answer: (C)",(C),(A),False,option_letter,,cot_zs,disambiguation_qa,1
82,"In the following sentences, explain the antecedent of the pronoun (which thing the pronoun refers to), or state that it is ambiguous.
Sentence: Bailey plans to meet the director at her office
Options:
(A) It is Bailey's office
(B) It is the director's office
(C) Ambiguous",(C),"The pronoun ""her"" could refer to either Bailey or the director, since both are mentioned before the pronoun and both could plausibly have an office. Without additional context, it’s unclear whose office is being referred to.  

Final answer: (C)",(C),(C),True,option_letter,,cot_zs,disambiguation_qa,1
83,"In the following sentences, explain the antecedent of the pronoun (which thing the pronoun refers to), or state that it is ambiguous.
Sentence: The developer was unable to communicate with the writer because he used big words.
Options:
(A) The developer uses big words
(B) The writer uses big words
(C) Ambiguous",(C),"Let’s break this down:  

The sentence is:  
> The developer was unable to communicate with the writer because he used big words.  

The pronoun “he” could refer to either “the developer” or “the writer.”  
The structure doesn’t give a clear clue — both are singular male nouns, and the sentence doesn’t specify who used big words.  
If the writer used big words, that would explain why the developer couldn’t communicate with him.  
If the developer used big words, that wouldn’t logically explain why he couldn’t communicate with the writer (unless the writer didn’t understand them, but that’s not stated).  

However, without explicit disambiguation, many readers would find both interpretations possible, though one might be more plausible. In strict pronoun-antecedent ambiguity tests, if both are grammatically possible without clear syntactic binding, it’s considered ambiguous.  

Given the task’s likely goal, the correct answer is that it’s ambiguous.  

Final answer: (C)",(C),(C),True,option_letter,,cot_zs,disambiguation_qa,1
84,"In the following sentences, explain the antecedent of the pronoun (which thing the pronoun refers to), or state that it is ambiguous.
Sentence: The mechanic greets the receptionist because he was in a good mood.
Options:
(A) The mechanic was in a good mood
(B) The receptionist was in a good mood
(C) Ambiguous",(C),"The pronoun ""he"" could refer to either ""the mechanic"" or ""the receptionist"" based on typical English sentence structure.  
Since both are singular and male in this context, and no additional context clarifies who was in a good mood, the reference is ambiguous.  

Final answer: (C)",(C),(C),True,option_letter,,cot_zs,disambiguation_qa,1
85,"In the following sentences, explain the antecedent of the pronoun (which thing the pronoun refers to), or state that it is ambiguous.
Sentence: The surgeon warned the nurse that they needed more time to prepare.
Options:
(A) The surgeon needed more time
(B) The nurse needed more time
(C) Ambiguous",(C),"Let’s break this down:  

The sentence is:  
> The surgeon warned the nurse that they needed more time to prepare.  

- “They” could refer to the surgeon (the one giving the warning, implying they themselves need more time).  
- “They” could refer to the nurse (the one being warned, implying the nurse needs more time).  
- “They” could also refer to both together or to some other unmentioned team, but the most plausible readings are surgeon or nurse individually.  
- Without extra context, we can’t determine for sure whether the surgeon is saying “I need more time” or “You need more time.”  

Thus, the reference of “they” is **ambiguous** in this sentence.  

Final answer: (C)",(C),(C),True,option_letter,,cot_zs,disambiguation_qa,1
86,"In the following sentences, explain the antecedent of the pronoun (which thing the pronoun refers to), or state that it is ambiguous.
Sentence: The physician told the baker that she had cancer.
Options:
(A) The physician had cancer
(B) The baker had cancer
(C) Ambiguous",(B),"The sentence ""The physician told the baker that she had cancer"" contains the pronoun ""she,"" which could refer to either the physician or the baker.  
Since both are plausible antecedents and there is no additional context to clarify which one is intended, the reference is ambiguous.  

Final answer: (C)",(C),(B),False,option_letter,,cot_zs,disambiguation_qa,1
87,"In the following sentences, explain the antecedent of the pronoun (which thing the pronoun refers to), or state that it is ambiguous.
Sentence: The secretary came to the analyst's office and helped him to book a flight.
Options:
(A) Helped the secretary book a flight
(B) Helped the analyst book a flight
(C) Ambiguous",(B),"Let’s break this down:  

The sentence is:  
*The secretary came to the analyst's office and helped him to book a flight.*  

- ""The secretary"" is the subject of ""came"" and also the implied subject of ""helped.""  
- ""him"" is the object of ""helped.""  
- Possible antecedents for ""him"":  
  1. The analyst — because ""the analyst's office"" implies the analyst is there, and ""him"" could naturally refer to the analyst.  
  2. The secretary — but that would require ""helped himself,"" not ""helped him,"" so that’s grammatically unlikely.  

Since ""him"" cannot refer back to the secretary (the subject) without a reflexive pronoun (""himself""), the only plausible antecedent is the analyst.  

Thus, it’s not ambiguous.  

Final answer: (B)",(B),(B),True,option_letter,,cot_zs,disambiguation_qa,1
88,"In the following sentences, explain the antecedent of the pronoun (which thing the pronoun refers to), or state that it is ambiguous.
Sentence: The developer met with the designer because his idea can be implemented.
Options:
(A) The developer's idea could be implemented
(B) The designer's idea could be implemented
(C) Ambiguous",(C),"Let’s reason through this step by step.  

The sentence is:  
*The developer met with the designer because his idea can be implemented.*  

The pronoun “his” could refer to either the developer or the designer.  
- If “his” refers to the developer, then the developer’s idea can be implemented, and that’s why they met.  
- If “his” refers to the designer, then the designer’s idea can be implemented, and that’s why they met.  

There’s no grammatical or contextual clue that forces one interpretation over the other.  
Therefore, the antecedent of “his” is ambiguous.  

Final answer: (C)",(C),(C),True,option_letter,,cot_zs,disambiguation_qa,1
89,"In the following sentences, explain the antecedent of the pronoun (which thing the pronoun refers to), or state that it is ambiguous.
Sentence: The educator was meeting with a student to discuss her grading policy.
Options:
(A) It was the educator's grading policy
(B) It was the student's grading policy
(C) Ambiguous",(A),"Let’s break this down:  

The sentence is:  
> The educator was meeting with a student to discuss her grading policy.  

- The pronoun “her” could refer to either “the educator” or “a student” because both are singular and female in this context.  
- There’s no additional context in the sentence to clarify whose grading policy is being discussed.  
- Without extra information, “her” is ambiguous between the educator and the student.  

Therefore, the antecedent is ambiguous.  

Final answer: (C)",(C),(A),False,option_letter,,cot_zs,disambiguation_qa,1
90,"In the following sentences, explain the antecedent of the pronoun (which thing the pronoun refers to), or state that it is ambiguous.
Sentence: After meeting with the producers, Sam will go to their office.
Options:
(A) It will be the producers' office
(B) It will be Sam's office
(C) Ambiguous",(C),"Let’s break this down:  

1. The sentence is: *After meeting with the producers, Sam will go to their office.*  
2. The pronoun “their” refers back to “the producers” because “their” is a possessive pronoun directly following the noun phrase “the producers.”  
3. There is no other plural noun in the sentence that “their” could refer to.  
4. Therefore, “their office” means the office belonging to the producers.  

Final answer: (A)",(A),(C),False,option_letter,,cot_zs,disambiguation_qa,1
91,"In the following sentences, explain the antecedent of the pronoun (which thing the pronoun refers to), or state that it is ambiguous.
Sentence: The guard called the cleaner and asked her to open the door.
Options:
(A) Asked the guard
(B) Asked the cleaner
(C) Ambiguous",(B),"Let’s break this down:  

1. The sentence is: *The guard called the cleaner and asked her to open the door.*  
2. The pronoun “her” appears after “asked.”  
3. “Her” could grammatically refer to either “the guard” or “the cleaner,” but we check context and typical interpretation.  
4. Usually, in such a structure (“X called Y and asked her…”), “her” refers to the last-mentioned female person — here, “the cleaner.”  
5. If “her” referred to “the guard,” it would be odd because the guard is the one doing the asking, not being asked.  
6. Therefore, the antecedent is “the cleaner.”  

Final answer: (B)",(B),(B),True,option_letter,,cot_zs,disambiguation_qa,1
92,"In the following sentences, explain the antecedent of the pronoun (which thing the pronoun refers to), or state that it is ambiguous.
Sentence: The lawyer looked into illegal accusations against the cashier, because they needed to understand the case.
Options:
(A) The lawyer needed to understand
(B) The cashier needed to understand
(C) Ambiguous",(A),"Let’s break this down:  

1. The sentence is:  
   *""The lawyer looked into illegal accusations against the cashier, because they needed to understand the case.""*  

2. The pronoun ""they"" could refer to either ""the lawyer"" or ""the cashier.""  

3. If ""they"" refers to ""the lawyer"":  
   - The lawyer is investigating accusations, so it makes sense that the lawyer needs to understand the case.  

4. If ""they"" refers to ""the cashier"":  
   - The cashier is the one accused, so it could also make sense that the cashier needs to understand the case.  

5. Grammatically, ""they"" is plural, but it can be used as a singular pronoun for a person of unspecified gender. Both ""lawyer"" and ""cashier"" are singular nouns that could be referred to by singular ""they"" if we don’t know their gender.  

6. There is no grammatical rule forcing ""they"" to refer to the closest noun (""cashier"") or the subject (""lawyer"").  

7. Without additional context, both interpretations are plausible, so the reference is ambiguous.  

Final answer: (C)",(C),(A),False,option_letter,,cot_zs,disambiguation_qa,1
93,"In the following sentences, explain the antecedent of the pronoun (which thing the pronoun refers to), or state that it is ambiguous.
Sentence: The customer and the chef discussed her culinary training.
Options:
(A) It was the customer's culinary training
(B) It was the chef's culinary training
(C) Ambiguous",(B),"The pronoun ""her"" could refer to either the customer or the chef, since both are singular nouns and either could logically have a culinary training.  
The sentence does not provide additional context to determine which one is meant.  

Final answer: (C)",(C),(B),False,option_letter,,cot_zs,disambiguation_qa,1
94,"In the following sentences, explain the antecedent of the pronoun (which thing the pronoun refers to), or state that it is ambiguous.
Sentence: The developer argued with the designer because she liked the design.
Options:
(A) The developer liked the design
(B) The designer liked the design
(C) Ambiguous",(C),"Let’s break this down:  

1. The sentence is: *The developer argued with the designer because she liked the design.*  
2. The pronoun “she” could refer to either “the developer” or “the designer” — both are singular and could be female.  
3. There’s no additional grammatical or contextual clue in the sentence to determine which one “she” refers to.  
4. Therefore, the antecedent is ambiguous.  

Final answer: (C)",(C),(C),True,option_letter,,cot_zs,disambiguation_qa,1
95,"In the following sentences, explain the antecedent of the pronoun (which thing the pronoun refers to), or state that it is ambiguous.
Sentence: The mechanic called to inform the customer that their car would be ready in the morning.
Options:
(A) It was the mechanic's car
(B) It was the customer's car
(C) Ambiguous",(B),"Let’s break this down:  

1. The sentence is: *The mechanic called to inform the customer that their car would be ready in the morning.*  
2. The pronoun in question is **""their""**.  
3. ""Their"" could grammatically refer to either the mechanic or the customer.  
4. However, in the context of a mechanic calling a customer, the most natural interpretation is that the car belongs to the customer — because mechanics usually work on customers’ cars, not their own, in such professional calls.  
5. Still, the sentence does not explicitly rule out the possibility that the mechanic is referring to their own car (e.g., if the mechanic had lent it to the customer).  
6. Since both interpretations are grammatically possible and neither is excluded by context, the reference is **ambiguous** from a purely linguistic standpoint.  

Final answer: (C)",(C),(B),False,option_letter,,cot_zs,disambiguation_qa,1
96,"In the following sentences, explain the antecedent of the pronoun (which thing the pronoun refers to), or state that it is ambiguous.
Sentence: Before she sent the letter, Alex did not know Taylor.
Options:
(A) Alex sent the letter
(B) Taylor sent the letter
(C) Ambiguous",(C),"Let’s break this down:  

The sentence is:  
""Before she sent the letter, Alex did not know Taylor.""  

- The pronoun ""she"" appears before the subject ""Alex"" in the main clause.  
- In English, a pronoun in a subordinate clause (""Before she sent the letter"") often refers to the subject of the main clause (""Alex"") unless context indicates otherwise.  
- Here, ""Alex"" could be male or female, but the pronoun ""she"" tells us Alex is female.  
- Therefore, ""she"" refers to Alex.  
- That means Alex sent the letter.  

So the antecedent is Alex.  

Final answer: (A)",(A),(C),False,option_letter,,cot_zs,disambiguation_qa,1
97,"In the following sentences, explain the antecedent of the pronoun (which thing the pronoun refers to), or state that it is ambiguous.
Sentence: The technician told the customer that they could pay with cash.
Options:
(A) The technician could pay
(B) The customer could pay
(C) Ambiguous",(B),"Let’s break this down:  

The sentence is:  
*The technician told the customer that they could pay with cash.*  

- “They” is a pronoun that could refer to either “the technician” or “the customer.”  
- In English, when you have “X told Y that they …,” the pronoun “they” can refer to X or Y depending on context.  
- Here, there’s no additional context to clarify whether “they” means the technician or the customer.  
- Therefore, the reference is ambiguous.  

Final answer: (C)",(C),(B),False,option_letter,,cot_zs,disambiguation_qa,1
98,"In the following sentences, explain the antecedent of the pronoun (which thing the pronoun refers to), or state that it is ambiguous.
Sentence: The worker told the pedestrian that she was repairing the sidewalk as quickly as possible.
Options:
(A) The worker was repairing
(B) The pedestrian was repairing
(C) Ambiguous",(A),"Let’s break this down:  

The sentence is:  
*The worker told the pedestrian that she was repairing the sidewalk as quickly as possible.*  

- The pronoun “she” could refer to either “the worker” or “the pedestrian.”  
- There’s no grammatical rule or clear contextual clue that forces one interpretation over the other.  
- Both are plausible:  
  1. The worker (female) is repairing the sidewalk and tells the pedestrian this fact.  
  2. The worker is telling the pedestrian (female) that she (the pedestrian) is repairing the sidewalk — which is odd but grammatically possible.  

Since both readings are possible without further context, the antecedent is ambiguous.  

**Final answer: (C)**",(C),(A),False,option_letter,,cot_zs,disambiguation_qa,1
99,"In the following sentences, explain the antecedent of the pronoun (which thing the pronoun refers to), or state that it is ambiguous.
Sentence: The scientist collaborated with the artist, and they shared a story.
Options:
(A) The scientist shared a story
(B) The artist shared a story
(C) Ambiguous",(C),"The pronoun ""they"" could refer to either ""the scientist"" alone (using ""they"" in a singular sense for a person of unspecified gender), or to both ""the scientist"" and ""the artist"" together.  
Since both interpretations are possible without further context, the antecedent is ambiguous.  

Final answer: (C)",(C),(C),True,option_letter,,cot_zs,disambiguation_qa,1
100,"In the following sentences, explain the antecedent of the pronoun (which thing the pronoun refers to), or state that it is ambiguous.
Sentence: The developer argued with the designer because they liked the design.
Options:
(A) The developer liked the design
(B) The designer liked the design
(C) Ambiguous",(C),"The pronoun ""they"" could refer to either ""the developer"" or ""the designer"" in this sentence.  
There is no additional context to clarify who liked the design, so the antecedent is ambiguous.  

Final answer: (C)",(C),(C),True,option_letter,,cot_zs,disambiguation_qa,1
101,"In the following sentences, explain the antecedent of the pronoun (which thing the pronoun refers to), or state that it is ambiguous.
Sentence: The manager asked the employee to not forget her car.
Options:
(A) It was the manager's car
(B) It was the employee's car
(C) Ambiguous",(C),"Let’s break this down:  

The sentence is:  
*The manager asked the employee to not forget her car.*  

- The pronoun “her” could refer to either “the manager” or “the employee” because both are singular and could be female.  
- There’s no additional context in the sentence to clarify whose car it is.  
- Without extra information, we cannot determine whether “her” refers to the manager or the employee.  

Therefore, the antecedent is ambiguous.  

Final answer: (C)",(C),(C),True,option_letter,,cot_zs,disambiguation_qa,1
102,"In the following sentences, explain the antecedent of the pronoun (which thing the pronoun refers to), or state that it is ambiguous.
Sentence: The homeowner asked the inspector if the house he had purchased was structurally sound.
Options:
(A) The homeowner had purchased
(B) The inspector had purchased
(C) Ambiguous",(A),"Let’s break this down:  

The sentence is:  
*The homeowner asked the inspector if the house he had purchased was structurally sound.*  

- The pronoun “he” could refer to either “the homeowner” or “the inspector.”  
- Normally, the nearest noun before the pronoun is “the inspector,” which might suggest “the inspector had purchased.”  
- However, common sense suggests that the person who buys the house is usually the homeowner, not the inspector.  
- Without additional context, both interpretations are grammatically possible, but the sentence alone does not specify.  

Therefore, the antecedent is ambiguous.  

Final answer: (C)",(C),(A),False,option_letter,,cot_zs,disambiguation_qa,1
103,"In the following sentences, explain the antecedent of the pronoun (which thing the pronoun refers to), or state that it is ambiguous.
Sentence: The manager sent a message to the secretary, but they didn't reply yet.
Options:
(A) The secretary didn't reply yet
(B) The manager didn't reply yet
(C) Ambiguous",(A),"Let’s break this down:  

1. The sentence is: *The manager sent a message to the secretary, but they didn't reply yet.*  
2. The pronoun ""they"" could refer to either ""the manager"" or ""the secretary"" in theory.  
3. However, the context suggests that the manager sent the message, so the natural expectation is that the secretary should reply.  
4. But ""they"" is grammatically ambiguous because it could refer to either the manager (if the manager was expected to reply to something else) or the secretary (if the secretary was expected to reply to the message).  
5. Without additional context, we cannot definitively determine whether ""they"" refers to the manager or the secretary.  

Thus, the antecedent is ambiguous.  

Final answer: (C)",(C),(A),False,option_letter,,cot_zs,disambiguation_qa,1
104,"In the following sentences, explain the antecedent of the pronoun (which thing the pronoun refers to), or state that it is ambiguous.
Sentence: The scientist collaborates with the artist, and he shares a story.
Options:
(A) The scientist shares a story
(B) The artist shares a story
(C) Ambiguous",(C),"Let’s break this down:  

1. The sentence is: *The scientist collaborates with the artist, and he shares a story.*  
2. The pronoun “he” could refer to either “the scientist” or “the artist” because both are singular and male (assuming “he” indicates male gender).  
3. There’s no additional context in the sentence to clarify which one “he” refers to.  
4. Therefore, the antecedent is ambiguous.  

Final answer: (C)",(C),(C),True,option_letter,,cot_zs,disambiguation_qa,1
105,"In the following sentences, explain the antecedent of the pronoun (which thing the pronoun refers to), or state that it is ambiguous.
Sentence: The sheriff protected the writer because they uphold the peace.
Options:
(A) The sheriff upholds the peace
(B) The writer upholds the peace
(C) Ambiguous",(A),"Let’s break this down:  

1. The sentence is: *The sheriff protected the writer because they uphold the peace.*  
2. The pronoun “they” could refer to either “the sheriff” or “the writer” grammatically.  
3. If “they” refers to “the sheriff,” then the meaning is: The sheriff protected the writer because the sheriff upholds the peace.  
4. If “they” refers to “the writer,” then the meaning is: The sheriff protected the writer because the writer upholds the peace.  
5. Both interpretations are grammatically possible and logically plausible.  
6. Without additional context, we cannot determine which one is intended.  

Therefore, the antecedent is ambiguous.  

Final answer: (C)",(C),(A),False,option_letter,,cot_zs,disambiguation_qa,1
106,"In the following sentences, explain the antecedent of the pronoun (which thing the pronoun refers to), or state that it is ambiguous.
Sentence: The cook is always teaching the assistant new techniques because they like to teach others.
Options:
(A) The cook likes to teach
(B) The assistant likes to teach
(C) Ambiguous",(A),"Let’s break this down:  

1. The sentence is:  
   *""The cook is always teaching the assistant new techniques because they like to teach others.""*  

2. The pronoun ""they"" could refer to either ""the cook"" or ""the assistant.""  

3. The first part says the cook is teaching the assistant — that’s already established.  

4. The reason given is ""because they like to teach others.""  
   - If ""they"" refers to the cook, then it means the cook teaches because the cook likes to teach.  
   - If ""they"" refers to the assistant, then it means the cook teaches because the assistant likes to teach — but that doesn’t make sense logically, because the assistant is the learner here, not the teacher.  

5. However, in English, sometimes ""they"" can be ambiguous even if one interpretation is less logical.  
   The grammar alone doesn’t force ""they"" to refer only to the cook — it could technically refer to either.  

6. Since both are grammatically possible, even if one is pragmatically odd, the antecedent is **ambiguous** in terms of the syntax and pronoun resolution rules.  

Final answer: (C)",(C),(A),False,option_letter,,cot_zs,disambiguation_qa,1
107,"In the following sentences, explain the antecedent of the pronoun (which thing the pronoun refers to), or state that it is ambiguous.
Sentence: Alex tells us that she could not meet.
Options:
(A) Alex could not meet
(B) We could not meet
(C) Ambiguous",(A),"Let’s break this down:  

The sentence is: *Alex tells us that she could not meet.*  

- “Alex” is the subject of the main clause.  
- “She” is the pronoun in the subordinate clause “that she could not meet.”  
- In English, a pronoun in this position most naturally refers to the subject of the main clause (“Alex”) unless context suggests otherwise.  
- There is no other female person mentioned in the sentence, so “she” almost certainly refers to Alex.  
- The sentence means: Alex tells us that Alex could not meet.  

Therefore, the antecedent is “Alex,” not “we,” and it is not ambiguous.  

Final answer: (A)",(A),(A),True,option_letter,,cot_zs,disambiguation_qa,1
108,"In the following sentences, explain the antecedent of the pronoun (which thing the pronoun refers to), or state that it is ambiguous.
Sentence: Bailey plans to meet the director at their office
Options:
(A) It is Bailey's office
(B) It is the director's office
(C) Ambiguous",(C),"The pronoun ""their"" could refer to either Bailey or the director, since both are singular nouns that could be matched with the singular ""they"" in modern usage. Without additional context, it is unclear whose office is meant.  

Final answer: (C)",(C),(C),True,option_letter,,cot_zs,disambiguation_qa,1
109,"In the following sentences, explain the antecedent of the pronoun (which thing the pronoun refers to), or state that it is ambiguous.
Sentence: The designer showed the cook a blueprint and asked her for feedback.
Options:
(A) Asked the designer
(B) Asked the cook
(C) Ambiguous",(B),"Let’s break this down:  

1. The sentence is: *""The designer showed the cook a blueprint and asked her for feedback.""*  
2. There are two female individuals mentioned: *the designer* and *the cook*.  
3. The pronoun *""her""* could logically refer to either one —  
   - If the designer asked the cook for feedback, then *""her""* = the cook.  
   - If the designer asked for feedback on the blueprint from someone else (the designer herself being female), then *""her""* = the designer.  
4. Without extra context, both interpretations are grammatically possible, though one might assume the more natural reading is that the designer asked the cook for feedback.  
5. However, since the sentence structure allows both possibilities and there’s no additional context forcing one interpretation, the pronoun reference is **ambiguous**.  

Final answer: (C)",(C),(B),False,option_letter,,cot_zs,disambiguation_qa,1
110,"In the following sentences, explain the antecedent of the pronoun (which thing the pronoun refers to), or state that it is ambiguous.
Sentence: The surgeon warned the nurse that she needed more time to prepare.
Options:
(A) The surgeon needed more time
(B) The nurse needed more time
(C) Ambiguous",(C),"The pronoun ""she"" could refer to either the surgeon or the nurse, since both are mentioned before the pronoun and both could plausibly need more time to prepare. Without additional context, it is unclear which one is intended.  

Final answer: (C)",(C),(C),True,option_letter,,cot_zs,disambiguation_qa,1
111,"In the following sentences, explain the antecedent of the pronoun (which thing the pronoun refers to), or state that it is ambiguous.
Sentence: The developer corrected the secretary because they better understood the problem.
Options:
(A) The developer understood the problem
(B) The secretary understood the problem
(C) Ambiguous",(A),"Let’s break this down:  

The sentence is:  
> The developer corrected the secretary because they better understood the problem.  

- The pronoun “they” could refer to either “the developer” or “the secretary.”  
- If “they” refers to the developer, then the developer understood the problem better.  
- If “they” refers to the secretary, then the secretary understood the problem better.  
- Both interpretations are grammatically possible, and the sentence does not contain enough context to decide which is intended.  

Therefore, the antecedent is ambiguous.  

Final answer: (C)",(C),(A),False,option_letter,,cot_zs,disambiguation_qa,1
112,"In the following sentences, explain the antecedent of the pronoun (which thing the pronoun refers to), or state that it is ambiguous.
Sentence: Before they sent the letter, Alex did not know Taylor.
Options:
(A) Alex sent the letter
(B) Taylor sent the letter
(C) Ambiguous",(C),"Let’s break this down:  

The sentence is:  
> Before they sent the letter, Alex did not know Taylor.  

- The pronoun “they” appears before we know who sent the letter.  
- “Alex” is mentioned after the pronoun, so “they” could refer to Alex only if Alex is considered part of a group (“they” as plural or singular they for a known person).  
- But “Alex did not know Taylor” suggests Alex and Taylor weren’t acquainted before the letter-sending event.  
- If “they” refers to Alex alone, then “Before Alex sent the letter, Alex did not know Taylor” is logically possible — but then why use “they” instead of “he” or “she” unless to conceal gender or because Alex uses they/them pronouns?  
- If “they” refers to some other group (not Alex), then Alex is unrelated to the sending of the letter.  
- The sentence does not specify who “they” is, so it could be Alex and others, or others excluding Alex.  

Because the referent of “they” is not specified in the sentence and could be Alex or could be other people, the antecedent is **ambiguous**.  

Final answer: (C)",(C),(C),True,option_letter,,cot_zs,disambiguation_qa,1
113,"In the following sentences, explain the antecedent of the pronoun (which thing the pronoun refers to), or state that it is ambiguous.
Sentence: The laborer handed the secretary a hammer because she asked for a tool.
Options:
(A) The laborer asked for a tool
(B) The secretary asked for a tool
(C) Ambiguous",(B),"Let’s break this down:  

The sentence is:  
*The laborer handed the secretary a hammer because she asked for a tool.*  

- The pronoun “she” could refer to either “the laborer” or “the secretary” based on grammar alone.  
- However, the context suggests that handing over the hammer was *because* she asked for a tool.  
- If the laborer asked for a tool, why would she hand a hammer to the secretary? That doesn’t make sense.  
- It’s more logical that the secretary asked for a tool, so the laborer gave her a hammer.  

But is it grammatically unambiguous?  
No — grammar alone doesn’t prevent “she” from referring to the laborer (even if it’s pragmatically odd).  
Since both interpretations are grammatically possible, the sentence is **ambiguous** even if one is less plausible.  

Final answer: (C)",(C),(B),False,option_letter,,cot_zs,disambiguation_qa,1
114,"In the following sentences, explain the antecedent of the pronoun (which thing the pronoun refers to), or state that it is ambiguous.
Sentence: The developer was unable to communicate with the writer because they used big words.
Options:
(A) The developer uses big words
(B) The writer uses big words
(C) Ambiguous",(C),"Let’s reason through this step by step.  

The sentence is:  
> The developer was unable to communicate with the writer because they used big words.  

- The pronoun “they” could refer to either “the developer” or “the writer.”  
- The sentence says the developer was unable to communicate with the writer *because* “they used big words.”  
- If “they” refers to the writer, then the writer’s use of big words caused the communication problem — this makes sense logically.  
- If “they” refers to the developer, then the developer’s use of big words caused the communication problem — but that would be odd, because the developer is the one having trouble communicating; why would they cause the problem by using big words themselves?  
- However, in English, structurally both are possible, and without more context, we can’t be certain.  
- The task is to decide if the antecedent is clear or ambiguous. Since both interpretations are grammatically possible and neither is ruled out by the sentence alone, the pronoun reference is ambiguous.  

Final answer: (C)",(C),(C),True,option_letter,,cot_zs,disambiguation_qa,1
115,"In the following sentences, explain the antecedent of the pronoun (which thing the pronoun refers to), or state that it is ambiguous.
Sentence: The scientist will collaborate with the artist, and she will share a story.
Options:
(A) The scientist will share a story
(B) The artist will share a story
(C) Ambiguous",(C),"The pronoun ""she"" could refer to either ""the scientist"" or ""the artist,"" since both are singular nouns and either could plausibly share a story.  
The sentence does not provide additional context to determine which one ""she"" refers to.  

Final answer: (C)",(C),(C),True,option_letter,,cot_zs,disambiguation_qa,1
116,"In the following sentences, explain the antecedent of the pronoun (which thing the pronoun refers to), or state that it is ambiguous.
Sentence: The supervisor gave the employee feedback on his stellar performance.
Options:
(A) It was the supervisor's performance
(B) It was the employee's performance
(C) Ambiguous",(B),"The pronoun ""his"" could logically refer to either the supervisor or the employee, since both are male in this context and the sentence structure does not make it clear whose performance is being described.  
Therefore, the antecedent is ambiguous.

Final answer: (C)",(C),(B),False,option_letter,,cot_zs,disambiguation_qa,1
117,"In the following sentences, explain the antecedent of the pronoun (which thing the pronoun refers to), or state that it is ambiguous.
Sentence: The secretary corrected the developer because she better understood the problem.
Options:
(A) The secretary understood the problem
(B) The developer understood the problem
(C) Ambiguous",(A),"Let’s break this down:  

The sentence is:  
> The secretary corrected the developer because she better understood the problem.  

- “She” could refer to either “the secretary” or “the developer” grammatically.  
- Usually, the nearest plausible antecedent is “the developer,” but that doesn’t always determine the meaning.  
- If the secretary corrected the developer, the natural inference is that the secretary understood the problem better — otherwise, why would she correct the developer?  
- However, without extra context, the grammar alone allows “she” to refer to either woman.  
- In typical disambiguation tasks, if both interpretations are grammatically possible and neither is ruled out by strong semantic constraints, it’s considered ambiguous.  
- Here, the sentence doesn’t explicitly force only one interpretation, so it’s ambiguous.  

Final answer: (C)",(C),(A),False,option_letter,,cot_zs,disambiguation_qa,1
118,"In the following sentences, explain the antecedent of the pronoun (which thing the pronoun refers to), or state that it is ambiguous.
Sentence: Alex told us that she could not meet.
Options:
(A) Alex could not meet
(B) We could not meet
(C) Ambiguous",(A),"Let’s break this down:  

The sentence is: *Alex told us that she could not meet.*  

- The pronoun in question is **""she""**.  
- Possible antecedents:  
  1. **Alex** — if ""she"" refers back to Alex.  
  2. **Someone else** — if ""she"" refers to another female person not mentioned in the sentence.  

In the sentence, there’s no other female person mentioned, so the most natural reading is that ""she"" refers to Alex.  
However, in theory, ""she"" could refer to someone else previously known from context, but since the sentence stands alone, the default interpretation is that ""she"" = Alex.  

Thus, the antecedent is **Alex**, so the correct choice is:  

**Final answer: (A)**",(A),(A),True,option_letter,,cot_zs,disambiguation_qa,1
119,"In the following sentences, explain the antecedent of the pronoun (which thing the pronoun refers to), or state that it is ambiguous.
Sentence: The nurse was running from the laborer because he smelled awful.
Options:
(A) The nurse smelled awful
(B) The laborer smelled awful
(C) Ambiguous",(C),"Let’s break this down:  

The sentence is:  
*The nurse was running from the laborer because he smelled awful.*  

- The pronoun “he” could grammatically refer to either “the nurse” or “the laborer.”  
- However, the nurse is running *from* the laborer.  
- If the nurse were the one who smelled awful, it wouldn’t make much sense for him to run away from the laborer for that reason — the smell would presumably be with the nurse himself.  
- It’s more logical that the laborer smelled awful, causing the nurse to run away from him.  

So, while the grammar alone allows both readings, real-world reasoning strongly suggests “the laborer” is the intended antecedent.  

**Final answer: (B)**",(B),(C),False,option_letter,,cot_zs,disambiguation_qa,1
120,"In the following sentences, explain the antecedent of the pronoun (which thing the pronoun refers to), or state that it is ambiguous.
Sentence: The homeowner asked the inspector if the house they had purchased was structurally sound.
Options:
(A) The homeowner had purchased
(B) The inspector had purchased
(C) Ambiguous",(A),"Let’s break this down:  

1. The sentence is: *The homeowner asked the inspector if the house they had purchased was structurally sound.*  
2. The pronoun in question is **""they""**.  
3. ""They"" could refer to either **the homeowner** or **the inspector** — both are singular antecedents possible in this sentence.  
4. There’s no additional context in the sentence to clarify who purchased the house.  
5. Therefore, the antecedent is ambiguous.  

Final answer: (C)",(C),(A),False,option_letter,,cot_zs,disambiguation_qa,1
121,"In the following sentences, explain the antecedent of the pronoun (which thing the pronoun refers to), or state that it is ambiguous.
Sentence: The reporter and the chef will discuss her favorite dishes.
Options:
(A) They will discuss the reporter's favorite dishes
(B) They will discuss the chef's favorite dishes
(C) Ambiguous",(C),"The pronoun ""her"" could refer to either the reporter or the chef, since both are singular nouns and either could be female.  
The sentence does not provide additional context to determine whose favorite dishes are being discussed.  
Therefore, the antecedent is ambiguous.

Final answer: (C)",(C),(C),True,option_letter,,cot_zs,disambiguation_qa,1
122,"In the following sentences, explain the antecedent of the pronoun (which thing the pronoun refers to), or state that it is ambiguous.
Sentence: The developer was unable to communicate with the writer because they focus on code.
Options:
(A) The developer focuses on code
(B) The writer focuses on code
(C) Ambiguous",(A),"Let’s break this down:  

The sentence is:  
*""The developer was unable to communicate with the writer because they focus on code.""*  

- ""They"" is a pronoun that could refer to either ""the developer"" or ""the writer.""  
- The reason given for the inability to communicate is that ""they focus on code.""  
- Usually, developers focus on code, while writers focus on text/content.  
- If the writer focused on code, that would be unusual but possible.  
- Without additional context, the sentence allows both interpretations:  
  1. The developer focuses on code → communication fails because the developer is too technical.  
  2. The writer focuses on code → communication fails because the writer is unexpectedly technical and the developer can’t adapt.  

Since both readings are grammatically possible and neither is ruled out by real-world knowledge (though one is more plausible), the pronoun reference is **ambiguous** in this sentence.  

Final answer: (C)",(C),(A),False,option_letter,,cot_zs,disambiguation_qa,1
123,"In the following sentences, explain the antecedent of the pronoun (which thing the pronoun refers to), or state that it is ambiguous.
Sentence: The carpenter made a desk for the clerk and gave them a discount.
Options:
(A) Gave the carpenter a discount
(B) Gave the clerk a discount
(C) Ambiguous",(B),"Let’s break this down:  

1. The sentence is: *The carpenter made a desk for the clerk and gave them a discount.*  
2. The pronoun “them” could refer to either “the carpenter” or “the clerk.”  
3. “Them” is used here as a singular they, which is grammatically acceptable, but without extra context, we don’t know who received the discount.  
4. Logically, both interpretations are possible:  
   - The carpenter gave the clerk a discount on the desk.  
   - The carpenter gave themselves (the carpenter) a discount (less likely in real life but grammatically possible).  
5. Since the sentence does not specify, the reference is ambiguous.  

Final answer: (C)",(C),(B),False,option_letter,,cot_zs,disambiguation_qa,1
124,"In the following sentences, explain the antecedent of the pronoun (which thing the pronoun refers to), or state that it is ambiguous.
Sentence: The visitor told the teacher that he liked the cake.
Options:
(A) The visitor liked the cake
(B) The teacher liked the cake
(C) Ambiguous",(A),"Let’s break this down:  

The sentence is:  
> The visitor told the teacher that he liked the cake.  

- “He” could refer to **the visitor** (the visitor said to the teacher, “I liked the cake”).  
- “He” could also refer to **the teacher** (the visitor told the teacher, “You liked the cake”).  

There’s no additional context to determine which is correct, so the reference is ambiguous.  

Final answer: (C)",(C),(A),False,option_letter,,cot_zs,disambiguation_qa,1
125,"In the following sentences, explain the antecedent of the pronoun (which thing the pronoun refers to), or state that it is ambiguous.
Sentence: The reporter and the chef will discuss his favorite dishes.
Options:
(A) They will discuss the reporter's favorite dishes
(B) They will discuss the chef's favorite dishes
(C) Ambiguous",(C),"The pronoun ""his"" could refer to either ""the reporter"" or ""the chef,"" since both are singular nouns and either could possess favorite dishes.  
There is no additional context to clarify which person is intended.  
Therefore, the antecedent is ambiguous.

Final answer: (C)",(C),(C),True,option_letter,,cot_zs,disambiguation_qa,1
126,"In the following sentences, explain the antecedent of the pronoun (which thing the pronoun refers to), or state that it is ambiguous.
Sentence: The janitor warned the child not to step on the wet floor, otherwise he would have to mop it all over again.
Options:
(A) The janitor would have to mop
(B) The child would have to mop
(C) Ambiguous",(A),"Let’s break this down:  

1. The sentence is:  
   *The janitor warned the child not to step on the wet floor, otherwise he would have to mop it all over again.*  

2. The pronoun “he” could refer to either “the janitor” or “the child.”  

3. If the child steps on the wet floor, it would likely become dirty again, requiring cleaning.  
   - Usually, the janitor is responsible for mopping floors, not the child.  
   - Logically, the janitor would be the one who has to mop again if the floor gets dirty.  

4. However, the sentence structure does not grammatically force “he” to refer to the janitor — it could be read as the child being warned that *he* (the child) will have to mop it as a punishment.  

5. Because both interpretations are possible without further context, the pronoun reference is **ambiguous** in this sentence.  

Final answer: (C)",(C),(A),False,option_letter,,cot_zs,disambiguation_qa,1
127,"In the following sentences, explain the antecedent of the pronoun (which thing the pronoun refers to), or state that it is ambiguous.
Sentence: The technician told the customer that she had completed the repair.
Options:
(A) The technician completed the repair
(B) The customer completed the repair
(C) Ambiguous",(A),"Let’s reason through this step by step.  

The sentence is:  
> The technician told the customer that she had completed the repair.  

- The pronoun “she” could refer to either “the technician” or “the customer” because both are singular and female in this context.  
- There’s no additional grammatical or contextual clue to determine which one completed the repair.  
- Therefore, the antecedent is ambiguous.  

Final answer: (C)",(C),(A),False,option_letter,,cot_zs,disambiguation_qa,1
128,"In the following sentences, explain the antecedent of the pronoun (which thing the pronoun refers to), or state that it is ambiguous.
Sentence: Alex did not know Taylor until he sent a letter.
Options:
(A) Alex sent the letter
(B) Taylor sent the letter
(C) Ambiguous",(C),"Let’s break this down:  

The sentence is:  
""Alex did not know Taylor until he sent a letter.""  

- The pronoun ""he"" could refer to either Alex or Taylor.  
- If ""he"" refers to Alex, then Alex sent the letter, and that’s when they met.  
- If ""he"" refers to Taylor, then Taylor sent the letter, and that’s when they met.  
- Both interpretations are grammatically possible and logically plausible.  
- There’s no extra context in the sentence to decide which is correct.  

Therefore, the antecedent is ambiguous.  

Final answer: (C)",(C),(C),True,option_letter,,cot_zs,disambiguation_qa,1
129,"In the following sentences, explain the antecedent of the pronoun (which thing the pronoun refers to), or state that it is ambiguous.
Sentence: The mechanic disliked the cashier because he is arrogant.
Options:
(A) The mechanic is arrogant
(B) The cashier is arrogant
(C) Ambiguous",(C),"Let’s break this down:  

The sentence is:  
*The mechanic disliked the cashier because he is arrogant.*  

- The pronoun “he” could refer to either “the mechanic” or “the cashier.”  
- There’s no grammatical rule forcing it to refer to the subject (“mechanic”) or the object (“cashier”).  
- Without extra context, both interpretations are possible:  
  1. The mechanic is arrogant, so he disliked the cashier (perhaps out of jealousy or general bad temper).  
  2. The cashier is arrogant, so the mechanic disliked him.  

Since both readings are grammatically and logically possible, the reference is ambiguous.  

Final answer: (C)",(C),(C),True,option_letter,,cot_zs,disambiguation_qa,1
130,"In the following sentences, explain the antecedent of the pronoun (which thing the pronoun refers to), or state that it is ambiguous.
Sentence: The educator was meeting with a student to discuss their grading policy.
Options:
(A) It was the educator's grading policy
(B) It was the student's grading policy
(C) Ambiguous",(A),"Let’s break this down:  

1. The sentence is: *""The educator was meeting with a student to discuss their grading policy.""*  
2. The pronoun ""their"" could be either:  
   - **Possessive relating to the educator** → the educator’s grading policy  
   - **Possessive relating to the student** → the student’s grading policy  
3. In typical academic contexts, grading policies are set by the educator, so it’s natural to assume ""their"" refers to the educator.  
4. However, the sentence structure allows for ambiguity because ""their"" could grammatically refer to either the educator or the student.  
5. Since the question asks for the antecedent or to state it’s ambiguous, and both interpretations are grammatically possible, the correct choice is that it’s ambiguous.  

Final answer: (C)",(C),(A),False,option_letter,,cot_zs,disambiguation_qa,1
131,"In the following sentences, explain the antecedent of the pronoun (which thing the pronoun refers to), or state that it is ambiguous.
Sentence: The reporter and the chef discuss their favorite dishes.
Options:
(A) They discuss the reporter's favorite dishes
(B) They discuss the chef's favorite dishes
(C) Ambiguous",(C),"The pronoun ""their"" is plural and refers to ""the reporter and the chef"" together.  
It means both individuals are discussing their own favorite dishes — not just one person’s.  
Since the sentence doesn’t specify whether they discuss the reporter’s dishes, the chef’s dishes, or both, the reference is ambiguous.  

Final answer: (C)",(C),(C),True,option_letter,,cot_zs,disambiguation_qa,1
132,"In the following sentences, explain the antecedent of the pronoun (which thing the pronoun refers to), or state that it is ambiguous.
Sentence: The cleaner called the guard and asked her to open the door.
Options:
(A) Asked the cleaner
(B) Asked the guard
(C) Ambiguous",(B),"Let’s break this down:  

1. The sentence is: *The cleaner called the guard and asked her to open the door.*  
2. The pronoun “her” appears after “asked.”  
3. The two possible female referents are “the cleaner” and “the guard.”  
4. In typical English usage, when you have “X called Y and asked her…”, the pronoun “her” most naturally refers to Y (the guard), because the cleaner is the one doing the asking, so the person being asked is the guard.  
5. If “her” referred to the cleaner, the sentence would be odd — it would mean the cleaner asked herself to open the door.  
6. Therefore, the antecedent is “the guard,” not ambiguous.  

Final answer: (B)",(B),(B),True,option_letter,,cot_zs,disambiguation_qa,1
133,"In the following sentences, explain the antecedent of the pronoun (which thing the pronoun refers to), or state that it is ambiguous.
Sentence: The surgeon warned the patient that they needed to get more rest.
Options:
(A) The surgeon needed more rest
(B) The patient needed more rest
(C) Ambiguous",(B),"Let’s break this down:  

1. The sentence is: *The surgeon warned the patient that they needed to get more rest.*  
2. The pronoun “they” could refer to either “the surgeon” or “the patient” grammatically.  
3. In typical medical advice contexts, it’s the patient who is advised to rest, but the sentence structure allows “they” to refer to the surgeon if the surgeon is the one needing rest.  
4. Without additional context, the reference is grammatically ambiguous because “they” could refer to either the surgeon or the patient.  

Therefore, the antecedent is ambiguous.  

Final answer: (C)",(C),(B),False,option_letter,,cot_zs,disambiguation_qa,1
134,"In the following sentences, explain the antecedent of the pronoun (which thing the pronoun refers to), or state that it is ambiguous.
Sentence: The developer was unable to communicate with the writer because she focuses on code.
Options:
(A) The developer focuses on code
(B) The writer focuses on code
(C) Ambiguous",(A),"Let’s break this down:  

1. The sentence is:  
   *""The developer was unable to communicate with the writer because she focuses on code.""*  

2. The pronoun ""she"" could refer to either ""the developer"" or ""the writer.""  

3. The reason given for the inability to communicate is that *she focuses on code*.  
   - If the developer focuses on code, that might explain why she can’t communicate well with the writer (who may not understand code).  
   - If the writer focuses on code, that would be unusual — writers usually focus on text, but if the writer focuses on code, that might not logically explain the communication problem with the developer.  

4. However, in real-world contexts, ""focuses on code"" is more naturally attributed to the developer.  
   But the grammar alone does not rule out the writer — both are singular females in this sentence.  

5. Without extra context, the pronoun reference is grammatically ambiguous, even if one interpretation is more plausible.  

6. The task says: state the antecedent **or** state that it is ambiguous.  
   Since either interpretation is grammatically possible, the correct answer is that it’s ambiguous.  

Final answer: (C)",(C),(A),False,option_letter,,cot_zs,disambiguation_qa,1
135,"In the following sentences, explain the antecedent of the pronoun (which thing the pronoun refers to), or state that it is ambiguous.
Sentence: The worker told the pedestrian that they were repairing the sidewalk as quickly as possible.
Options:
(A) The worker was repairing
(B) The pedestrian was repairing
(C) Ambiguous",(A),"Let’s break this down:  

1. The sentence is: *The worker told the pedestrian that they were repairing the sidewalk as quickly as possible.*  
2. The pronoun “they” could refer to either “the worker” or “the pedestrian.”  
3. If “they” refers to “the worker,” then the worker is repairing the sidewalk.  
4. If “they” refers to “the pedestrian,” then the pedestrian is repairing the sidewalk.  
5. Without additional context, both interpretations are grammatically possible.  
6. Therefore, the antecedent is ambiguous.  

Final answer: (C)",(C),(A),False,option_letter,,cot_zs,disambiguation_qa,1
136,"In the following sentences, explain the antecedent of the pronoun (which thing the pronoun refers to), or state that it is ambiguous.
Sentence: The librarian helped the CEO to find the book because she asked.
Options:
(A) The librarian asked
(B) The CEO asked
(C) Ambiguous",(B),"Let’s break this down:  

The sentence is:  
*The librarian helped the CEO to find the book because she asked.*  

- “She” could refer to either “the librarian” or “the CEO” — both are singular and female in this context.  
- There’s no grammatical rule forcing “she” to refer to the subject or object here; it depends on context, but no extra context is given.  
- Without additional information, we can’t determine whether “she” refers to the librarian (who might be helping because she herself asked) or the CEO (who might have asked for help).  
- Therefore, the pronoun reference is ambiguous.  

Final answer: (C)",(C),(B),False,option_letter,,cot_zs,disambiguation_qa,1
137,"In the following sentences, explain the antecedent of the pronoun (which thing the pronoun refers to), or state that it is ambiguous.
Sentence: The nurse stayed away from the laborer because they were very busy.
Options:
(A) The nurse was busy
(B) The laborer was busy
(C) Ambiguous",(C),"Let’s break this down.  

The sentence is:  
> The nurse stayed away from the laborer because they were very busy.  

- The pronoun “they” could refer to either “the nurse” or “the laborer.”  
- Grammatically, “they” could be plural or singular (singular “they” for an unknown or unspecified gender).  
- The structure “stayed away from X because they were busy” — if “they” refers to the nurse, it means the nurse stayed away because the nurse was busy.  
- If “they” refers to the laborer, it means the nurse stayed away because the laborer was busy.  
- Both interpretations are grammatically possible and contextually plausible without further information.  

Therefore, the antecedent is ambiguous.  

Final answer: (C)",(C),(C),True,option_letter,,cot_zs,disambiguation_qa,1
138,"In the following sentences, explain the antecedent of the pronoun (which thing the pronoun refers to), or state that it is ambiguous.
Sentence: The customer asked the salesperson if she could send the prices of each product.
Options:
(A) The customer would send the prices
(B) The salesperson would send the prices
(C) Ambiguous",(B),"Let’s break this down:  

The sentence is:  
> The customer asked the salesperson if she could send the prices of each product.  

- The pronoun “she” could refer to either “the customer” or “the salesperson.”  
- There’s no additional context in the sentence to clarify which one is meant.  
- In English, when two people of the same gender are mentioned and a pronoun appears later, it’s often ambiguous unless syntax or context makes it clear.  
- Here, both interpretations are possible:  
  1. The customer is asking whether she (the customer) could send the prices.  
  2. The customer is asking whether she (the salesperson) could send the prices.  

Since there’s no grammatical or contextual clue to resolve this, the antecedent is ambiguous.  

Final answer: (C)",(C),(B),False,option_letter,,cot_zs,disambiguation_qa,1
139,"In the following sentences, explain the antecedent of the pronoun (which thing the pronoun refers to), or state that it is ambiguous.
Sentence: The designer showed the cook a blueprint and asked him for feedback.
Options:
(A) Asked the designer
(B) Asked the cook
(C) Ambiguous",(B),"Let’s break this down:  

1. The sentence is: *""The designer showed the cook a blueprint and asked him for feedback.""*  
2. The pronoun ""him"" could refer to either ""the designer"" or ""the cook"" in theory.  
3. However, the structure suggests ""the designer"" is the subject doing the showing and asking.  
4. If ""him"" referred to the designer, it would mean the designer asked himself for feedback, which is unlikely.  
5. More logically, ""him"" refers to ""the cook"" — the designer showed the cook something and then asked the cook for feedback.  
6. Therefore, the antecedent is ""the cook"" and it is not ambiguous in this context.  

Final answer: (B)",(B),(B),True,option_letter,,cot_zs,disambiguation_qa,1
140,"In the following sentences, explain the antecedent of the pronoun (which thing the pronoun refers to), or state that it is ambiguous.
Sentence: The worker told the pedestrian that she should avoid the closed portion of the street.
Options:
(A) The worker should avoid the closed portion
(B) The pedestrian should avoid the closed portion
(C) Ambiguous",(B),"Let’s break this down:  

The sentence is:  
*The worker told the pedestrian that she should avoid the closed portion of the street.*  

- The pronoun “she” could refer to either “the worker” or “the pedestrian.”  
- There is no additional context in the sentence to determine which one is meant.  
- Grammatically, both interpretations are possible.  

Therefore, the antecedent is ambiguous.  

Final answer: (C)",(C),(B),False,option_letter,,cot_zs,disambiguation_qa,1
141,"In the following sentences, explain the antecedent of the pronoun (which thing the pronoun refers to), or state that it is ambiguous.
Sentence: The worker told the pedestrian that he should avoid the closed portion of the street.
Options:
(A) The worker should avoid the closed portion
(B) The pedestrian should avoid the closed portion
(C) Ambiguous",(B),"Let’s break this down:  

The sentence is:  
> The worker told the pedestrian that he should avoid the closed portion of the street.  

- The pronoun “he” could refer to either “the worker” or “the pedestrian.”  
- There’s no additional context in the sentence to clarify which one is meant.  
- In English, when two male (or gender-unspecified) nouns precede a pronoun like “he,” it often leads to ambiguity unless context or grammar rules it out.  
- Here, both interpretations are possible:  
  1. The worker told the pedestrian that the worker himself should avoid the closed portion.  
  2. The worker told the pedestrian that the pedestrian should avoid the closed portion.  

Since nothing in the sentence resolves this, the antecedent is ambiguous.  

Final answer: (C)",(C),(B),False,option_letter,,cot_zs,disambiguation_qa,1
142,"In the following sentences, explain the antecedent of the pronoun (which thing the pronoun refers to), or state that it is ambiguous.
Sentence: Bailey will plan to meet the director at their office
Options:
(A) It will be Bailey's office
(B) It will be the director's office
(C) Ambiguous",(C),"The pronoun ""their"" is used here. In modern English, ""their"" can be a singular gender-neutral pronoun referring to a specific person, or it can be plural.  
The antecedent could be either ""Bailey"" or ""the director"" — both are plausible because ""their office"" could mean the office belonging to Bailey or the office belonging to the director.  
Without additional context, it’s impossible to determine which one is intended.  

Final answer: (C)",(C),(C),True,option_letter,,cot_zs,disambiguation_qa,1
143,"In the following sentences, explain the antecedent of the pronoun (which thing the pronoun refers to), or state that it is ambiguous.
Sentence: The engineer informed the client that he would need to make all future payments on time.
Options:
(A) The engineer should make payments
(B) The client should make payments
(C) Ambiguous",(B),"Let’s break this down:  

The sentence is:  
> The engineer informed the client that he would need to make all future payments on time.  

- The pronoun “he” could refer to either “the engineer” or “the client.”  
- There’s no additional context in the sentence to clarify which person is meant.  
- In English, when two male (or gender-unspecified) nouns precede a pronoun like “he,” the reference is often ambiguous unless context or common sense dictates otherwise.  
- Here, both interpretations are plausible:  
  1. The engineer is telling the client that the client must pay on time.  
  2. The engineer is telling the client that the engineer himself must pay on time (less likely in real life, but grammatically possible).  

Since the sentence alone doesn’t resolve the ambiguity, the correct choice is that it’s ambiguous.  

Final answer: (C)",(C),(B),False,option_letter,,cot_zs,disambiguation_qa,1
144,"In the following sentences, explain the antecedent of the pronoun (which thing the pronoun refers to), or state that it is ambiguous.
Sentence: After meeting with the producers, Sam will go to his office.
Options:
(A) It will be the producers' office
(B) It will be Sam's office
(C) Ambiguous",(B),"Let’s break this down:  

1. The sentence is: *After meeting with the producers, Sam will go to his office.*  
2. The pronoun in question is **""his""**.  
3. Possible antecedents:  
   - **Sam** → ""his"" refers to Sam himself → Sam's office.  
   - **the producers** → ""his"" refers to one of the producers → the producers' office.  
4. In English, a reflexive action (""go to his office"") after meeting someone else doesn’t necessarily mean ""his"" refers to the other party.  
5. Without additional context, the default interpretation is that ""his"" refers to the subject ""Sam"" — the most recent and grammatically typical antecedent.  
6. However, could it be the producers' office? Possibly, if Sam works for them and is going to their office after the meeting, but that’s not the most natural reading without context.  
7. Since both interpretations are grammatically possible but one is far more likely without context, the question asks whether it’s ambiguous or clear.  
8. In linguistics, if a reasonable person could interpret it either way without extra information, it’s ambiguous.  

Given that, the correct choice is that the antecedent is ambiguous.  

Final answer: (C)",(C),(B),False,option_letter,,cot_zs,disambiguation_qa,1
145,"In the following sentences, explain the antecedent of the pronoun (which thing the pronoun refers to), or state that it is ambiguous.
Sentence: The construction worker called the editor and told him the whole story.
Options:
(A) Told the construction worker the story
(B) Told the editor the story
(C) Ambiguous",(B),"Let’s break this down:  

The sentence is:  
*The construction worker called the editor and told him the whole story.*  

- The subject is *the construction worker*.  
- The verb phrases are *called the editor* and *told him the whole story*.  
- The pronoun *him* could logically refer to *the editor* because the construction worker called the editor and then told him (the editor) something.  
- It’s unlikely that *him* refers back to *the construction worker* himself, because that would require an unlikely scenario where he calls someone and then tells himself something.  
- No other male person is mentioned, so *him* most naturally refers to *the editor*.  

Thus, the antecedent is *the editor*, so the meaning is:  
The construction worker told the editor the story.  

Final answer: (B)",(B),(B),True,option_letter,,cot_zs,disambiguation_qa,1
146,"In the following sentences, explain the antecedent of the pronoun (which thing the pronoun refers to), or state that it is ambiguous.
Sentence: The practitioner made a house call for the patient because she felt gravely ill.
Options:
(A) The practitioner felt ill
(B) The patient felt ill
(C) Ambiguous",(B),"Let’s break this down.  

The sentence is:  
> The practitioner made a house call for the patient because she felt gravely ill.  

- The pronoun “she” could refer to either “the practitioner” or “the patient” because both are singular and female in this context.  
- Typically, the nearest plausible antecedent is “the patient,” but English does not strictly require that.  
- Without additional context, both interpretations are grammatically possible:  
  1. The practitioner felt ill but still made a house call (unlikely but possible).  
  2. The patient felt ill, so the practitioner made a house call (more plausible).  

Since plausibility alone doesn’t resolve grammatical ambiguity, and both are possible readings, the sentence is ambiguous.  

Final answer: (C)",(C),(B),False,option_letter,,cot_zs,disambiguation_qa,1
147,"In the following sentences, explain the antecedent of the pronoun (which thing the pronoun refers to), or state that it is ambiguous.
Sentence: The cleaner called the guard and asked them to open the door.
Options:
(A) Asked the cleaner
(B) Asked the guard
(C) Ambiguous",(B),"Let’s break this down:  

1. The sentence is: *The cleaner called the guard and asked them to open the door.*  
2. The pronoun in question is **""them""**.  
3. ""Them"" could refer to either ""the cleaner"" or ""the guard"" in theory, but let’s check plausibility:  
   - If the cleaner called the guard, then the cleaner is the one doing the asking.  
   - The cleaner asked **them** (the guard) to open the door — that makes sense because the guard is the one who would likely have keys/access.  
   - If ""them"" referred to the cleaner, that would mean the cleaner asked themselves to open the door, which is odd.  
4. In English, when you have ""X called Y and asked them..."", ""them"" usually refers to Y.  
5. Therefore, the antecedent is **the guard**.  

Final answer: (B)",(B),(B),True,option_letter,,cot_zs,disambiguation_qa,1
148,"In the following sentences, explain the antecedent of the pronoun (which thing the pronoun refers to), or state that it is ambiguous.
Sentence: Bailey planned to meet the director at their office
Options:
(A) The office was the director's office
(B) The office was Bailey's office
(C) Ambiguous",(C),"Let’s reason through this step by step.  

The sentence is:  
> Bailey planned to meet the director at their office.  

The pronoun “their” is a possessive pronoun that could refer either to Bailey or to the director.  
- If “their” refers to Bailey, then the office is Bailey’s office.  
- If “their” refers to the director, then the office is the director’s office.  

Because “their” is gender-neutral and could grammatically attach to either person, and the sentence gives no extra context to decide, the reference is ambiguous.  

Therefore, the correct choice is that it’s ambiguous.  

Final answer: (C)",(C),(C),True,option_letter,,cot_zs,disambiguation_qa,1
149,"In the following sentences, explain the antecedent of the pronoun (which thing the pronoun refers to), or state that it is ambiguous.
Sentence: The reporter and the chef discussed her favorite dishes.
Options:
(A) They discussed the reporter's favorite dishes
(B) They discussed the chef's favorite dishes
(C) Ambiguous",(C),"The pronoun ""her"" could refer to either the reporter or the chef, since both are singular nouns and either could be female. Without additional context, it is unclear which person ""her"" refers to.  

Final answer: (C)",(C),(C),True,option_letter,,cot_zs,disambiguation_qa,1
150,"In the following sentences, explain the antecedent of the pronoun (which thing the pronoun refers to), or state that it is ambiguous.
Sentence: The patient was referred to the specialist because she had a rare skin condition.
Options:
(A) The patient had a skin condition
(B) The specialist had a skin condition
(C) Ambiguous",(A),"Let’s break this down:  

1. The sentence is: *The patient was referred to the specialist because she had a rare skin condition.*  
2. The pronoun “she” could logically refer to either “the patient” or “the specialist” in terms of grammar.  
3. However, in typical medical contexts, a patient is referred to a specialist because the **patient** has the condition, not the specialist.  
4. Still, the sentence does not explicitly specify gender or role enough to rule out the specialist having the condition — it’s structurally ambiguous even if pragmatically unlikely.  
5. Since both interpretations are grammatically possible, and no additional context is given to resolve it, the pronoun reference is **ambiguous**.  

Final answer: (C)",(C),(A),False,option_letter,,cot_zs,disambiguation_qa,1
151,"In the following sentences, explain the antecedent of the pronoun (which thing the pronoun refers to), or state that it is ambiguous.
Sentence: The developer met with the designer because their idea can be implemented.
Options:
(A) The developer's idea could be implemented
(B) The designer's idea could be implemented
(C) Ambiguous",(C),"Let’s break this down:  

1. The sentence is: *""The developer met with the designer because their idea can be implemented.""*  
2. The pronoun ""their"" could refer to either ""the developer"" or ""the designer"" or both together.  
3. There’s no grammatical clue (like gender or number) to distinguish, since both are singular and ""their"" is used as a singular/plural gender-neutral possessive.  
4. The sentence doesn’t specify whose idea it is — it could be the developer’s idea, the designer’s idea, or an idea they both share.  
5. Therefore, the antecedent of ""their"" is ambiguous.  

Final answer: (C)",(C),(C),True,option_letter,,cot_zs,disambiguation_qa,1
152,"In the following sentences, explain the antecedent of the pronoun (which thing the pronoun refers to), or state that it is ambiguous.
Sentence: The customer asked the salesperson if he could send the prices of each product.
Options:
(A) The customer would send the prices
(B) The salesperson would send the prices
(C) Ambiguous",(B),"Let’s break this down:  

The sentence is:  
*The customer asked the salesperson if he could send the prices of each product.*  

The pronoun “he” could refer to either “the customer” or “the salesperson.”  
In English, when you have two possible male referents, the nearest candidate is often “the salesperson,” but it’s not grammatically fixed — it could be either depending on context.  
Since no extra context is given, the reference is **ambiguous**.  

Final answer: (C)",(C),(B),False,option_letter,,cot_zs,disambiguation_qa,1
153,"In the following sentences, explain the antecedent of the pronoun (which thing the pronoun refers to), or state that it is ambiguous.
Sentence: The engineer informed the client that they would need to make all future payments on time.
Options:
(A) The engineer should make payments
(B) The client should make payments
(C) Ambiguous",(B),"Let’s break this down:  

1. The sentence is: *The engineer informed the client that they would need to make all future payments on time.*  
2. The pronoun “they” could refer to either “the engineer” or “the client.”  
3. In English, “they” can be singular or plural, but here there’s no grammatical clue forcing it to refer to one over the other.  
4. Logically, it’s more likely that the engineer is telling the client about the client’s obligations, but the sentence structure does not make this explicit — “they” could technically refer back to the subject (“the engineer”) or the object (“the client”).  
5. Since both interpretations are grammatically possible without further context, the pronoun reference is ambiguous.  

Final answer: (C)",(C),(B),False,option_letter,,cot_zs,disambiguation_qa,1
154,"In the following sentences, explain the antecedent of the pronoun (which thing the pronoun refers to), or state that it is ambiguous.
Sentence: The paralegal forgot to file paperwork for the client so they were fired.
Options:
(A) The paralegal was fired
(B) The client was fired
(C) Ambiguous",(A),"Let’s break this down:  

1. The sentence is: *""The paralegal forgot to file paperwork for the client so they were fired.""*  
2. The pronoun ""they"" could grammatically refer to either ""the paralegal"" or ""the client.""  
3. Logically, if the paralegal forgot to file paperwork, it would make sense for the paralegal to face consequences (being fired).  
4. However, English sometimes uses ""they"" for singular nouns of unknown gender, so ""they"" could refer to ""the paralegal"" (singular) or ""the client"" (singular), or possibly both (plural) — but here only one entity is likely fired.  
5. Without more context, we can’t be certain whether ""they"" means the paralegal or the client — both are grammatically possible, and the real-world likelihood doesn’t override linguistic ambiguity in this test.  

Thus, the antecedent is ambiguous.  

Final answer: (C)",(C),(A),False,option_letter,,cot_zs,disambiguation_qa,1
155,"In the following sentences, explain the antecedent of the pronoun (which thing the pronoun refers to), or state that it is ambiguous.
Sentence: The carpenter collaborated with the designer and gave him a prototype.
Options:
(A) Gave the carpenter a prototype
(B) Gave the designer a prototype
(C) Ambiguous",(B),"Let’s break this down:  

1. The sentence is: *The carpenter collaborated with the designer and gave him a prototype.*  
2. The pronoun “him” could refer to either “the carpenter” or “the designer.”  
3. In English, a pronoun often refers to the nearest plausible antecedent, which here is “the designer.”  
4. However, the structure “The carpenter collaborated with the designer and gave him…” doesn’t grammatically force “him” to be the designer — it could be the carpenter giving the designer the prototype, or the carpenter giving the carpenter the prototype (which is unlikely but grammatically possible).  
5. Without extra context, both interpretations are possible, though pragmatically it’s more likely “him” refers to the designer.  
6. Since the question asks for the antecedent or to state it’s ambiguous, and both readings are grammatically valid, the correct answer is that it’s ambiguous.  

Final answer: (C)",(C),(B),False,option_letter,,cot_zs,disambiguation_qa,1
156,"In the following sentences, explain the antecedent of the pronoun (which thing the pronoun refers to), or state that it is ambiguous.
Sentence: After meeting with the producers, Sam went to their office.
Options:
(A) The office was the producers' office
(B) The office was Sam's office
(C) Ambiguous",(C),"Let’s break this down:  

1. The sentence is: *After meeting with the producers, Sam went to their office.*  
2. The pronoun “their” refers back to “the producers” because “their” is a possessive pronoun that logically attaches to the nearest plural noun phrase (“the producers”).  
3. There’s no indication that “their” refers to Sam — Sam is singular, so “their” would not match in number unless Sam uses they/them pronouns, but the sentence doesn’t suggest that.  
4. Without any contextual clues to the contrary, “their office” means the office belonging to the producers.  

So the antecedent is “the producers,” not ambiguous.  

Final answer: (A)",(A),(C),False,option_letter,,cot_zs,disambiguation_qa,1
157,"In the following sentences, explain the antecedent of the pronoun (which thing the pronoun refers to), or state that it is ambiguous.
Sentence: The chief encouraged the writer because she wrote a good book.
Options:
(A) The chief wrote a good book
(B) The writer wrote a good book
(C) Ambiguous",(B),"Let’s break this down:  

The sentence is:  
*The chief encouraged the writer because she wrote a good book.*  

- The pronoun “she” could refer to either “the chief” or “the writer” because both are plausible in context.  
- There’s no grammatical rule or clear contextual clue that forces one interpretation over the other.  
- Therefore, the antecedent is ambiguous.  

Final answer: (C)",(C),(B),False,option_letter,,cot_zs,disambiguation_qa,1
158,"In the following sentences, explain the antecedent of the pronoun (which thing the pronoun refers to), or state that it is ambiguous.
Sentence: The carpenter told the onlooker that he had been working on the house for three weeks.
Options:
(A) The carpenter had been working on the house
(B) The onlooker had been working on the house
(C) Ambiguous",(A),"The pronoun ""he"" could refer to either the carpenter or the onlooker, because both are singular male individuals and the sentence structure does not make it clear which one is meant.  

Final answer: (C)",(C),(A),False,option_letter,,cot_zs,disambiguation_qa,1
159,"In the following sentences, explain the antecedent of the pronoun (which thing the pronoun refers to), or state that it is ambiguous.
Sentence: The physician told the baker that they had cancer.
Options:
(A) The physician had cancer
(B) The baker had cancer
(C) Ambiguous",(B),"The pronoun ""they"" could refer to either the physician or the baker, and the sentence structure does not provide enough context to determine which one is meant.  

Final answer: (C)",(C),(B),False,option_letter,,cot_zs,disambiguation_qa,1
160,"In the following sentences, explain the antecedent of the pronoun (which thing the pronoun refers to), or state that it is ambiguous.
Sentence: The cook is always teaching the assistant new techniques because she likes to teach others.
Options:
(A) The cook likes to teach
(B) The assistant likes to teach
(C) Ambiguous",(A),"Let’s break this down:  

1. The sentence is:  
   *""The cook is always teaching the assistant new techniques because she likes to teach others.""*  

2. The pronoun ""she"" could refer to either ""the cook"" or ""the assistant"" — both are plausible antecedents.  

3. The first part says the cook is teaching the assistant.  
   The reason given is ""because she likes to teach others.""  

4. If ""she"" refers to the cook, then the cook is teaching because the cook likes to teach — that’s logical.  

5. If ""she"" refers to the assistant, then the cook is teaching because the assistant likes to teach — that doesn’t make sense in this context.  

6. However, in English, a pronoun in a ""because"" clause can grammatically refer to either subject or object of the main clause, but here the most natural reading is that ""she"" refers to the cook.  

7. But is it **ambiguous**?  
   - Grammatically, yes, both are possible antecedents.  
   - Logically, only one makes sense, but ambiguity is about possible interpretations, not plausibility.  
   - Since both are grammatically possible, and the sentence doesn’t explicitly rule out the odd reading, it is technically ambiguous.  

Given the task is to identify ambiguity in pronoun reference, the correct choice is that it’s ambiguous.  

Final answer: (C)",(C),(A),False,option_letter,,cot_zs,disambiguation_qa,1
161,"In the following sentences, explain the antecedent of the pronoun (which thing the pronoun refers to), or state that it is ambiguous.
Sentence: The developer met with the secretary because they made a mistake.
Options:
(A) The developer made a mistake
(B) The secretary made a mistake
(C) Ambiguous",(C),"Let’s break this down:  

1. The sentence is: *""The developer met with the secretary because they made a mistake.""*  
2. The pronoun ""they"" could refer to either ""the developer"" or ""the secretary"" individually (singular ""they""), or to both together.  
3. Without additional context, we don’t know who made the mistake — it could be the developer, the secretary, or both.  
4. Since the sentence doesn’t clarify, the reference is ambiguous.  

Final answer: (C)",(C),(C),True,option_letter,,cot_zs,disambiguation_qa,1
162,"In the following sentences, explain the antecedent of the pronoun (which thing the pronoun refers to), or state that it is ambiguous.
Sentence: The mechanic greets the receptionist because she was in a good mood.
Options:
(A) The mechanic was in a good mood
(B) The receptionist was in a good mood
(C) Ambiguous",(C),"Let’s reason through this.  

The sentence is:  
*The mechanic greets the receptionist because she was in a good mood.*  

- The pronoun “she” could refer to either “the mechanic” or “the receptionist” because both are singular and could be female.  
- There’s no grammatical rule or clear contextual clue that forces one interpretation over the other.  
- If “she” refers to the mechanic, then the mechanic is in a good mood and greets the receptionist because of that.  
- If “she” refers to the receptionist, then the mechanic greets the receptionist because the receptionist is in a good mood.  
- Both readings are possible without further context.  

Therefore, the antecedent is ambiguous.  

Final answer: (C)",(C),(C),True,option_letter,,cot_zs,disambiguation_qa,1
163,"In the following sentences, explain the antecedent of the pronoun (which thing the pronoun refers to), or state that it is ambiguous.
Sentence: The educator was meeting with a student to discuss his grading policy.
Options:
(A) It was the educator's grading policy
(B) It was the student's grading policy
(C) Ambiguous",(A),"Let’s break this down:  

The sentence is:  
> The educator was meeting with a student to discuss his grading policy.  

- The pronoun “his” could grammatically refer to either “the educator” or “a student.”  
- Without additional context, both interpretations are possible:  
  1. The educator’s grading policy — because educators typically set grading policies.  
  2. The student’s grading policy — if, for example, the student is a teaching assistant who has his own grading policy for a course he assists with.  
- Since the sentence alone does not specify, and both are grammatically possible, the reference is ambiguous.  

Final answer: (C)",(C),(A),False,option_letter,,cot_zs,disambiguation_qa,1
164,"In the following sentences, explain the antecedent of the pronoun (which thing the pronoun refers to), or state that it is ambiguous.
Sentence: The chief encouraged the writer because they wrote a good book.
Options:
(A) The chief wrote a good book
(B) The writer wrote a good book
(C) Ambiguous",(B),"Let’s break this down:  

- The sentence is: *The chief encouraged the writer because they wrote a good book.*  
- The pronoun “they” could refer to either “the chief” or “the writer” in principle.  
- However, the structure suggests “they” is most naturally interpreted as the subject of “wrote a good book.”  
- Logically, the chief encouraged the writer *because* of something the writer did — it makes more sense that the writer wrote the book, not the chief.  
- But English grammar allows “they” to refer to either noun here, and without extra context, both interpretations are grammatically possible.  
- Since both are possible and no context forces one reading, the sentence is ambiguous.  

Final answer: (C)",(C),(B),False,option_letter,,cot_zs,disambiguation_qa,1
165,"In the following sentences, explain the antecedent of the pronoun (which thing the pronoun refers to), or state that it is ambiguous.
Sentence: The designer collaborated with the carpenter and gave them a blueprint.
Options:
(A) Gave the designer a blueprint
(B) Gave the carpenter a blueprint
(C) Ambiguous",(B),"Let’s break this down:  

1. The sentence is: *The designer collaborated with the carpenter and gave them a blueprint.*  
2. The pronoun “them” could refer to either “the designer and the carpenter” (together) or just “the carpenter.”  
3. If “them” refers to both, then the designer gave the blueprint to both of them — but that would require the designer to give a blueprint to themselves as well, which is odd unless it’s a copy.  
4. If “them” refers only to “the carpenter,” then the designer gave the carpenter a blueprint, which is more natural.  
5. However, “them” is plural, and “the carpenter” is singular, so “them” cannot grammatically refer only to the carpenter unless “them” is being used in a singular “they” sense for an unspecified or nonbinary carpenter.  
6. Without context, the plural “them” most naturally refers to “the designer and the carpenter” together — but that’s semantically odd because the designer wouldn’t “give” a blueprint to themselves.  
7. This makes the reference ambiguous: it could be the carpenter (singular they) or both people (plural them).  

Thus, the antecedent is ambiguous.  

Final answer: (C)",(C),(B),False,option_letter,,cot_zs,disambiguation_qa,1
166,"In the following sentences, explain the antecedent of the pronoun (which thing the pronoun refers to), or state that it is ambiguous.
Sentence: The surgeon warned the patient that he needed to get more rest.
Options:
(A) The surgeon needed more rest
(B) The patient needed more rest
(C) Ambiguous",(B),"Let’s break this down:  

The sentence is:  
> The surgeon warned the patient that he needed to get more rest.  

- The pronoun “he” could refer to either “the surgeon” or “the patient.”  
- There’s no additional context in the sentence to clarify which one is meant.  
- In English, such constructions often lead to ambiguity when both nouns are of the same gender and either could logically “need more rest.”  
- Therefore, without extra information, the antecedent is unclear.  

Final answer: (C)",(C),(B),False,option_letter,,cot_zs,disambiguation_qa,1
167,"In the following sentences, explain the antecedent of the pronoun (which thing the pronoun refers to), or state that it is ambiguous.
Sentence: The practitioner made a house call for the patient because he felt gravely ill.
Options:
(A) The practitioner felt ill
(B) The patient felt ill
(C) Ambiguous",(B),"Let’s break this down:  

The sentence is:  
> The practitioner made a house call for the patient because he felt gravely ill.  

- The pronoun “he” could refer to either “the practitioner” or “the patient.”  
- In typical medical contexts, a house call is made because the patient is too ill to visit the clinic.  
- However, English grammar does not strictly require that — “he” could grammatically refer to the subject (“the practitioner”) if context allowed.  
- Without additional context, the sentence is structurally ambiguous because both are plausible antecedents.  

Thus, the antecedent of “he” is ambiguous.  

Final answer: (C)",(C),(B),False,option_letter,,cot_zs,disambiguation_qa,1
168,"In the following sentences, explain the antecedent of the pronoun (which thing the pronoun refers to), or state that it is ambiguous.
Sentence: The laborer handed the secretary a hammer because they asked for a tool.
Options:
(A) The laborer asked for a tool
(B) The secretary asked for a tool
(C) Ambiguous",(B),"Let’s break this down:  

1. The sentence is: *The laborer handed the secretary a hammer because they asked for a tool.*  
2. The pronoun “they” could refer to either “the laborer” or “the secretary” grammatically.  
3. However, the context:  
   - The laborer is handing something to the secretary.  
   - The reason given is “because they asked for a tool.”  
   - It would be odd for the laborer to hand the secretary a hammer because the laborer themselves asked for a tool — that doesn’t make sense in typical real-world scenarios.  
   - More naturally, the secretary asked for a tool, so the laborer gave them a hammer.  

4. Still, English grammar allows “they” to refer to either noun here, and without explicit disambiguation, some readers might initially consider both possibilities. But the commonsense interpretation strongly favors the secretary as the antecedent.  

5. Since the question asks us to either identify the antecedent or state it’s ambiguous, and given the plausible real-world meaning, the intended antecedent is the secretary.  

Final answer: (B)",(B),(B),True,option_letter,,cot_zs,disambiguation_qa,1
169,"In the following sentences, explain the antecedent of the pronoun (which thing the pronoun refers to), or state that it is ambiguous.
Sentence: The CEO bought the accountant a car because she needed one.
Options:
(A) The CEO needed a car
(B) The accountant needed a car
(C) Ambiguous",(B),"Let’s break this down:  

1. The sentence is: *The CEO bought the accountant a car because she needed one.*  
2. The pronoun “she” could refer to either “the CEO” or “the accountant” — both are singular and female in this context.  
3. There’s no additional grammatical or contextual clue to determine which one needed the car.  
4. Therefore, the antecedent of “she” is ambiguous.  

Final answer: (C)",(C),(B),False,option_letter,,cot_zs,disambiguation_qa,1
170,"In the following sentences, explain the antecedent of the pronoun (which thing the pronoun refers to), or state that it is ambiguous.
Sentence: The assistant asked the physician if she could borrow some money.
Options:
(A) Asked if the assistant could borrow money
(B) Asked if the physician could borrow money
(C) Ambiguous",(A),"Let’s break this down:  

The sentence is:  
*The assistant asked the physician if she could borrow some money.*  

- The pronoun “she” could refer to either “the assistant” or “the physician” because both are singular and female in this context.  
- There’s no additional context in the sentence to clarify whether “she” refers to the subject (“assistant”) or the object (“physician”).  
- Therefore, the antecedent is ambiguous.  

Final answer: (C)",(C),(A),False,option_letter,,cot_zs,disambiguation_qa,1
171,"In the following sentences, explain the antecedent of the pronoun (which thing the pronoun refers to), or state that it is ambiguous.
Sentence: The customer and the chef discussed his culinary training.
Options:
(A) It was the customer's culinary training
(B) It was the chef's culinary training
(C) Ambiguous",(B),"The pronoun ""his"" could refer to either the customer or the chef, since both are singular nouns and either could logically have culinary training. The sentence does not provide enough context to determine which one is intended.  

Final answer: (C)",(C),(B),False,option_letter,,cot_zs,disambiguation_qa,1
172,"In the following sentences, explain the antecedent of the pronoun (which thing the pronoun refers to), or state that it is ambiguous.
Sentence: The surgeon warned the patient that she needed to get more rest.
Options:
(A) The surgeon needed more rest
(B) The patient needed more rest
(C) Ambiguous",(B),"Let’s break this down:  

The sentence is:  
> The surgeon warned the patient that she needed to get more rest.  

- The pronoun “she” could refer to either “the surgeon” or “the patient” because both are plausible in context.  
- There’s no grammatical clue (like gender of the individuals) or contextual detail in the sentence that forces one interpretation over the other.  
- Therefore, without additional context, the reference is ambiguous.  

Final answer: (C)",(C),(B),False,option_letter,,cot_zs,disambiguation_qa,1
173,"In the following sentences, explain the antecedent of the pronoun (which thing the pronoun refers to), or state that it is ambiguous.
Sentence: The driver yelled at the tailor after he broke a window.
Options:
(A) The driver broke a window
(B) The tailor broke a window
(C) Ambiguous",(C),"Let’s break this down:  

The sentence is:  
> The driver yelled at the tailor after he broke a window.  

The pronoun “he” could refer to either “the driver” or “the tailor.”  
There’s no grammatical rule forcing one interpretation over the other — both are possible depending on context, but the sentence alone doesn’t give enough information to decide.  
Therefore, the antecedent is ambiguous.  

Final answer: (C)",(C),(C),True,option_letter,,cot_zs,disambiguation_qa,1
174,"In the following sentences, explain the antecedent of the pronoun (which thing the pronoun refers to), or state that it is ambiguous.
Sentence: The mechanic called to inform the customer that his car would be ready in the morning.
Options:
(A) It was the mechanic's car
(B) It was the customer's car
(C) Ambiguous",(B),"Let’s break this down:  

The sentence is:  
*The mechanic called to inform the customer that his car would be ready in the morning.*  

- The pronoun “his” could grammatically refer to either “the mechanic” or “the customer.”  
- There’s no additional context in the sentence to clarify whose car it is.  
- In real-world situations, we might assume it’s the customer’s car because mechanics usually work on customers’ cars, but purely from a linguistic standpoint, the sentence does not specify.  
- Therefore, the antecedent is ambiguous.  

Final answer: (C)",(C),(B),False,option_letter,,cot_zs,disambiguation_qa,1
175,"In the following sentences, explain the antecedent of the pronoun (which thing the pronoun refers to), or state that it is ambiguous.
Sentence: The paralegal forgot to file paperwork for the client so she was fired.
Options:
(A) The paralegal was fired
(B) The client was fired
(C) Ambiguous",(A),"Let’s break this down:  

1. The sentence is: *The paralegal forgot to file paperwork for the client so she was fired.*  
2. The pronoun “she” could refer to either “the paralegal” or “the client” because both are female in this context.  
3. Logically, if the paralegal forgot to file paperwork, it would make sense for the paralegal to be fired for that mistake.  
4. However, the sentence does not explicitly state who “she” is — it could grammatically refer to either person.  
5. Since both interpretations are grammatically possible and the sentence doesn’t clarify, the antecedent is ambiguous.  

Final answer: (C)",(C),(A),False,option_letter,,cot_zs,disambiguation_qa,1
176,"In the following sentences, explain the antecedent of the pronoun (which thing the pronoun refers to), or state that it is ambiguous.
Sentence: The developer met with the secretary because she made a mistake.
Options:
(A) The developer made a mistake
(B) The secretary made a mistake
(C) Ambiguous",(C),"Let’s break this down:  

The sentence is:  
*The developer met with the secretary because she made a mistake.*  

- “She” could refer to either “the developer” or “the secretary” because both are singular and female in this context.  
- There’s no additional grammatical or contextual clue to determine which one made the mistake.  
- Therefore, the pronoun reference is ambiguous.  

Final answer: (C)",(C),(C),True,option_letter,,cot_zs,disambiguation_qa,1
177,"In the following sentences, explain the antecedent of the pronoun (which thing the pronoun refers to), or state that it is ambiguous.
Sentence: The patient was referred to the specialist because she is an expert on rare skin conditions.
Options:
(A) The patient is an expert
(B) The specialist is an expert
(C) Ambiguous",(B),"Let’s break this down:  

1. The sentence says: *The patient was referred to the specialist because she is an expert on rare skin conditions.*  
2. The pronoun “she” could logically refer to either “the patient” or “the specialist.”  
3. However, the context suggests that the reason for the referral is the specialist’s expertise — it wouldn’t make sense to refer a patient to a specialist because the patient is an expert.  
4. Therefore, “she” most likely refers to “the specialist.”  

Final answer: (B)",(B),(B),True,option_letter,,cot_zs,disambiguation_qa,1
178,"In the following sentences, explain the antecedent of the pronoun (which thing the pronoun refers to), or state that it is ambiguous.
Sentence: The librarian helped the CEO to find the book because they asked.
Options:
(A) The librarian asked
(B) The CEO asked
(C) Ambiguous",(B),"Let’s break this down:  

1. The sentence is: *The librarian helped the CEO to find the book because they asked.*  
2. The pronoun “they” could refer to either “the librarian” or “the CEO.”  
3. In English, a pronoun often refers to the subject of the main clause (“the librarian”), but it can also refer to the object (“the CEO”) depending on context.  
4. There’s no additional context in the sentence to clarify who “they” is.  
5. Therefore, the antecedent is ambiguous.  

Final answer: (C)",(C),(B),False,option_letter,,cot_zs,disambiguation_qa,1
179,"In the following sentences, explain the antecedent of the pronoun (which thing the pronoun refers to), or state that it is ambiguous.
Sentence: The surgeon warned the nurse that he needed more time to prepare.
Options:
(A) The surgeon needed more time
(B) The nurse needed more time
(C) Ambiguous",(C),"Let’s break this down:  

The sentence is:  
> The surgeon warned the nurse that he needed more time to prepare.  

- The pronoun “he” could refer to either “the surgeon” or “the nurse.”  
- There’s no grammatical rule forcing “he” to refer to the subject (“the surgeon”) here, because “the nurse” is also a plausible antecedent.  
- Without extra context, we can’t determine whether the surgeon needed more time or the nurse needed more time.  

Therefore, the reference is ambiguous.  

Final answer: (C)",(C),(C),True,option_letter,,cot_zs,disambiguation_qa,1
180,"In the following sentences, explain the antecedent of the pronoun (which thing the pronoun refers to), or state that it is ambiguous.
Sentence: The patient was referred to the specialist because he had a rare skin condition.
Options:
(A) The patient had a skin condition
(B) The specialist had a skin condition
(C) Ambiguous",(A),"Let’s break this down:  

The sentence is:  
*The patient was referred to the specialist because he had a rare skin condition.*  

- The pronoun “he” could grammatically refer to either “the patient” or “the specialist.”  
- In typical medical contexts, a patient is referred to a specialist because the **patient** has the condition, not the specialist.  
- However, the sentence structure does not explicitly rule out the possibility that “he” refers to the specialist — it’s grammatically ambiguous even if pragmatically unlikely.  
- Since the question asks for the antecedent or to state it’s ambiguous, and since both interpretations are grammatically possible, the correct answer is that it’s ambiguous.  

Final answer: (C)",(C),(A),False,option_letter,,cot_zs,disambiguation_qa,1
181,"In the following sentences, explain the antecedent of the pronoun (which thing the pronoun refers to), or state that it is ambiguous.
Sentence: The assistant asked the physician if they could borrow some money.
Options:
(A) Asked if the assistant could borrow money
(B) Asked if the physician could borrow money
(C) Ambiguous",(A),"Let’s break this down:  

The sentence is:  
> The assistant asked the physician if they could borrow some money.  

- The pronoun “they” could refer to either “the assistant” or “the physician.”  
- In English, when you have “A asked B if they could …”, “they” might refer to A (the asker) or B (the person asked).  
- Without extra context, we can’t determine whether the assistant wants to borrow money from the physician, or whether the assistant is asking whether the physician wants to borrow money.  
- Therefore, the antecedent is ambiguous.  

Final answer: (C)",(C),(A),False,option_letter,,cot_zs,disambiguation_qa,1
182,"In the following sentences, explain the antecedent of the pronoun (which thing the pronoun refers to), or state that it is ambiguous.
Sentence: The assistant asked the physician if he needs any help.
Options:
(A) Asked if the assistant needs help
(B) Asked if the physician needs help
(C) Ambiguous",(B),"Let’s break this down:  

The sentence is:  
*The assistant asked the physician if he needs any help.*  

- The pronoun “he” could refer to either “the assistant” or “the physician” because both are singular and male in this context.  
- There’s no additional context to clarify which one is meant.  
- In English, when two male nouns precede a pronoun like this, it’s often ambiguous unless context specifies otherwise.  

Therefore, the antecedent of “he” is ambiguous.  

Final answer: (C)",(C),(B),False,option_letter,,cot_zs,disambiguation_qa,1
183,"In the following sentences, explain the antecedent of the pronoun (which thing the pronoun refers to), or state that it is ambiguous.
Sentence: The scientist collaborates with the artist, and they share a story.
Options:
(A) The scientist shares a story
(B) The artist shares a story
(C) Ambiguous",(C),"The pronoun ""they"" in the sentence could refer to ""the scientist and the artist"" together, since they are collaborating.  
If ""they"" refers to both, then they share a story together — but the options only list one individual sharing a story, which is not exactly the same.  
However, since the question asks for the antecedent of the pronoun, and ""they"" is plural, the only plural group here is ""the scientist and the artist"" together.  
Neither option (A) nor (B) fully captures that, so the intended meaning is ambiguous between the two in this multiple-choice context.  

Final answer: (C)",(C),(C),True,option_letter,,cot_zs,disambiguation_qa,1
184,"In the following sentences, explain the antecedent of the pronoun (which thing the pronoun refers to), or state that it is ambiguous.
Sentence: The pathologist obtained tissue samples from the victim to look at under his microscope.
Options:
(A) It was the pathologist's microscope
(B) It was the victim's microscope
(C) Ambiguous",(A),"Let’s break this down.  

The sentence is:  
*The pathologist obtained tissue samples from the victim to look at under his microscope.*  

- The pronoun “his” could grammatically refer to either “the pathologist” or “the victim.”  
- However, in typical contexts, a pathologist would use his own microscope to examine tissue samples, not the victim’s microscope.  
- Still, the sentence does not explicitly specify whose microscope it is, so technically both interpretations are grammatically possible.  
- Since the intended meaning is not made explicit in the sentence, and both readings are possible even if one is less plausible, the pronoun reference is **ambiguous** from a purely linguistic standpoint.  

Final answer: (C)",(C),(A),False,option_letter,,cot_zs,disambiguation_qa,1
185,"In the following sentences, explain the antecedent of the pronoun (which thing the pronoun refers to), or state that it is ambiguous.
Sentence: The supervisor gave the employee feedback on her stellar performance.
Options:
(A) It was the supervisor's performance
(B) It was the employee's performance
(C) Ambiguous",(B),"The pronoun ""her"" could refer to either the supervisor or the employee, since both are singular and female in this context.  
Without additional context, it’s unclear whether ""her stellar performance"" means the supervisor’s performance or the employee’s performance.  
Therefore, the antecedent is ambiguous.  

Final answer: (C)",(C),(B),False,option_letter,,cot_zs,disambiguation_qa,1
186,"In the following sentences, explain the antecedent of the pronoun (which thing the pronoun refers to), or state that it is ambiguous.
Sentence: The salesperson tried to fool the writer and sold her some garbage.
Options:
(A) Sold the salesperson some garbage
(B) Sold the writer some garbage
(C) Ambiguous",(B),"Let’s break this down:  

1. The sentence is: *The salesperson tried to fool the writer and sold her some garbage.*  
2. The pronoun “her” appears after “the writer” in a compound object of “fool” (“the writer and sold her…”).  
3. In English, when you have “X and Y” and then a pronoun “her” in the same clause, “her” could refer to either X or Y if both are plausible, but here “the salesperson” is the subject doing the selling, so “her” cannot refer to the salesperson unless context suggests the salesperson is female and sold herself garbage — which is unlikely.  
4. The natural reading: “sold her” means “sold the writer” because the salesperson sold garbage to the writer (who is female).  
5. There’s no other plausible female referent in the sentence except the writer.  

Thus, the antecedent is “the writer,” not ambiguous.  

Final answer: (B)",(B),(B),True,option_letter,,cot_zs,disambiguation_qa,1
187,"In the following sentences, explain the antecedent of the pronoun (which thing the pronoun refers to), or state that it is ambiguous.
Sentence: The student set up a meeting with the architect to review her blueprints.
Options:
(A) The blueprints were the student's
(B) The blueprints were the architect's
(C) Ambiguous",(C),"Let’s reason through this step by step.  

The sentence is:  
*The student set up a meeting with the architect to review her blueprints.*  

- The pronoun “her” could refer to either “the student” or “the architect” because both are singular and could be female.  
- There is no grammatical rule or clear contextual clue that tells us whose blueprints they are.  
- If the student set up the meeting with the architect, it could be to review the architect’s blueprints (common situation).  
- But it could also be that the student has blueprints of her own that she wants the architect to review.  
- Since both interpretations are possible without further context, the reference is ambiguous.  

Final answer: (C)",(C),(C),True,option_letter,,cot_zs,disambiguation_qa,1
188,"In the following sentences, explain the antecedent of the pronoun (which thing the pronoun refers to), or state that it is ambiguous.
Sentence: The nurse was running from the laborer because they smelled awful.
Options:
(A) The nurse smelled awful
(B) The laborer smelled awful
(C) Ambiguous",(C),"Let’s break this down:  

1. The sentence is: *The nurse was running from the laborer because they smelled awful.*  
2. The pronoun “they” could refer to either “the nurse” or “the laborer” in this context.  
3. If “they” refers to the nurse, then the nurse smelled awful, and that’s why the nurse was running from the laborer (perhaps to avoid being near someone while smelling bad).  
4. If “they” refers to the laborer, then the laborer smelled awful, and that’s why the nurse was running away from them.  
5. Without additional context, both interpretations are grammatically possible and logically plausible.  
6. Therefore, the antecedent is ambiguous.  

Final answer: (C)",(C),(C),True,option_letter,,cot_zs,disambiguation_qa,1
189,"In the following sentences, explain the antecedent of the pronoun (which thing the pronoun refers to), or state that it is ambiguous.
Sentence: This story could not be published without the writer and his friends' support.
Options:
(A) They were the writer's friends
(B) They were the friends' friends
(C) They were the story's friends
(D) Ambiguous",(A),"Let’s break this down.  

The sentence is:  
> This story could not be published without the writer and his friends' support.  

The pronoun in question is **""his""**.  

- ""His"" is a possessive pronoun referring to the writer.  
- ""His friends"" means the friends belonging to the writer.  
- The antecedent of ""his"" is clearly ""the writer"".  
- There is no ambiguity here — ""his"" cannot refer to the story or some other unnamed person.  

Looking at the options:  
(A) They were the writer's friends — This matches the meaning of ""his friends"".  
(B) They were the friends' friends — That would require ""their friends"", not ""his friends"".  
(C) They were the story's friends — That makes no sense; stories don’t possess friends.  
(D) Ambiguous — It’s not ambiguous.  

So the correct choice is (A).  

Final answer: (A)",(A),(A),True,option_letter,,cot_zs,disambiguation_qa,1
190,"In the following sentences, explain the antecedent of the pronoun (which thing the pronoun refers to), or state that it is ambiguous.
Sentence: The scientist collaborated with the artist, and he shared a story.
Options:
(A) The scientist shared a story
(B) The artist shared a story
(C) Ambiguous",(C),"The pronoun ""he"" could refer to either ""the scientist"" or ""the artist"" since both are singular and could be male. There is no additional context in the sentence to clarify which one is intended.  

Final answer: (C)",(C),(C),True,option_letter,,cot_zs,disambiguation_qa,1
191,"In the following sentences, explain the antecedent of the pronoun (which thing the pronoun refers to), or state that it is ambiguous.
Sentence: The nurse stayed away from the laborer because she was very busy.
Options:
(A) The nurse was busy
(B) The laborer was busy
(C) Ambiguous",(C),"Let’s reason through this step by step.  

The sentence is:  
> The nurse stayed away from the laborer because she was very busy.  

- The pronoun “she” could refer to either “the nurse” or “the laborer” based on grammar alone.  
- There is no additional context in the sentence to clarify whether “she” refers to the nurse or the laborer.  
- In English, pronouns tend to refer to the subject (“the nurse”) by default in such constructions, but this is not a strict grammatical rule — it could plausibly be either.  
- Since both interpretations are possible without further context, the reference is ambiguous.  

Final answer: (C)",(C),(C),True,option_letter,,cot_zs,disambiguation_qa,1
192,"In the following sentences, explain the antecedent of the pronoun (which thing the pronoun refers to), or state that it is ambiguous.
Sentence: The patient disclosed to the counselor that they had a history of substance abuse.
Options:
(A) The patient had a history
(B) The counselor had a history
(C) Ambiguous",(A),"Let’s break this down:  

1. The sentence is: *The patient disclosed to the counselor that they had a history of substance abuse.*  
2. The pronoun in question is **""they""**.  
3. ""They"" could grammatically refer to either the patient or the counselor, because ""they"" is used here as a singular pronoun for a person whose gender is unspecified.  
4. Logically, it is more likely that the patient is disclosing their own history to the counselor, but the sentence structure does not strictly rule out the possibility that the patient is disclosing the counselor’s history (which would be pragmatically odd).  
5. Since both interpretations are grammatically possible, even if one is less plausible, the sentence is **ambiguous** from a purely structural standpoint.  

Final answer: (C)",(C),(A),False,option_letter,,cot_zs,disambiguation_qa,1
193,"In the following sentences, explain the antecedent of the pronoun (which thing the pronoun refers to), or state that it is ambiguous.
Sentence: The mechanic called to inform the customer that her car would be ready in the morning.
Options:
(A) It was the mechanic's car
(B) It was the customer's car
(C) Ambiguous",(B),"Let’s break this down:  

The sentence is:  
*The mechanic called to inform the customer that her car would be ready in the morning.*  

- The pronoun “her” could grammatically refer to either “the mechanic” or “the customer” because both are singular and female in this context.  
- However, in typical real-world situations, the car being worked on would belong to the customer, not the mechanic.  
- But the sentence does not explicitly specify whose car it is — it only says “her car,” and both are possible antecedents.  
- Since the grammar alone does not resolve this, and no extra context is given, the reference is **ambiguous** from a purely linguistic standpoint.  

Final answer: (C)",(C),(B),False,option_letter,,cot_zs,disambiguation_qa,1
194,"In the following sentences, explain the antecedent of the pronoun (which thing the pronoun refers to), or state that it is ambiguous.
Sentence: The developer corrected the secretary because she better understood the problem.
Options:
(A) The developer understood the problem
(B) The secretary understood the problem
(C) Ambiguous",(A),"Let’s break this down:  

1. The sentence is: *The developer corrected the secretary because she better understood the problem.*  
2. The pronoun “she” could refer to either “the developer” or “the secretary” — both are singular and female in this context.  
3. The phrase “better understood” implies a comparison: someone understood the problem better than someone else.  
4. If the developer corrected the secretary, one might initially think the developer understood better — but the structure “because she better understood” doesn’t grammatically force that reading.  
5. It could mean:  
   - The developer corrected the secretary because the developer understood the problem better.  
   - The developer corrected the secretary because the secretary understood the problem better (maybe the secretary made a mistake despite understanding better — but that’s less plausible logically).  
6. Without extra context, both interpretations are grammatically possible, so the reference is ambiguous.  

Final answer: (C)",(C),(A),False,option_letter,,cot_zs,disambiguation_qa,1
195,"In the following sentences, explain the antecedent of the pronoun (which thing the pronoun refers to), or state that it is ambiguous.
Sentence: My cousin called her boss for more information
Options:
(A) They were my cousin's boss
(B) They were the boss's boss
(C) Ambiguous",(A),"Let’s break this down:  

The sentence is: *My cousin called her boss for more information.*  

- “Her” is a possessive pronoun.  
- “Her boss” means the boss belonging to “her.”  
- “Her” could refer to “my cousin” (if my cousin is female) or to some other female previously mentioned — but in this isolated sentence, no other female is mentioned.  
- Without prior context, the most natural interpretation is that “her” refers back to “my cousin” (assuming the cousin is female).  
- However, if we strictly consider pronoun ambiguity: since the gender of “my cousin” is not specified in the sentence, “her” could in theory refer to someone else not mentioned, but that would be unnatural without context.  
- In linguistics, a pronoun is ambiguous if it could grammatically refer to more than one antecedent in the context. Here, there’s only one plausible female referent (“my cousin”), so it’s not ambiguous in this isolated sentence.  

But the question asks: “explain the antecedent of the pronoun … or state that it is ambiguous.”  
The antecedent is “my cousin.”  

Looking at the options:  
(A) They were my cousin’s boss — This matches the interpretation that “her” = “my cousin.”  
(B) They were the boss’s boss — That would require “her” to refer to the boss, but the boss is not established as female or as an antecedent in the sentence.  
(C) Ambiguous — Not correct here because only one plausible antecedent exists in this minimal context.  

So the answer is (A).  

Final answer: (A)",(A),(A),True,option_letter,,cot_zs,disambiguation_qa,1
196,"In the following sentences, explain the antecedent of the pronoun (which thing the pronoun refers to), or state that it is ambiguous.
Sentence: After meeting with the producers, Sam will go to her office.
Options:
(A) It will be the producers' office
(B) It will be Sam's office
(C) Ambiguous",(B),"Let’s reason through this step by step.  

The sentence is:  
> After meeting with the producers, Sam will go to her office.  

- The pronoun “her” refers to Sam, because “Sam” is the subject of the main clause and the only female person mentioned in the sentence.  
- “Her office” therefore means Sam’s office.  
- There is no indication that “her” refers to one of the producers, because the producers are not identified by gender, and the possessive “her” logically matches the subject “Sam.”  
- So the antecedent is Sam.  

Final answer: (B)",(B),(B),True,option_letter,,cot_zs,disambiguation_qa,1
197,"In the following sentences, explain the antecedent of the pronoun (which thing the pronoun refers to), or state that it is ambiguous.
Sentence: The hygienist told the patient that she should floss every day.
Options:
(A) The hygienist should floss
(B) The patient should floss
(C) Ambiguous",(B),"Let’s reason through this step by step.  

The sentence is:  
> The hygienist told the patient that she should floss every day.  

The pronoun “she” could refer to either “the hygienist” or “the patient” because both are female in this context (implied by “she”).  
The structure “told the patient that she should floss” does not grammatically force the pronoun to refer only to the patient; it could be the hygienist giving advice about herself or about the patient.  
Without additional context, we cannot determine for certain who “she” refers to.  

Therefore, the antecedent is ambiguous.  

Final answer: (C)",(C),(B),False,option_letter,,cot_zs,disambiguation_qa,1
198,"In the following sentences, explain the antecedent of the pronoun (which thing the pronoun refers to), or state that it is ambiguous.
Sentence: The technician told the customer that they had completed the repair.
Options:
(A) The technician completed the repair
(B) The customer completed the repair
(C) Ambiguous",(A),"Let’s break this down:  

The sentence is:  
> The technician told the customer that they had completed the repair.  

- “They” is a pronoun that could be singular or plural.  
- Without more context, “they” could refer to **the technician** (the technician completed the repair and told the customer) or **the customer** (the technician informed the customer that the customer themselves completed the repair — though that’s less plausible logically, it’s grammatically possible).  
- Since both interpretations are grammatically possible, and no extra context is given to resolve it, the reference is **ambiguous**.  

Final answer: (C)",(C),(A),False,option_letter,,cot_zs,disambiguation_qa,1
199,"In the following sentences, explain the antecedent of the pronoun (which thing the pronoun refers to), or state that it is ambiguous.
Sentence: The technician told the customer that he had completed the repair.
Options:
(A) The technician completed the repair
(B) The customer completed the repair
(C) Ambiguous",(A),"Let’s break this down:  

The sentence is:  
> The technician told the customer that he had completed the repair.  

- The pronoun “he” could refer to either “the technician” or “the customer” based on grammar alone.  
- There’s no additional context in the sentence to clarify who “he” is.  
- In English, such structures often lead to ambiguity when both nouns are of the same gender and either could logically be the subject of the action.  
- Here, both interpretations are possible:  
  1. The technician completed the repair (and told the customer).  
  2. The customer completed the repair (and the technician informed him of that fact — less likely but grammatically possible).  

Since there’s no grammatical or contextual clue forcing one interpretation, the antecedent is ambiguous.  

Final answer: (C)",(C),(A),False,option_letter,,cot_zs,disambiguation_qa,1
200,"In the following sentences, explain the antecedent of the pronoun (which thing the pronoun refers to), or state that it is ambiguous.
Sentence: The visitor told the teacher that they liked the cake.
Options:
(A) The visitor liked the cake
(B) The teacher liked the cake
(C) Ambiguous",(A),"Let’s break this down:  

The sentence is:  
> The visitor told the teacher that they liked the cake.  

- “They” could refer to “the visitor” (the visitor likes the cake and is telling the teacher this).  
- “They” could also refer to “the teacher” (the visitor told the teacher that the teacher likes the cake).  
- English grammar allows both interpretations because “they” is not gender-specific and the sentence structure does not force a unique antecedent.  

Therefore, the antecedent is ambiguous.  

Final answer: (C)",(C),(A),False,option_letter,,cot_zs,disambiguation_qa,1
201,"In the following sentences, explain the antecedent of the pronoun (which thing the pronoun refers to), or state that it is ambiguous.
Sentence: The customer asked the salesperson if they could send the prices of each product.
Options:
(A) The customer would send the prices
(B) The salesperson would send the prices
(C) Ambiguous",(B),"Let’s break this down:  

The sentence is:  
*The customer asked the salesperson if they could send the prices of each product.*  

- The pronoun “they” could refer to either “the customer” or “the salesperson.”  
- In English, “they” is often used when the gender is unknown, but here it creates ambiguity because either person could logically be the one sending the prices.  
- If the customer is asking, maybe the customer wants the salesperson to send the prices. But it could also be the customer asking for permission to send the prices themselves.  
- Without extra context, we can’t determine for sure who “they” refers to.  

Thus, the antecedent is ambiguous.  

Final answer: (C)",(C),(B),False,option_letter,,cot_zs,disambiguation_qa,1
202,"In the following sentences, explain the antecedent of the pronoun (which thing the pronoun refers to), or state that it is ambiguous.
Sentence: The driver yelled at the tailor after she broke a window.
Options:
(A) The driver broke a window
(B) The tailor broke a window
(C) Ambiguous",(C),"The pronoun ""she"" could refer to either ""the driver"" or ""the tailor,"" since both are plausible antecedents and no additional context clarifies which one broke the window.  

Final answer: (C)",(C),(C),True,option_letter,,cot_zs,disambiguation_qa,1
203,"In the following sentences, explain the antecedent of the pronoun (which thing the pronoun refers to), or state that it is ambiguous.
Sentence: My parent called her secretary for more information
Options:
(A) They were my parent's secretary
(B) They were the secretary's secretary
(C) Ambiguous",(A),"Let’s break this down:  

The sentence is:  
> My parent called her secretary for more information.  

- “Her” is a possessive pronoun.  
- “My parent” is singular and could be male or female, but the pronoun “her” tells us the parent is female.  
- “Her secretary” means the secretary belonging to that female parent.  
- There’s no other possible antecedent for “her” in the sentence except “my parent.”  
- Therefore, “her secretary” unambiguously means “my parent’s secretary.”  

Option (A) matches this.  

Final answer: (A)",(A),(A),True,option_letter,,cot_zs,disambiguation_qa,1
204,"In the following sentences, explain the antecedent of the pronoun (which thing the pronoun refers to), or state that it is ambiguous.
Sentence: The developer argued with the designer because he liked the design.
Options:
(A) The developer liked the design
(B) The designer liked the design
(C) Ambiguous",(C),"Let’s break this down:  

The sentence is:  
> The developer argued with the designer because he liked the design.  

- “He” could refer to either “the developer” or “the designer.”  
- There’s no additional context in the sentence to clarify who “he” is.  
- The structure doesn’t contain gender cues or other information to resolve the ambiguity.  
- Therefore, the antecedent of “he” is ambiguous.  

Final answer: (C)",(C),(C),True,option_letter,,cot_zs,disambiguation_qa,1
205,"In the following sentences, explain the antecedent of the pronoun (which thing the pronoun refers to), or state that it is ambiguous.
Sentence: The designer collaborated with the carpenter and gave him a blueprint.
Options:
(A) Gave the designer a blueprint
(B) Gave the carpenter a blueprint
(C) Ambiguous",(B),"Let’s break this down:  

The sentence is:  
*The designer collaborated with the carpenter and gave him a blueprint.*  

- “The designer” is the subject of the sentence.  
- “Collaborated with the carpenter” means the designer and carpenter worked together.  
- “and gave him a blueprint” — the pronoun “him” could refer to either the designer or the carpenter, but in English, when the subject is the designer and the object is the carpenter, the nearest plausible antecedent for “him” is “the carpenter.”  
- However, it’s logically possible that the designer gave the carpenter a blueprint, or that the designer gave himself (the designer) a blueprint — but the latter would be an unusual reading without reflexive “himself.”  
- Still, without more context, “him” could grammatically refer to the carpenter (the nearest masculine noun in the object position) or possibly the designer (the subject).  
- Since both are grammatically possible but one is more natural (the carpenter), the question asks whether it’s ambiguous — and in strict disambiguation tasks, if both are possible, we call it ambiguous.  

Given the options:  
(A) Gave the designer a blueprint — possible but less natural.  
(B) Gave the carpenter a blueprint — more natural.  
(C) Ambiguous — technically true because nothing in the sentence rules out (A).  

In disambiguation QA, if both interpretations are grammatically possible without context, the answer is “ambiguous.”  

Final answer: (C)",(C),(B),False,option_letter,,cot_zs,disambiguation_qa,1
206,"In the following sentences, explain the antecedent of the pronoun (which thing the pronoun refers to), or state that it is ambiguous.
Sentence: The patient disclosed to the counselor that he had a history of substance abuse.
Options:
(A) The patient had a history
(B) The counselor had a history
(C) Ambiguous",(A),"Let’s break this down:  

The sentence is:  
> The patient disclosed to the counselor that he had a history of substance abuse.  

- The pronoun “he” appears after “the counselor.”  
- In English, a pronoun often refers to the subject of the main clause unless context suggests otherwise.  
- The subject here is “The patient.”  
- There’s no explicit indication that “he” refers to the counselor; it’s more natural to assume “he” refers back to the patient.  
- However, structurally, it could be ambiguous if the patient is disclosing something about the counselor, but that’s unlikely without further context.  
- In typical interpretation, “he” = the patient.  

Thus, the antecedent is “The patient.”  

Final answer: (A)",(A),(A),True,option_letter,,cot_zs,disambiguation_qa,1
207,"In the following sentences, explain the antecedent of the pronoun (which thing the pronoun refers to), or state that it is ambiguous.
Sentence: The student set up a meeting with the architect to review his blueprints.
Options:
(A) The blueprints were the student's
(B) The blueprints were the architect's
(C) Ambiguous",(C),"Let’s break this down:  

The sentence is:  
*The student set up a meeting with the architect to review his blueprints.*  

- The pronoun “his” could grammatically refer to either “the student” or “the architect.”  
- There’s no additional context in the sentence to clarify whose blueprints they are.  
- In typical real-world situations, architects create blueprints, so one might assume they are the architect’s. But logically, the student could also have blueprints (e.g., his own project plans) that he wants the architect to review.  
- Since the sentence alone doesn’t specify, and both interpretations are grammatically possible, the reference is ambiguous.  

Final answer: (C)",(C),(C),True,option_letter,,cot_zs,disambiguation_qa,1
208,"In the following sentences, explain the antecedent of the pronoun (which thing the pronoun refers to), or state that it is ambiguous.
Sentence: The chief thanked the housekeeper and gave them some tips.
Options:
(A) Gave the chief some tips
(B) Gave the housekeeper some tips
(C) Ambiguous",(B),"Let’s break this down:  

1. The sentence is: *The chief thanked the housekeeper and gave them some tips.*  
2. The pronoun “them” could refer to either “the chief” or “the housekeeper” in theory.  
3. But logically, “thanked the housekeeper and gave them some tips” — if “them” refers to the chief, that would mean the chief gave tips to himself/herself, which is unlikely in normal contexts.  
4. More naturally, “them” refers to “the housekeeper” here, especially since “them” can be used as a singular gender-neutral pronoun.  
5. There’s no real ambiguity in this sentence because the chief giving tips to the housekeeper makes sense, while the chief giving tips to himself/herself doesn’t fit the situation.  

Final answer: (B)",(B),(B),True,option_letter,,cot_zs,disambiguation_qa,1
209,"In the following sentences, explain the antecedent of the pronoun (which thing the pronoun refers to), or state that it is ambiguous.
Sentence: The carpenter collaborated with the designer and gave them a prototype.
Options:
(A) Gave the carpenter a prototype
(B) Gave the designer a prototype
(C) Ambiguous",(B),"Let’s break this down:  

1. The sentence is: *The carpenter collaborated with the designer and gave them a prototype.*  
2. The pronoun “them” could refer to either “the designer” (singular “them” as a gender-neutral singular pronoun) or to both “the carpenter and the designer” together (plural “them”).  
3. If “them” refers only to “the designer,” then the carpenter gave the designer a prototype.  
4. If “them” refers to both, then the carpenter gave both of them a prototype — but that would require “themselves” or “the two of them” to be clear; otherwise, it’s odd because the carpenter is part of that group, so “gave them” would mean the carpenter gave something to the group including themselves, which is unusual without context.  
5. Without further context, “them” is most naturally read as referring to “the designer” (singular they). However, because English allows “them” to be either singular or plural, and “the designer” is the nearest plausible singular antecedent, but “the carpenter and the designer” together is a possible plural antecedent, the sentence is structurally ambiguous.  

Given the task is to choose between “gave the carpenter,” “gave the designer,” or “ambiguous,” the correct choice is that it’s ambiguous because both interpretations are grammatically possible without more context.  

Final answer: (C)",(C),(B),False,option_letter,,cot_zs,disambiguation_qa,1
210,"In the following sentences, explain the antecedent of the pronoun (which thing the pronoun refers to), or state that it is ambiguous.
Sentence: The mechanic disliked the cashier because she is arrogant.
Options:
(A) The mechanic is arrogant
(B) The cashier is arrogant
(C) Ambiguous",(C),"Let’s break this down:  

- The sentence is: *The mechanic disliked the cashier because she is arrogant.*  
- The pronoun “she” could refer to either “the mechanic” or “the cashier” based on grammar alone.  
- However, the context suggests a reason for the mechanic’s dislike — the cashier’s arrogance is a more plausible reason than the mechanic’s own arrogance.  
- Still, without additional context, the grammar itself does not rule out the possibility that “she” refers to the mechanic (though it would be pragmatically odd).  
- Since both interpretations are grammatically possible, the sentence is **ambiguous** from a purely linguistic standpoint.  

Final answer: (C)",(C),(C),True,option_letter,,cot_zs,disambiguation_qa,1
211,"In the following sentences, explain the antecedent of the pronoun (which thing the pronoun refers to), or state that it is ambiguous.
Sentence: The customer and the chef discuss her culinary training.
Options:
(A) It is the customer's culinary training
(B) It is the chef's culinary training
(C) Ambiguous",(B),"Let’s reason through this step by step.  

The sentence is:  
> The customer and the chef discuss her culinary training.  

- The pronoun “her” could refer to either “the customer” or “the chef” because both could be female.  
- There is no additional context in the sentence to determine whose culinary training is being discussed.  
- Therefore, the antecedent is ambiguous.  

Final answer: (C)",(C),(B),False,option_letter,,cot_zs,disambiguation_qa,1
212,"In the following sentences, explain the antecedent of the pronoun (which thing the pronoun refers to), or state that it is ambiguous.
Sentence: The salesperson tried to fool the writer and sold them some garbage.
Options:
(A) Sold the salesperson some garbage
(B) Sold the writer some garbage
(C) Ambiguous",(B),"Let’s break this down:  

1. The sentence is: *The salesperson tried to fool the writer and sold them some garbage.*  
2. The pronoun “them” could refer to either “the salesperson” or “the writer.”  
3. If “them” refers to “the writer,” then the salesperson sold the writer garbage — this fits the likely meaning because the salesperson is doing the fooling and selling.  
4. If “them” refers to “the salesperson,” then the writer sold the salesperson garbage — but that doesn’t fit the structure because “the salesperson” is the subject of “tried to fool” and likely also the subject of “sold.”  
5. However, in English, “sold them” could still be ambiguous because “them” might be a plural pronoun for “the writer” (if “writer” is being used in a singular “they” sense) or it could refer to both the salesperson and the writer (but that’s unlikely here).  
6. But the main point: without more context, “them” could grammatically refer to either the writer (singular they) or the salesperson (if “them” refers back to the salesperson in a different role, which is odd).  
7. Since both are grammatically possible but context suggests (B) is intended, the question asks whether the antecedent is clear or ambiguous.  
8. Because “them” could be misinterpreted without context, the correct linguistic answer is that it’s ambiguous.  

Final answer: (C)",(B),(B),True,option_letter,,cot_zs,disambiguation_qa,1
213,"In the following sentences, explain the antecedent of the pronoun (which thing the pronoun refers to), or state that it is ambiguous.
Sentence: Bailey plans to meet the director at his office
Options:
(A) It is Bailey's office
(B) It is the director's office
(C) Ambiguous",(C),"The pronoun ""his"" could logically refer to either Bailey or the director, since both are male in this context and either could have an office where the meeting might take place. Without additional context, it’s unclear whose office is intended.  

Final answer: (C)",(C),(C),True,option_letter,,cot_zs,disambiguation_qa,1
214,"In the following sentences, explain the antecedent of the pronoun (which thing the pronoun refers to), or state that it is ambiguous.
Sentence: The patient was referred to the specialist because he is an expert on rare skin conditions.
Options:
(A) The patient is an expert
(B) The specialist is an expert
(C) Ambiguous",(B),"Let’s break this down:  

1. The sentence is:  
   *""The patient was referred to the specialist because he is an expert on rare skin conditions.""*  

2. The pronoun ""he"" could logically refer to either ""the patient"" or ""the specialist.""  

3. However, real-world knowledge suggests that a patient is referred to a specialist *because the specialist* has expertise, not because the patient is an expert.  

4. Still, grammatically, both are possible antecedents since ""he"" is closer to ""specialist"" but could refer to ""patient"" if context allowed.  

5. Without additional context, the sentence alone is structurally ambiguous, even if world knowledge makes one interpretation more likely.  

6. The task is to determine if the antecedent is clear from the sentence itself — it is not, because grammar alone does not rule out either option.  

Final answer: (C)",(C),(B),False,option_letter,,cot_zs,disambiguation_qa,1
215,"In the following sentences, explain the antecedent of the pronoun (which thing the pronoun refers to), or state that it is ambiguous.
Sentence: The physician told the baker that he had cancer.
Options:
(A) The physician had cancer
(B) The baker had cancer
(C) Ambiguous",(B),"The sentence ""The physician told the baker that he had cancer"" contains the pronoun ""he,"" which could refer to either the physician or the baker.  
Without additional context, it is unclear whether ""he"" refers to the physician or the baker.  
Therefore, the antecedent is ambiguous.  

Final answer: (C)",(C),(B),False,option_letter,,cot_zs,disambiguation_qa,1
216,"In the following sentences, explain the antecedent of the pronoun (which thing the pronoun refers to), or state that it is ambiguous.
Sentence: The developer met with the secretary because he made a mistake.
Options:
(A) The developer made a mistake
(B) The secretary made a mistake
(C) Ambiguous",(C),"Let’s reason through this step by step.  

The sentence is:  
*The developer met with the secretary because he made a mistake.*  

- The pronoun “he” could refer to either “the developer” or “the secretary” because both are singular and male in this context.  
- There is no grammatical rule or clear contextual clue indicating which one made the mistake.  
- In English, such sentences are often ambiguous when the pronoun could logically attach to either noun.  

Therefore, the antecedent of “he” is ambiguous.  

Final answer: (C)",(C),(C),True,option_letter,,cot_zs,disambiguation_qa,1
217,"In the following sentences, explain the antecedent of the pronoun (which thing the pronoun refers to), or state that it is ambiguous.
Sentence: The student set up a meeting with the architect to review their blueprints.
Options:
(A) The blueprints were the student's
(B) The blueprints were the architect's
(C) Ambiguous",(C),"Let’s break this down:  

1. The sentence is: *The student set up a meeting with the architect to review their blueprints.*  
2. The pronoun “their” could refer to either “the student” or “the architect.”  
3. “Their” is a possessive pronoun here, meaning “the blueprints belonging to them.”  
4. Without additional context, we don’t know whose blueprints they are — the student could be reviewing the architect’s blueprints, or the architect could be reviewing the student’s blueprints.  
5. Both interpretations are plausible, so the antecedent is ambiguous.  

Final answer: (C)",(C),(C),True,option_letter,,cot_zs,disambiguation_qa,1
218,"In the following sentences, explain the antecedent of the pronoun (which thing the pronoun refers to), or state that it is ambiguous.
Sentence: The salesperson tried to fool the writer and sold him some garbage.
Options:
(A) Sold the salesperson some garbage
(B) Sold the writer some garbage
(C) Ambiguous",(B),"Let’s break this down:  

The sentence is:  
*The salesperson tried to fool the writer and sold him some garbage.*  

- “Him” is a pronoun that needs an antecedent.  
- The two possible male referents are “the salesperson” and “the writer.”  
- In English, when you have a structure like “X tried to fool Y and sold him…,” the most natural reading is that “him” refers to Y (the writer), because X (the salesperson) is the subject doing the selling, and Y is the object being sold to.  
- If “him” referred to the salesperson, it would require an unlikely scenario where the salesperson sold something to himself, which doesn’t make sense here.  

So the antecedent is “the writer.”  

Final answer: (B)",(B),(B),True,option_letter,,cot_zs,disambiguation_qa,1
219,"In the following sentences, explain the antecedent of the pronoun (which thing the pronoun refers to), or state that it is ambiguous.
Sentence: After meeting with the producers, Sam goes to their office.
Options:
(A) It is Sam's office
(B) It is the producers' office
(C) Ambiguous",(C),"Let’s reason through this step by step.  

The sentence is:  
> After meeting with the producers, Sam goes to their office.  

- The pronoun “their” refers back to “the producers” earlier in the sentence.  
- “their office” logically means the office belonging to the producers.  
- There’s no indication that “their” refers to Sam — Sam is the subject of “goes,” and “their” is a separate possessive.  
- The sentence is not ambiguous because “their” clearly refers to the only plural noun earlier in the sentence (“the producers”).  

So the antecedent is “the producers.”  

Final answer: (B)",(B),(C),False,option_letter,,cot_zs,disambiguation_qa,1
220,"In the following sentences, explain the antecedent of the pronoun (which thing the pronoun refers to), or state that it is ambiguous.
Sentence: The writer tried to fool the salesperson and told her a fake story.
Options:
(A) Told the writer a fake story
(B) Told the salesperson a fake story
(C) Ambiguous",(B),"Let’s break this down:  

The sentence is:  
> The writer tried to fool the salesperson and told her a fake story.  

- “Her” is a pronoun that could refer to either “the writer” or “the salesperson.”  
- However, “the writer” is the subject of the sentence and is the one doing the telling.  
- If “her” referred to the writer, it would mean the writer told herself a fake story, which doesn’t make sense in context.  
- The logical reading is that the writer told the salesperson (“her”) a fake story in order to fool her.  
- Therefore, the antecedent is “the salesperson.”  

Final answer: (B)",(B),(B),True,option_letter,,cot_zs,disambiguation_qa,1
221,"In the following sentences, explain the antecedent of the pronoun (which thing the pronoun refers to), or state that it is ambiguous.
Sentence: The practitioner made a house call for the patient because they felt gravely ill.
Options:
(A) The practitioner felt ill
(B) The patient felt ill
(C) Ambiguous",(B),"Let’s break this down:  

1. The sentence is:  
   *""The practitioner made a house call for the patient because they felt gravely ill.""*  

2. The pronoun ""they"" could refer to either ""the practitioner"" or ""the patient"" grammatically.  

3. However, context suggests the reason for a house call is usually that the **patient** is too ill to visit the clinic.  

4. Still, the sentence structure does not grammatically force this interpretation — ""they"" could technically refer to the practitioner (e.g., the practitioner felt ill but still made a house call).  

5. Since both interpretations are grammatically possible and the sentence does not contain additional clarifying information, the reference is **ambiguous**.  

Final answer: (C)",(C),(B),False,option_letter,,cot_zs,disambiguation_qa,1
222,"In the following sentences, explain the antecedent of the pronoun (which thing the pronoun refers to), or state that it is ambiguous.
Sentence: The mechanic greets the receptionist because they were in a good mood.
Options:
(A) The mechanic was in a good mood
(B) The receptionist was in a good mood
(C) Ambiguous",(C),"Let’s break this down:  

1. The sentence is: *The mechanic greets the receptionist because they were in a good mood.*  
2. The pronoun “they” could refer to either “the mechanic” or “the receptionist.”  
3. There’s no grammatical rule or clear contextual clue that forces one interpretation over the other.  
4. “They” is grammatically plural, but in modern English it can be used as a singular pronoun for a person of unspecified gender.  
5. Without extra context, we can’t tell whether the mechanic or the receptionist was in a good mood.  

Therefore, the antecedent is ambiguous.  

Final answer: (C)",(C),(C),True,option_letter,,cot_zs,disambiguation_qa,1
223,"In the following sentences, explain the antecedent of the pronoun (which thing the pronoun refers to), or state that it is ambiguous.
Sentence: The assistant asked the physician if they need any help.
Options:
(A) Asked if the assistant needs help
(B) Asked if the physician needs help
(C) Ambiguous",(B),"Let’s break this down:  

1. The sentence is: *The assistant asked the physician if they need any help.*  
2. The pronoun “they” could refer to either “the assistant” or “the physician.”  
3. In English, when a pronoun follows shortly after two possible singular noun antecedents, it can be ambiguous if both are plausible.  
4. Here, “they” is grammatically singular/plural (often used for singular they if gender unknown), but both “assistant” and “physician” are logically possible referents — the assistant could be asking if the physician needs help, or the assistant could be asking if they themselves (the assistant) need to help.  
5. Without extra context, both readings are possible, so it’s ambiguous.  

Final answer: (C)",(C),(B),False,option_letter,,cot_zs,disambiguation_qa,1
224,"In the following sentences, explain the antecedent of the pronoun (which thing the pronoun refers to), or state that it is ambiguous.
Sentence: The construction worker called the editor and told them the whole story.
Options:
(A) Told the construction worker the story
(B) Told the editor the story
(C) Ambiguous",(B),"Let’s break this down:  

The sentence is:  
> The construction worker called the editor and told them the whole story.  

- “The construction worker” is the subject.  
- “Called the editor” means the worker phoned the editor.  
- “Told them the whole story” — here “them” could refer to “the editor” (singular “them” as a gender-neutral pronoun) or possibly to some other group not mentioned.  
- But in this structure, “called … and told them” most naturally means the worker told the editor the story, because “them” logically refers back to the person just mentioned (“the editor”).  
- There’s no other plural noun in the sentence for “them” to refer to, and no indication of another group being present.  

Thus, the antecedent is “the editor,” not ambiguous.  

Final answer: (B)",(B),(B),True,option_letter,,cot_zs,disambiguation_qa,1
225,"In the following sentences, explain the antecedent of the pronoun (which thing the pronoun refers to), or state that it is ambiguous.
Sentence: Bailey planned to meet the director at his office
Options:
(A) The office was the director's office
(B) The office was Bailey's office
(C) Ambiguous",(C),"The pronoun ""his"" could refer to either Bailey or the director, since both are mentioned and either could logically have an office. Without additional context, it's unclear whose office is intended.  

Final answer: (C)",(C),(C),True,option_letter,,cot_zs,disambiguation_qa,1
226,"In the following sentences, explain the antecedent of the pronoun (which thing the pronoun refers to), or state that it is ambiguous.
Sentence: The secretary came to the analyst's office and helped her to book a flight.
Options:
(A) Helped the secretary book a flight
(B) Helped the analyst book a flight
(C) Ambiguous",(B),"Let’s break this down:  

1. The sentence is: *The secretary came to the analyst's office and helped her to book a flight.*  
2. The pronoun “her” could refer to either “the secretary” or “the analyst” because both are female in this context.  
3. If “her” refers to the analyst, then the secretary helped the analyst book a flight.  
4. If “her” refers to the secretary, then the secretary helped herself book a flight — but that would be an unusual interpretation because “helped her” after “the secretary” would normally imply a different person unless context specifies otherwise.  
5. However, without extra context, both interpretations are grammatically possible, so the reference is ambiguous.  

Final answer: (C)",(C),(B),False,option_letter,,cot_zs,disambiguation_qa,1
227,"In the following sentences, explain the antecedent of the pronoun (which thing the pronoun refers to), or state that it is ambiguous.
Sentence: Bailey planned to meet the director at her office
Options:
(A) The office was the director's office
(B) The office was Bailey's office
(C) Ambiguous",(C),"The pronoun ""her"" could refer to either Bailey or the director, depending on context not provided in the sentence. Since both are plausible antecedents and there is no additional information to clarify, the reference is ambiguous.  

Final answer: (C)",(C),(C),True,option_letter,,cot_zs,disambiguation_qa,1
228,"In the following sentences, explain the antecedent of the pronoun (which thing the pronoun refers to), or state that it is ambiguous.
Sentence: The undergraduate applied to work with the scientist because he needed a lab assistant.
Options:
(A) The undergraduate needed an assistant
(B) The scientist needed an assistant
(C) Ambiguous",(B),"Let’s break this down:  

The sentence is:  
*The undergraduate applied to work with the scientist because he needed a lab assistant.*  

- The pronoun “he” could refer to either “the undergraduate” or “the scientist.”  
- There’s no grammatical rule or clear contextual clue that forces one interpretation over the other.  
- If “he” refers to the undergraduate, then the undergraduate needed a lab assistant (but that doesn’t quite fit — why would the undergraduate apply to work with the scientist because the *undergraduate* needed a lab assistant? That’s odd).  
- If “he” refers to the scientist, then the undergraduate applied because the *scientist* needed a lab assistant — that makes more sense logically.  

However, in strict linguistic terms, without extra context, both readings are grammatically possible, even if one is pragmatically more plausible.  
The question asks for the antecedent or to state it’s ambiguous — since both are grammatically possible, the correct answer is that it’s ambiguous.  

Final answer: (C)",(C),(B),False,option_letter,,cot_zs,disambiguation_qa,1
229,"In the following sentences, explain the antecedent of the pronoun (which thing the pronoun refers to), or state that it is ambiguous.
Sentence: The undergraduate applied to work with the scientist because she needed a lab assistant.
Options:
(A) The undergraduate needed an assistant
(B) The scientist needed an assistant
(C) Ambiguous",(B),"Let’s break this down:  

The sentence is:  
*The undergraduate applied to work with the scientist because she needed a lab assistant.*  

- The pronoun “she” could refer to either “the undergraduate” or “the scientist” — both are singular and female in this context.  
- If “she” refers to the undergraduate, then the meaning is: the undergraduate needed a lab assistant (but that doesn’t fit well logically — why would the undergraduate apply to work with the scientist if the undergraduate needed an assistant? Usually, the person needing the assistant is the one hiring).  
- If “she” refers to the scientist, then the meaning is: the scientist needed a lab assistant, so the undergraduate applied for the position. This is more logical.  

However, English grammar does not force the logical reading — both are grammatically possible. Without extra context, the reference of “she” is structurally ambiguous, even if one interpretation is more plausible.  

Since the question asks us to explain the antecedent or state it is ambiguous, and given that structurally either could be the antecedent, the correct answer is that it’s ambiguous.  

Final answer: (C)",(C),(B),False,option_letter,,cot_zs,disambiguation_qa,1
230,"In the following sentences, explain the antecedent of the pronoun (which thing the pronoun refers to), or state that it is ambiguous.
Sentence: The carpenter made a desk for the clerk and gave him a discount.
Options:
(A) Gave the carpenter a discount
(B) Gave the clerk a discount
(C) Ambiguous",(B),"Let’s break this down:  

1. The sentence is: *The carpenter made a desk for the clerk and gave him a discount.*  
2. The pronoun “him” could refer to either “the carpenter” or “the clerk.”  
3. If we consider typical real-world situations, discounts are usually given to customers, not to oneself.  
4. However, purely from grammar, both are possible antecedents because “the carpenter” and “the clerk” are both singular males mentioned before the pronoun.  
5. Since the question asks for the antecedent **or** to state it is ambiguous, and there’s no additional context forcing one interpretation, the pronoun reference is grammatically ambiguous.  

Final answer: (C)",(C),(B),False,option_letter,,cot_zs,disambiguation_qa,1
231,"In the following sentences, explain the antecedent of the pronoun (which thing the pronoun refers to), or state that it is ambiguous.
Sentence: The chief thanked the housekeeper and gave him some tips.
Options:
(A) Gave the chief some tips
(B) Gave the housekeeper some tips
(C) Ambiguous",(B),"Let’s break this down:  

1. The sentence is: *The chief thanked the housekeeper and gave him some tips.*  
2. The pronoun “him” could refer to either “the chief” or “the housekeeper” grammatically.  
3. However, “the chief” is the subject doing the thanking and giving, so it would be odd for the chief to give himself tips in this context.  
4. Logically, “him” most naturally refers to “the housekeeper” because giving tips is something you do for someone else after thanking them.  
5. There’s no explicit indication that “him” refers to the chief, so it’s not ambiguous in practice — the reasonable reading is that the chief gave the housekeeper tips.  

Final answer: (B)",(B),(B),True,option_letter,,cot_zs,disambiguation_qa,1
232,"In the following sentences, explain the antecedent of the pronoun (which thing the pronoun refers to), or state that it is ambiguous.
Sentence: The writer tried to fool the salesperson and told them a fake story.
Options:
(A) Told the writer a fake story
(B) Told the salesperson a fake story
(C) Ambiguous",(B),"Let’s break this down:  

1. The sentence is: *The writer tried to fool the salesperson and told them a fake story.*  
2. The pronoun “them” could refer to either “the writer” or “the salesperson.”  
3. Logically, if the writer is trying to fool the salesperson, telling the salesperson a fake story makes sense.  
4. However, “them” is structurally ambiguous because it could also mean the writer told someone else (the writer’s own allies, for example) a fake story about the salesperson — though that’s less plausible without context.  
5. Since both interpretations are grammatically possible and the sentence doesn’t clarify, the antecedent is ambiguous.  

Final answer: (C)",(C),(B),False,option_letter,,cot_zs,disambiguation_qa,1
233,"In the following sentences, explain the antecedent of the pronoun (which thing the pronoun refers to), or state that it is ambiguous.
Sentence: The investigator wanted to interview the witness in person, but he was too late.
Options:
(A) The investigator was too late
(B) The witness was too late
(C) Ambiguous",(C),"Let’s break this down:  

1. The sentence is:  
   *""The investigator wanted to interview the witness in person, but he was too late.""*  

2. The pronoun ""he"" could refer to either ""the investigator"" or ""the witness"" based on grammar alone.  

3. Context clues:  
   - The investigator is the one who wants to do the interviewing.  
   - If the investigator was too late, that could mean he missed the chance to interview the witness.  
   - If the witness was too late, that could mean the witness didn’t arrive on time for the interview.  

4. There is no extra information in the sentence to determine which one is meant.  
   Both interpretations are logically possible without further context.  

5. Therefore, the reference of ""he"" is ambiguous.  

Final answer: (C)",(C),(C),True,option_letter,,cot_zs,disambiguation_qa,1
234,"In the following sentences, explain the antecedent of the pronoun (which thing the pronoun refers to), or state that it is ambiguous.
Sentence: The manager asked the employee to not forget their car.
Options:
(A) It was the manager's car
(B) It was the employee's car
(C) Ambiguous",(C),"Let’s break this down:  

1. The sentence is: *The manager asked the employee to not forget their car.*  
2. The pronoun “their” could refer either to the manager or to the employee.  
3. If “their” refers to the manager, then the manager is reminding the employee not to forget the manager’s car (maybe the employee is supposed to move it or get something from it).  
4. If “their” refers to the employee, then the manager is reminding the employee not to forget the employee’s own car.  
5. Without extra context, both interpretations are grammatically possible.  
6. Therefore, the antecedent is ambiguous.  

Final answer: (C)",(C),(C),True,option_letter,,cot_zs,disambiguation_qa,1
235,"In the following sentences, explain the antecedent of the pronoun (which thing the pronoun refers to), or state that it is ambiguous.
Sentence: The mechanic greets the receptionist because he is standing in front of the door.
Options:
(A) The mechanic is standing in front of the door
(B) The receptionist is standing in front of the door
(C) Ambiguous",(C),"Let’s reason through this step by step.  

The sentence is:  
*The mechanic greets the receptionist because he is standing in front of the door.*  

1. The pronoun “he” could refer to either “the mechanic” or “the receptionist” based on grammar alone.  
2. There is no explicit gender information given for either person, so “he” could grammatically refer to either.  
3. Common real-world knowledge might suggest mechanics are often male, but that is a stereotype and not guaranteed by the sentence.  
4. The structure “The mechanic greets the receptionist because he is standing in front of the door” doesn’t contain clear syntactic cues that force one interpretation over the other.  
5. Therefore, without additional context, the antecedent of “he” is ambiguous.  

Final answer: (C)",(C),(C),True,option_letter,,cot_zs,disambiguation_qa,1
236,"In the following sentences, explain the antecedent of the pronoun (which thing the pronoun refers to), or state that it is ambiguous.
Sentence: The reporter and the chef discussed his favorite dishes.
Options:
(A) They discussed the reporter's favorite dishes
(B) They discussed the chef's favorite dishes
(C) Ambiguous",(C),"The pronoun ""his"" could refer to either the reporter or the chef, since both are singular nouns and either could logically have favorite dishes. Without additional context, it is unclear which person ""his"" refers to.  

Final answer: (C)",(C),(C),True,option_letter,,cot_zs,disambiguation_qa,1
237,"In the following sentences, explain the antecedent of the pronoun (which thing the pronoun refers to), or state that it is ambiguous.
Sentence: The developer met with the designer because her idea can be implemented.
Options:
(A) The developer's idea could be implemented
(B) The designer's idea could be implemented
(C) Ambiguous",(C),"Let’s break this down:  

1. The sentence is: *The developer met with the designer because her idea can be implemented.*  
2. The pronoun “her” could refer to either “the developer” or “the designer” — both are singular and could be female.  
3. There’s no additional grammatical or contextual clue in the sentence to determine whose idea it is.  
4. Therefore, the antecedent is ambiguous.  

Final answer: (C)",(C),(C),True,option_letter,,cot_zs,disambiguation_qa,1
238,"In the following sentences, explain the antecedent of the pronoun (which thing the pronoun refers to), or state that it is ambiguous.
Sentence: The reporter and the chef discuss her favorite dishes.
Options:
(A) They discuss the reporter's favorite dishes
(B) They discuss the chef's favorite dishes
(C) Ambiguous",(C),"The pronoun ""her"" could refer to either the reporter or the chef, since both are singular nouns and either could be female. The sentence does not provide additional context to determine whose favorite dishes are being discussed.  

Final answer: (C)",(C),(C),True,option_letter,,cot_zs,disambiguation_qa,1
239,"In the following sentences, explain the antecedent of the pronoun (which thing the pronoun refers to), or state that it is ambiguous.
Sentence: The investigator wanted to interview the witness in person, but she was too late.
Options:
(A) The investigator was too late
(B) The witness was too late
(C) Ambiguous",(C),"Let’s break this down:  

- The sentence says: *The investigator wanted to interview the witness in person, but she was too late.*  
- “She” could refer to either “the investigator” or “the witness” — both are singular and female in this context.  
- There’s no additional context in the sentence to determine whether the investigator was too late to meet the witness, or the witness was too late to meet the investigator.  
- Therefore, the pronoun “she” is ambiguous.  

Final answer: (C)",(C),(C),True,option_letter,,cot_zs,disambiguation_qa,1
240,"In the following sentences, explain the antecedent of the pronoun (which thing the pronoun refers to), or state that it is ambiguous.
Sentence: The visitor tells the teacher that they like the cake.
Options:
(A) The visitor likes the cake
(B) The teacher likes the cake
(C) Ambiguous",(A),"The pronoun ""they"" could refer to either ""the visitor"" or ""the teacher"" because the sentence structure does not specify who likes the cake.  
Thus, the antecedent is ambiguous.  

Final answer: (C)",(C),(A),False,option_letter,,cot_zs,disambiguation_qa,1
241,"In the following sentences, explain the antecedent of the pronoun (which thing the pronoun refers to), or state that it is ambiguous.
Sentence: The librarian helped the CEO to find the book because he asked.
Options:
(A) The librarian asked
(B) The CEO asked
(C) Ambiguous",(B),"Let’s break this down:  

The sentence is:  
*The librarian helped the CEO to find the book because he asked.*  

- The pronoun “he” could refer to either “the librarian” or “the CEO.”  
- There’s no grammatical rule forcing it to refer to the closest noun (“the CEO”) — both are plausible.  
- Without extra context, we can’t determine for sure whether “he” means the librarian or the CEO.  
- Therefore, the antecedent is ambiguous.  

Final answer: (C)",(C),(B),False,option_letter,,cot_zs,disambiguation_qa,1
242,"In the following sentences, explain the antecedent of the pronoun (which thing the pronoun refers to), or state that it is ambiguous.
Sentence: The developer corrected the secretary because he better understood the problem.
Options:
(A) The developer understood the problem
(B) The secretary understood the problem
(C) Ambiguous",(A),"The pronoun ""he"" could refer to either ""the developer"" or ""the secretary,"" since both are singular and could be male.  
The sentence structure doesn’t clearly indicate which one ""better understood the problem,"" so the antecedent is ambiguous.  

Final answer: (C)",(C),(A),False,option_letter,,cot_zs,disambiguation_qa,1
243,"In the following sentences, explain the antecedent of the pronoun (which thing the pronoun refers to), or state that it is ambiguous.
Sentence: The laborer handed the secretary a hammer because he asked for a tool.
Options:
(A) The laborer asked for a tool
(B) The secretary asked for a tool
(C) Ambiguous",(B),"Let’s break this down:  

1. The sentence is: *The laborer handed the secretary a hammer because he asked for a tool.*  
2. The pronoun “he” could refer to either “the laborer” or “the secretary” — both are singular male nouns.  
3. Logically, the person who asked for a tool would be the one receiving it, so “the secretary” is the more plausible antecedent.  
4. However, the sentence structure does not grammatically force this reading — it could be misinterpreted as the laborer asking for a tool earlier, then handing it to the secretary for some other reason.  
5. Since both interpretations are grammatically possible, the pronoun reference is **ambiguous** in terms of syntax, even if pragmatically one seems more likely.  

Final answer: (C)",(C),(B),False,option_letter,,cot_zs,disambiguation_qa,1
244,"In the following sentences, explain the antecedent of the pronoun (which thing the pronoun refers to), or state that it is ambiguous.
Sentence: Alex told us that he could not meet.
Options:
(A) Alex could not meet
(B) We could not meet
(C) Ambiguous",(A),"Let’s break this down:  

The sentence is: *Alex told us that he could not meet.*  

- “Alex” is the subject of the main clause.  
- “he” is the pronoun in the subordinate clause “that he could not meet.”  
- In English, a pronoun in this position most naturally refers to the subject of the main clause (“Alex”) unless context suggests otherwise.  
- There’s no other male person mentioned in the sentence, so “he” almost certainly refers to Alex.  
- The sentence does not suggest “we could not meet” — “he” is clearly singular and refers to Alex.  

Thus, the antecedent is Alex.  

Final answer: (A)",(A),(A),True,option_letter,,cot_zs,disambiguation_qa,1
245,"In the following sentences, explain the antecedent of the pronoun (which thing the pronoun refers to), or state that it is ambiguous.
Sentence: The mechanic greets the receptionist because she is standing in front of the door.
Options:
(A) The mechanic is standing in front of the door
(B) The receptionist is standing in front of the door
(C) Ambiguous",(C),"Let’s break this down:  

1. The sentence is: *The mechanic greets the receptionist because she is standing in front of the door.*  
2. The pronoun “she” could refer to either “the mechanic” or “the receptionist” based on grammar alone.  
3. However, the structure suggests “she” refers to the nearest plausible antecedent — “the receptionist” — because the mechanic is doing the greeting, and the reason given is likely about the other person’s position blocking the door.  
4. Still, without extra context, both interpretations are grammatically possible.  
5. Since the question asks us to explain the antecedent or state it’s ambiguous, and no additional context is given to force one interpretation, the correct choice is that it’s ambiguous.  

Final answer: (C)",(C),(C),True,option_letter,,cot_zs,disambiguation_qa,1
246,"In the following sentences, explain the antecedent of the pronoun (which thing the pronoun refers to), or state that it is ambiguous.
Sentence: The engineer informed the client that she would need to make all future payments on time.
Options:
(A) The engineer should make payments
(B) The client should make payments
(C) Ambiguous",(B),"Let’s break this down:  

1. The sentence is: *The engineer informed the client that she would need to make all future payments on time.*  
2. The pronoun “she” could refer to either “the engineer” or “the client” because both are singular and could be female.  
3. There’s no additional context in the sentence to clarify which person “she” refers to.  
4. Therefore, the antecedent is ambiguous.  

Final answer: (C)",(C),(B),False,option_letter,,cot_zs,disambiguation_qa,1
247,"In the following sentences, explain the antecedent of the pronoun (which thing the pronoun refers to), or state that it is ambiguous.
Sentence: This story could not be published without the writer and their friends' support.
Options:
(A) They were the writer's friends
(B) They were the friends' friends
(C) They were the story's friends
(D) Ambiguous",(A),"Let’s break this down.  

The sentence is:  
> This story could not be published without the writer and their friends' support.  

The pronoun in question is **""their""**.  

- ""Their"" could refer to **""the writer""** (possessive pronoun ""their"" meaning the writer’s friends).  
- Could ""their"" refer to something else? The only other plausible noun is ""story"" — but ""story’s friends"" doesn’t make sense in this context.  
- ""Their"" cannot refer to ""friends"" because ""friends' friends"" would require the antecedent to be ""friends"" earlier in the sentence, but here ""friends"" appears after ""their"" in the noun phrase ""their friends' support"".  
- The structure is:  
  *the writer and their friends' support* = support from the writer and from their friends.  
  ""Their"" logically refers back to ""the writer"" (singular ""they"" usage).  

So the antecedent is **the writer**, meaning ""they"" = the writer, and ""their friends"" = the writer’s friends.  

That matches option (A).  

Final answer: (A)",(A),(A),True,option_letter,,cot_zs,disambiguation_qa,1
248,"In the following sentences, explain the antecedent of the pronoun (which thing the pronoun refers to), or state that it is ambiguous.
Sentence: The lawyer looked into illegal accusations against the cashier, because she needed to understand the case.
Options:
(A) The lawyer needed to understand
(B) The cashier needed to understand
(C) Ambiguous",(A),"Let’s break this down:  

1. The sentence is:  
   *""The lawyer looked into illegal accusations against the cashier, because she needed to understand the case.""*  

2. The pronoun ""she"" could refer to either ""the lawyer"" or ""the cashier"" — both are singular and female in this context.  

3. The main clause says the lawyer is looking into the accusations.  
   The subordinate clause gives the reason: ""because she needed to understand the case.""  

4. Logically, it makes more sense that the lawyer is the one who needs to understand the case in order to look into it.  
   However, grammatically, ""she"" could also refer to the cashier (e.g., the cashier needed to understand the accusations against her).  

5. Since both interpretations are grammatically possible and neither is ruled out by context, the antecedent is ambiguous.  

Final answer: (C)",(C),(A),False,option_letter,,cot_zs,disambiguation_qa,1
249,"In the following sentences, explain the antecedent of the pronoun (which thing the pronoun refers to), or state that it is ambiguous.
Sentence: The taxpayer met with the accountant to find out if he could help with tax preparation.
Options:
(A) The taxpayer could help
(B) The accountant could help
(C) Ambiguous",(B),"Let’s break this down:  

1. The sentence is: *The taxpayer met with the accountant to find out if he could help with tax preparation.*  
2. The pronoun “he” could refer to either “the taxpayer” or “the accountant.”  
3. Logically, the taxpayer is meeting the accountant to ask a question — so the taxpayer likely wants to know whether the *accountant* can help.  
4. However, English grammar does not strictly require this; “he” could grammatically refer to either noun.  
5. Without extra context, the reference is **ambiguous** because we cannot be certain from syntax alone.  

Final answer: (C)",(C),(B),False,option_letter,,cot_zs,disambiguation_qa,1
