sample_id,question,gold,raw_output,parsed_prediction,canonical_gold,correct,answer_format,error_type,method,task_id,iteration
0,not False and not not True and True is,True,"Let’s evaluate step by step according to precedence rules.

Expression:  
`not False and not not True and True`

1. **Parentheses** — none here.  
2. **NOT** operations from left to right:  
   - `not False` → `True`  
   - `not not True` → `not (not True)` → `not False` → `True`  

So now we have:  
`True and True and True`

3. **AND** operations (left to right):  
   - `True and True` → `True`  
   - `True and True` → `True`

Final result: `true`

Final answer: true",true,true,True,boolean,,opro,boolean_expressions,10
1,False and ( not False ) or False is,False,"False and ( not False ) or False  
= False and ( True ) or False  
= False and True or False  
= False or False  
= False  

Final answer: false",false,false,True,boolean,,opro,boolean_expressions,10
2,not False and False and False or False is,False,"Let’s evaluate step by step according to precedence rules:  
**Precedence**: parentheses → NOT → AND → OR  

Expression:  
`not False and False and False or False`

1. **NOT first**:  
`not False` = `True`  

Now we have:  
`True and False and False or False`

2. **AND is left-associative**:  
`True and False` = `False`  

Now:  
`False and False` = `False`  

Now:  
`False or False` = `False`

Final answer: false",true,false,False,boolean,,opro,boolean_expressions,10
3,not False and False or True or False is,True,"not False and False or True or False  
= (not False) and False or True or False  
= True and False or True or False  
= (True and False) or True or False  
= False or True or False  
= (False or True) or False  
= True or False  
= True  

Final answer: true",true,true,True,boolean,,opro,boolean_expressions,10
4,False and not ( not not True ) is,False,"Let’s evaluate step by step.

Expression:  
**False and not ( not not True )**

---

**Step 1: Evaluate innermost parentheses**  
`not not True`  
- `not True` → False  
- `not False` → True  

So `( not not True )` = True.

---

**Step 2: Apply the outer `not`**  
`not ( True )` → False.

---

**Step 3: Evaluate `False and False`**  
`False and False` → False.

---

Final answer: false",true,false,False,boolean,,opro,boolean_expressions,10
5,( not ( True or False ) ) is,False,"First, evaluate inside the parentheses:  
True or False → True  

Then apply NOT:  
not (True) → False  

Final answer: false",false,false,True,boolean,,opro,boolean_expressions,10
6,not not ( True ) or not True is,True,"not not ( True ) or not True  
= not not True or not True  
= not False or not True  
= True or False  
= True  

Final answer: true",true,true,True,boolean,,opro,boolean_expressions,10
7,not not False or False and not True is,False,"Let’s evaluate step by step according to precedence rules:  
**Precedence**: parentheses → NOT → AND → OR  

Expression:  
`not not False or False and not True`

1. **Innermost NOTs** (working from left to right for NOTs on same level):  
   - `not False` → `True`  
   - So `not not False` = `not (not False)` = `not True` → `False`  

Now expression becomes:  
`False or False and not True`

2. **Next NOT**:  
   `not True` → `False`  

Now:  
`False or False and False`

3. **AND before OR**:  
   `False and False` → `False`  

Now:  
`False or False`

4. **OR**:  
   `False or False` → `False`  

Final answer: false",false,false,True,boolean,,opro,boolean_expressions,10
8,True and not False and True or True is,True,"Let’s evaluate step by step according to precedence:  
**Precedence**: parentheses → NOT → AND → OR  

Expression:  
True and not False and True or True  

1. **not False** → True  
   Expression becomes: True and True and True or True  

2. **AND from left to right**:  
   True and True → True  
   True and True → True  
   Expression now: True or True  

3. **OR**:  
   True or True → True  

Final answer: true",true,true,True,boolean,,opro,boolean_expressions,10
9,True and ( False ) or not False is,True,"Let’s evaluate step by step according to precedence rules.

Expression:  
**True and ( False ) or not False**

1. **Parentheses first**:  
   Inside parentheses: `(False)` → **False**  
   Expression becomes: `True and False or not False`

2. **NOT next**:  
   `not False` → **True**  
   Expression becomes: `True and False or True`

3. **AND next**:  
   `True and False` → **False**  
   Expression becomes: `False or True`

4. **OR last**:  
   `False or True` → **True**

Final answer: true",true,true,True,boolean,,opro,boolean_expressions,10
10,True or False and not False and True is,True,"Let’s break it down step by step.

Expression:  
**True or False and not False and True**

---

**Step 1 – Identify precedence order**  
Precedence:  
1. Parentheses (none here)  
2. NOT  
3. AND  
4. OR  

So first compute **not False**.

not False = True

Expression becomes:  
True or False and True and True

---

**Step 2 – AND operations from left to right**  
False and True = False  
False and True = False

Expression becomes:  
True or False

---

**Step 3 – OR operation**  
True or False = True

---

Final answer: true",false,true,False,boolean,,opro,boolean_expressions,10
11,( True or not not not False ) is,True,"Let’s evaluate step by step:  

Expression:  
( True or not not not False )  

1. **Innermost NOT on False**:  
   not False → True  

2. **Second NOT**:  
   not True → False  

3. **Third NOT**:  
   not False → True  

Now we have:  
( True or True )  

4. **OR**:  
   True or True → True  

Final answer: true",true,true,True,boolean,,opro,boolean_expressions,10
12,False or not ( True ) and False is,False,"Let’s evaluate step by step:  

Expression:  
**False or not ( True ) and False**

1. **Parentheses first**:  
   `not ( True )` → `False`  
   Expression becomes:  
   `False or False and False`

2. **Precedence: NOT done, now AND before OR**:  
   `False and False` → `False`  
   Expression becomes:  
   `False or False`

3. **Evaluate OR**:  
   `False or False` → `False`

Final answer: false",false,false,True,boolean,,opro,boolean_expressions,10
13,not ( True ) and ( True ) is,False,"not ( True ) → False  
False and ( True ) → False  

Final answer: false",false,false,True,boolean,,opro,boolean_expressions,10
14,not False or False or ( False ) is,True,"not False or False or ( False )  
= True or False or False  
= True  

Final answer: true",true,true,True,boolean,,opro,boolean_expressions,10
15,not not not not True or not True is,True,"Let’s evaluate step by step.

Expression:  
`not not not not True or not True`

---

**Step 1 – Handle parentheses**  
There are no parentheses, so proceed.

---

**Step 2 – Apply NOT operators from right to left (highest precedence)**  

First, `not not not not True` means:  
`not not not (not True)` → `not not not False`  
`not not (not False)` → `not not True`  
`not (not True)` → `not False` → `True`  

So `not not not not True = True`.

---

**Step 3 – Evaluate `not True`**  
`not True = False`.

---

**Step 4 – Apply OR**  
`True or False = True`.

---

Final answer: true",true,true,True,boolean,,opro,boolean_expressions,10
16,False and not ( ( True ) ) is,False,"Let’s evaluate step by step:

Expression:  
**False and not ( ( True ) )**

1. **Parentheses first**:  
   ( True ) = True  
   So expression becomes:  
   False and not (True)

2. **NOT**:  
   not (True) = False  
   So expression becomes:  
   False and False

3. **AND**:  
   False and False = False

Final answer: false",false,false,True,boolean,,opro,boolean_expressions,10
17,True and not False or ( True ) is,True,"True and not False or ( True )  
= True and True or True  
= True or True  
= True  

Final answer: true",true,true,True,boolean,,opro,boolean_expressions,10
18,not False or True or True and False is,True,"Let’s evaluate step by step according to precedence:  
**Precedence**: parentheses → NOT → AND → OR  

Expression:  
`not False or True or True and False`  

1. **NOT**: `not False` → `True`  
   Expression becomes: `True or True or True and False`  

2. **AND**: `True and False` → `False`  
   Expression becomes: `True or True or False`  

3. **OR** (left to right):  
   `True or True` → `True`  
   `True or False` → `True`  

Final result: `true`  

Final answer: true",true,true,True,boolean,,opro,boolean_expressions,10
19,True or False or not True and True is,True,"Let’s break it down step by step.  

Expression:  
**True or False or not True and True**

---

**Step 1 – Apply NOT**  
Precedence: NOT first  
`not True` = **False**  

Expression becomes:  
True or False or (False and True)

---

**Step 2 – Apply AND**  
Precedence: AND before OR  
`False and True` = **False**  

Expression becomes:  
True or False or False

---

**Step 3 – Apply OR from left to right**  
`True or False` = **True**  
`True or False` = **True**  

Final result: **true**

---

Final answer: true",true,true,True,boolean,,opro,boolean_expressions,10
20,( not False and ( True ) ) is,True,"First, evaluate inside parentheses:  
( True ) = True  

Expression becomes:  
( not False and True )  

Apply NOT:  
not False = True  

Expression becomes:  
( True and True )  

Apply AND:  
True and True = True  

Final answer: true",true,true,True,boolean,,opro,boolean_expressions,10
21,not ( False and True ) and True is,True,"First, evaluate inside parentheses:  
False and True → False  

Now apply NOT:  
not (False) → True  

Now evaluate the AND with the remaining True:  
True and True → True  

Final answer: true",true,true,True,boolean,,opro,boolean_expressions,10
22,( False ) and not False and True is,False,"Let’s evaluate step by step.

Expression:  
`( False ) and not False and True`

1. **Parentheses first**  
`( False )` is just `False`.  
Expression becomes:  
`False and not False and True`

2. **NOT**  
`not False` = `True`  
Expression becomes:  
`False and True and True`

3. **AND** (left to right)  
`False and True` = `False`  
`False and True` = `False`

Final result: **false**

Final answer: false",false,false,True,boolean,,opro,boolean_expressions,10
23,not False or True and False or False is,True,"Let’s evaluate step by step according to precedence: **NOT** → **AND** → **OR**.

Expression:  
`not False or True and False or False`

1. **NOT**:  
`not False` → `True`  
Expression becomes: `True or True and False or False`

2. **AND**:  
`True and False` → `False`  
Expression becomes: `True or False or False`

3. **OR** (left to right):  
`True or False` → `True`  
`True or False` → `True`

Final answer: true",true,true,True,boolean,,opro,boolean_expressions,10
24,( True or False ) or not True is,True,"Let’s evaluate step by step.

Expression:  
`( True or False ) or not True`

1. **Parentheses first**:  
`( True or False )` → `True`

2. **NOT**:  
`not True` → `False`

3. **Expression now**:  
`True or False`

4. **OR**:  
`True or False` → `True`

Final answer: true",true,true,True,boolean,,opro,boolean_expressions,10
25,not not True and not False or True is,True,"Let’s evaluate step by step.

Expression:  
`not not True and not False or True`

---

**Step 1 – Handle parentheses**  
There are no parentheses, so skip.

---

**Step 2 – Apply NOT operators from left to right**  
`not not True` → `not (not True)` → `not False` → `True`

So the expression becomes:  
`True and not False or True`

Now `not False` → `True`

Expression:  
`True and True or True`

---

**Step 3 – Apply AND**  
`True and True` → `True`

Expression:  
`True or True`

---

**Step 4 – Apply OR**  
`True or True` → `True`

---

Final answer: true",true,true,True,boolean,,opro,boolean_expressions,10
26,not not True and True and not True is,False,"Let’s evaluate step by step according to precedence rules.

Expression:  
`not not True and True and not True`

1. **Parentheses**: none.  
2. **NOT operators** (highest precedence after parentheses):  
   - `not not True` → `not (not True)` → `not False` → `True`  
   - `not True` → `False`  

Now the expression becomes:  
`True and True and False`

3. **AND operators** (left-to-right):  
   - `True and True` → `True`  
   - `True and False` → `False`

Final result: `False`

Final answer: false",false,false,True,boolean,,opro,boolean_expressions,10
27,False or ( False or not False ) is,True,"Let’s evaluate step by step:  

Expression:  
**False or ( False or not False )**

1. **Parentheses first**:  
   Inside: `False or not False`  
   - `not False` = `True`  
   - So: `False or True` = `True`  

2. Now outside:  
   `False or (True)` = `True`  

Final answer: true",false,true,False,boolean,,opro,boolean_expressions,10
28,not ( False or ( False ) ) is,True,"Let’s evaluate step by step.

Expression:  
`not ( False or ( False ) )`

1. **Parentheses first**  
Inside: `False or (False)` → `False or False` → `False`

2. **Apply NOT**  
`not (False)` → `True`

Final answer: true",true,true,True,boolean,,opro,boolean_expressions,10
29,not True and not True and not True is,False,"not True → false  
false and not True → false and false → false  
false and not True → false and false → false  

Final answer: false",false,false,True,boolean,,opro,boolean_expressions,10
30,False and False and not True and False is,False,"Let’s evaluate step by step:  

Expression:  
**False and False and not True and False**  

1. **Precedence: NOT first**  
   `not True` → `False`  

   Expression becomes:  
   `False and False and False and False`  

2. **AND is left-associative**  
   `False and False` → `False`  
   `False and False` → `False`  
   `False and False` → `False`  

Final result: **false**  

Final answer: false",false,false,True,boolean,,opro,boolean_expressions,10
31,False or ( not False ) and False is,False,"Let’s evaluate step by step:  

Expression:  
**False or ( not False ) and False**

1. **Parentheses first**:  
   `not False` → `True`  
   Expression becomes:  
   `False or True and False`

2. **NOT** is already done. Next **AND** before **OR**:  
   `True and False` → `False`  
   Expression becomes:  
   `False or False`

3. **OR**:  
   `False or False` → `False`

Final answer: false",false,false,True,boolean,,opro,boolean_expressions,10
32,True and not True or True and True is,True,"Let’s evaluate step by step:  

Expression:  
True and not True or True and True  

1. **Parentheses**: none  
2. **NOT**:  
   not True → False  
   Expression becomes: True and False or True and True  

3. **AND** (left to right):  
   True and False → False  
   True and True → True  
   Expression becomes: False or True  

4. **OR**:  
   False or True → True  

Final answer: true",true,true,True,boolean,,opro,boolean_expressions,10
33,not True and True and True or False is,False,"Let’s evaluate step by step according to precedence rules:  
**Precedence**: parentheses → NOT → AND → OR  

Expression:  
`not True and True and True or False`  

1. **NOT**:  
`not True` = `False`  

Now we have:  
`False and True and True or False`  

2. **AND** (left to right):  
`False and True` = `False`  
`False and True` = `False`  

Now we have:  
`False or False`  

3. **OR**:  
`False or False` = `False`  

Final answer: false",false,false,True,boolean,,opro,boolean_expressions,10
34,not not not not not not not False is,True,"Let’s evaluate step by step.

Expression:  
`not not not not not not not False`

**Step 1:** Start with the innermost `not` (rightmost).  
`not False` = `True`

Now we have:  
`not not not not not not True`

**Step 2:** Apply the next `not` (now rightmost):  
`not True` = `False`  
Expression: `not not not not not False`

**Step 3:** Apply next `not`:  
`not False` = `True`  
Expression: `not not not not True`

**Step 4:** Apply next `not`:  
`not True` = `False`  
Expression: `not not not False`

**Step 5:** Apply next `not`:  
`not False` = `True`  
Expression: `not not True`

**Step 6:** Apply next `not`:  
`not True` = `False`  
Expression: `not False`

**Step 7:** Apply final `not`:  
`not False` = `True`

Final answer: true",true,true,True,boolean,,opro,boolean_expressions,10
35,not False or not ( not False ) is,True,"Let’s evaluate step by step.

Expression:  
`not False or not ( not False )`

**Step 1 – Parentheses first**  
Inside `( not False )`:  
`not False` = `True`  
So `( not False )` = `True`

Now the expression becomes:  
`not False or not True`

**Step 2 – Apply NOT operators**  
`not False` = `True`  
`not True` = `False`

Now we have:  
`True or False`

**Step 3 – Apply OR**  
`True or False` = `True`

Final answer: true",false,true,False,boolean,,opro,boolean_expressions,10
36,not True and ( False ) and False is,False,"Let’s evaluate step by step.

Expression:  
`not True and ( False ) and False`

1. **Parentheses first** — `( False )` is just `False`.  
   Expression becomes: `not True and False and False`

2. **NOT** — `not True` = `False`.  
   Expression becomes: `False and False and False`

3. **AND** (left to right) — `False and False` = `False`.  
   Then `False and False` = `False`.

Final truth value: **false**  

Final answer: false",false,false,True,boolean,,opro,boolean_expressions,10
37,False or False and not not not False is,False,"Let’s evaluate step by step:  

Expression:  
**False or False and not not not False**

---

**Step 1 – Handle parentheses**  
No parentheses, so skip.

---

**Step 2 – Apply NOT operators from right to left**  
`not not not False`  

- `not False` → True  
- `not True` → False  
- `not False` → True  

So `not not not False` = **True**.

---

**Step 3 – Substitute back**  
Expression becomes:  
**False or False and True**

---

**Step 4 – Apply AND** (precedence over OR)  
`False and True` → False

---

**Step 5 – Apply OR**  
`False or False` → False

---

Final answer: false",false,false,True,boolean,,opro,boolean_expressions,10
38,True and True and True or not False is,True,"Let’s evaluate step by step according to precedence rules:  

Expression:  
True and True and True or not False  

1. **Parentheses**: none  
2. **NOT**: not False → True  
   Expression becomes: True and True and True or True  

3. **AND** (left to right):  
   True and True → True  
   True and True → True  
   Expression becomes: True or True  

4. **OR**:  
   True or True → True  

Final answer: true",true,true,True,boolean,,opro,boolean_expressions,10
39,True and True or False and not True is,True,"Let’s evaluate step by step according to precedence: parentheses, NOT, AND, OR.

Expression:  
True and True or False and not True

1. **NOT first**:  
not True → False  

Expression becomes:  
True and True or False and False

2. **AND next** (left to right):  
True and True → True  
False and False → False  

Expression becomes:  
True or False

3. **OR**:  
True or False → True

Final answer: true",true,true,True,boolean,,opro,boolean_expressions,10
40,False or not True and True or True is,True,"Let’s evaluate step by step according to precedence rules:  
**NOT** > **AND** > **OR**  

Expression:  
`False or not True and True or True`

1. **NOT** first:  
`not True` = `False`  
Expression becomes:  
`False or False and True or True`

2. **AND** next:  
`False and True` = `False`  
Expression becomes:  
`False or False or True`

3. **OR** left to right:  
`False or False` = `False`  
`False or True` = `True`

Final answer: true",true,true,True,boolean,,opro,boolean_expressions,10
41,False and not ( not not False ) is,False,"Let’s evaluate step by step.

Expression:  
**False and not ( not not False )**

---

**Step 1: Parentheses first**  
Inside parentheses: `not not False`  

- `not False` = True  
- `not True` = False  

So `( not not False )` = False.

---

**Step 2: Apply NOT outside parentheses**  
`not (False)` = True.

---

**Step 3: Apply AND**  
`False and True` = False.

---

Final answer: false",false,false,True,boolean,,opro,boolean_expressions,10
42,not not not not not not not True is,False,"Let’s evaluate step by step:  

Expression: `not not not not not not not True`  

1. Start with `True`.  
2. Apply first `not`: `not True` → `False`  
3. Apply second `not`: `not False` → `True`  
4. Apply third `not`: `not True` → `False`  
5. Apply fourth `not`: `not False` → `True`  
6. Apply fifth `not`: `not True` → `False`  
7. Apply sixth `not`: `not False` → `True`  
8. Apply seventh `not`: `not True` → `False`  

Final result: `false`  

Final answer: false",false,false,True,boolean,,opro,boolean_expressions,10
43,not ( False ) or not not True is,True,"not ( False ) or not not True  
= not False or not not True  
= True or not not True  
= True or not False  
= True or True  
= True  

Final answer: true",true,true,True,boolean,,opro,boolean_expressions,10
44,True or ( True or not True ) is,True,"True or ( True or not True )  
= True or ( True or False )  
= True or ( True )  
= True  

Final answer: true",true,true,True,boolean,,opro,boolean_expressions,10
45,( True or True or not False ) is,True,"Let’s evaluate step by step:  

Expression:  
( True or True or not False )  

1. **Parentheses first** — already grouped.  
2. **NOT**:  
   - not False → True  
   Expression becomes: True or True or True  
3. **AND** — none here.  
4. **OR** (left to right):  
   - True or True → True  
   - True or True → True  

Final result: **true**  

Final answer: true",true,true,True,boolean,,opro,boolean_expressions,10
46,not True and ( True and True ) is,False,"Let’s evaluate step by step:

Expression:  
`not True and ( True and True )`

1. **Parentheses first**:  
`( True and True )` → `True`

Now we have:  
`not True and True`

2. **NOT next**:  
`not True` → `False`

Now we have:  
`False and True`

3. **AND next**:  
`False and True` → `False`

Final answer: false",false,false,True,boolean,,opro,boolean_expressions,10
47,not False and not False and not False is,True,"not False → true  
true and not False → true and true → true  
true and not False → true and true → true  

Final answer: true",true,true,True,boolean,,opro,boolean_expressions,10
48,True and True and False and not True is,False,"Let’s evaluate step by step:  

Expression:  
True and True and False and not True  

1. **Parentheses**: none.  
2. **NOT**: `not True` → `False`  
   Expression becomes:  
   True and True and False and False  

3. **AND** (left to right):  
   - True and True → True  
   - True and False → False  
   - False and False → False  

Final result: **false**  

Final answer: false",false,false,True,boolean,,opro,boolean_expressions,10
49,( False or True and not True ) is,False,"First, evaluate the innermost parentheses:  
not True → False  

Now the expression becomes:  
(False or True and False)  

Next, apply AND (precedence over OR):  
True and False → False  

Now the expression is:  
(False or False)  

Finally, apply OR:  
False or False → False  

Final answer: false",false,false,True,boolean,,opro,boolean_expressions,10
50,not True and False or False or True is,True,"Let’s evaluate step by step according to precedence rules:  
**Precedence**: parentheses → NOT → AND → OR  

Expression:  
`not True and False or False or True`  

1. **NOT** first:  
`not True` = `False`  

Now the expression becomes:  
`False and False or False or True`  

2. **AND** next:  
`False and False` = `False`  

Now:  
`False or False or True`  

3. **OR** left to right:  
`False or False` = `False`  
`False or True` = `True`  

Final result: `true`  

Final answer: true",true,true,True,boolean,,opro,boolean_expressions,10
51,not False and False or True and True is,True,"Let’s evaluate step by step according to precedence:  
**Precedence**: parentheses → NOT → AND → OR  

Expression:  
`not False and False or True and True`  

1. **NOT**: `not False` → `True`  
   Expression becomes: `True and False or True and True`  

2. **AND** (leftmost): `True and False` → `False`  
   Expression becomes: `False or True and True`  

3. **AND** (next): `True and True` → `True`  
   Expression becomes: `False or True`  

4. **OR**: `False or True` → `True`  

Final answer: true",true,true,True,boolean,,opro,boolean_expressions,10
52,True or not ( ( False ) ) is,True,"Let’s evaluate step by step.

Expression:  
True or not ( ( False ) )

1. **Parentheses first**:  
Inside the parentheses: ( False ) → False  
So we have: True or not (False)

2. **NOT**:  
not (False) → True  
Now we have: True or True

3. **OR**:  
True or True → True

Final answer: true",true,true,True,boolean,,opro,boolean_expressions,10
53,not True and True and False and True is,False,"Let’s evaluate step by step according to precedence rules.

Expression:  
`not True and True and False and True`

1. **NOT has highest precedence**  
   `not True` → `False`

   Now the expression becomes:  
   `False and True and False and True`

2. **AND is left-associative**  
   `False and True` → `False`  
   `False and False` → `False`  
   `False and True` → `False`

Final truth value: **false**

Final answer: false",false,false,True,boolean,,opro,boolean_expressions,10
54,( not False ) or True and False is,True,"First, evaluate the parentheses: (not False) = True  
Expression becomes: True or True and False  

Next, apply AND (higher precedence than OR): True and False = False  
Expression becomes: True or False  

Finally, apply OR: True or False = True  

Final answer: true",true,true,True,boolean,,opro,boolean_expressions,10
55,False and not ( False or False ) is,False,"Let’s evaluate step by step.

Expression:  
**False and not ( False or False )**

1. **Parentheses first**:  
   False or False → False

2. **NOT**:  
   not (False) → True

3. **AND**:  
   False and True → False

Final answer: false",false,false,True,boolean,,opro,boolean_expressions,10
56,( not False and False and False ) is,False,"Let's evaluate step by step:  

Expression: `( not False and False and False )`

1. **Parentheses first**:  
   Inside: `not False and False and False`  

2. **NOT has highest precedence**:  
   `not False` → `True`  
   So: `True and False and False`  

3. **AND is left-associative**:  
   `True and False` → `False`  
   Then `False and False` → `False`  

Final answer: false",true,false,False,boolean,,opro,boolean_expressions,10
57,False and False or not ( True ) is,False,"Let’s evaluate step by step:  

Expression:  
**False and False or not ( True )**

1. **Parentheses first**:  
   `not ( True )` → `False`  
   Expression becomes:  
   `False and False or False`

2. **NOT** already done. Next **AND**:  
   `False and False` → `False`  
   Expression becomes:  
   `False or False`

3. **OR**:  
   `False or False` → `False`

Final answer: false",false,false,True,boolean,,opro,boolean_expressions,10
58,not False or ( True ) and True is,True,"not False or ( True ) and True  
Step 1: Evaluate parentheses → (True) = True  
Expression becomes: not False or True and True  

Step 2: Evaluate NOT → not False = True  
Expression becomes: True or True and True  

Step 3: Evaluate AND → True and True = True  
Expression becomes: True or True  

Step 4: Evaluate OR → True or True = True  

Final answer: true",true,true,True,boolean,,opro,boolean_expressions,10
59,( ( not ( True ) ) ) is,False,"not (True) = False  
( ( not ( True ) ) ) = False  

Final answer: false",false,false,True,boolean,,opro,boolean_expressions,10
60,( not not True ) or not False is,True,"First, evaluate the innermost parentheses:  
( not not True ) → not (not True) → not False → True  

Now the expression becomes:  
True or not False  

Evaluate not False:  
not False → True  

Now the expression is:  
True or True  

Apply OR:  
True or True → True  

Final answer: true",true,true,True,boolean,,opro,boolean_expressions,10
61,False or ( not False ) and True is,True,"Let’s evaluate step by step:  

Expression:  
**False or ( not False ) and True**  

1. **Parentheses first**:  
   not False → True  
   Expression becomes: **False or True and True**  

2. **AND before OR**:  
   True and True → True  
   Expression becomes: **False or True**  

3. **OR**:  
   False or True → True  

Final answer: true",true,true,True,boolean,,opro,boolean_expressions,10
62,not ( False or False and False ) is,True,"First, evaluate the AND operator:  
False and False = False  

Now the expression becomes:  
not (False or False)  

Next, evaluate the OR operator:  
False or False = False  

Now the expression becomes:  
not (False)  

Apply the NOT operator:  
not False = True  

Final answer: true",true,true,True,boolean,,opro,boolean_expressions,10
63,( False or not False and False ) is,False,"Let’s evaluate step by step:  

Expression:  
`( False or not False and False )`  

**Step 1:** Handle parentheses — but here parentheses enclose the whole expression, so we just evaluate inside normally according to precedence.  

**Step 2:** Precedence order: `not` > `and` > `or`.  

First, `not False` = `True`.  

Now the expression becomes:  
`False or True and False`  

**Step 3:** Evaluate `and` before `or`:  
`True and False` = `False`  

**Step 4:** Now `False or False` = `False`  

Final answer: false",false,false,True,boolean,,opro,boolean_expressions,10
64,False or ( not not not True ) is,False,"Let’s evaluate step by step.

Expression:  
**False or ( not not not True )**

1. **Innermost parentheses first**:  
   `not not not True`  
   - `not True` → False  
   - `not False` → True  
   - `not True` → False  

   So `( not not not True )` = False.

2. **Now the expression is**:  
   False or False

3. **OR operation**:  
   False or False = False

Final answer: false",true,false,False,boolean,,opro,boolean_expressions,10
65,not True or not False and not True is,False,"Let’s evaluate step by step according to precedence:  
**Precedence**: parentheses → NOT → AND → OR  

Expression:  
`not True or not False and not True`

1. Evaluate `not True` → `False`  
2. Evaluate `not False` → `True`  
3. Evaluate `not True` → `False`  

Now the expression becomes:  
`False or True and False`

4. `True and False` → `False` (AND before OR)  

Now:  
`False or False` → `False`

Final answer: false",false,false,True,boolean,,opro,boolean_expressions,10
66,( not True ) and True or True is,True,"Let’s evaluate step by step.

Expression:  
`( not True ) and True or True`

1. **Parentheses first**:  
`( not True )` → `False`  
Expression becomes: `False and True or True`

2. **NOT** already done, now **AND** (higher precedence than OR):  
`False and True` → `False`  
Expression becomes: `False or True`

3. **OR**:  
`False or True` → `True`

Final answer: true",true,true,True,boolean,,opro,boolean_expressions,10
67,False or not True or False or False is,False,"Let’s evaluate step by step:  

Expression:  
**False or not True or False or False**  

1. **not True** = False  
   → Expression becomes: **False or False or False or False**  

2. Evaluate left to right (OR is left-associative):  
   - False or False → False  
   - False or False → False  
   - False or False → False  

Final result: **false**  

Final answer: false",false,false,True,boolean,,opro,boolean_expressions,10
68,not ( True ) or False or True is,True,"not (True) or False or True  
= False or False or True  
= (False or False) or True  
= False or True  
= True  

Final answer: true",true,true,True,boolean,,opro,boolean_expressions,10
69,False and False or not True and True is,False,"Let’s break it down step by step.

Expression:  
**False and False or not True and True**

---

**Step 1: Handle `not` (highest precedence after parentheses)**  
`not True` → `False`

Expression becomes:  
**False and False or False and True**

---

**Step 2: Handle `and` (precedence over `or`)**  
First `and`: `False and False` → `False`  
Second `and`: `False and True` → `False`

Expression becomes:  
**False or False**

---

**Step 3: Handle `or`**  
`False or False` → `False`

---

Final answer: false",false,false,True,boolean,,opro,boolean_expressions,10
70,False or False or not True or False is,False,"Let’s evaluate step by step:  

Expression:  
**False or False or not True or False**  

1. **Precedence: NOT first**  
   `not True` → `False`  

   Expression becomes:  
   False or False or False or False  

2. **Left-to-right for OR** (since OR is associative):  
   False or False → False  
   False or False → False  
   False or False → False  

Final result: **false**  

Final answer: false",false,false,True,boolean,,opro,boolean_expressions,10
71,not not True and not True or True is,True,"Let’s evaluate step by step.

Expression:  
`not not True and not True or True`

---

**Step 1 – Handle parentheses**  
There are no parentheses, so skip.

---

**Step 2 – Apply `not` operators from left to right**  
`not not True` → `not (not True)` → `not False` → `True`

So expression becomes:  
`True and not True or True`

Now `not True` → `False`

Expression becomes:  
`True and False or True`

---

**Step 3 – Apply `and` before `or`**  
`True and False` → `False`

Expression becomes:  
`False or True`

---

**Step 4 – Apply `or`**  
`False or True` → `True`

---

Final answer: true",true,true,True,boolean,,opro,boolean_expressions,10
72,True or not False and ( False ) is,True,"Let’s evaluate step by step according to precedence rules.

Expression:  
True or not False and ( False )

1. **Parentheses first**:  
   ( False ) = False  
   Expression becomes: True or not False and False

2. **NOT**:  
   not False = True  
   Expression becomes: True or True and False

3. **AND**:  
   True and False = False  
   Expression becomes: True or False

4. **OR**:  
   True or False = True

Final answer: true",true,true,True,boolean,,opro,boolean_expressions,10
73,False and True and ( not False ) is,False,"False and True and ( not False )  
= False and True and ( True )  
= False and True and True  
= False and True  
= False  

Final answer: false",false,false,True,boolean,,opro,boolean_expressions,10
74,not True or False and False and False is,False,"Let’s evaluate step by step according to precedence:  
**Precedence**: parentheses → NOT → AND → OR  

Expression:  
`not True or False and False and False`  

1. **NOT**: `not True` → `False`  
   Expression becomes: `False or False and False and False`  

2. **AND** (left to right):  
   - `False and False` → `False`  
   - `False and False` → `False`  
   So `False and False and False` → `False`  

3. **OR**: `False or False` → `False`  

Final answer: false",false,false,True,boolean,,opro,boolean_expressions,10
75,not False or not not False and False is,True,"Let’s break it down step by step.

Expression:  
`not False or not not False and False`

---

**Step 1 – Handle parentheses**  
There are no parentheses, so skip.

---

**Step 2 – Apply NOT operators from left to right**  
First `not False` → `True`  
So expression becomes:  
`True or not not False and False`

Now `not not False` → `not (not False)` → `not True` → `False`  
So expression becomes:  
`True or False and False`

---

**Step 3 – Apply AND before OR**  
`False and False` → `False`  
So expression becomes:  
`True or False`

---

**Step 4 – Apply OR**  
`True or False` → `True`

---

Final answer: true",false,true,False,boolean,,opro,boolean_expressions,10
76,False or ( not False and False ) is,False,"Let’s evaluate step by step:

Expression:  
**False or ( not False and False )**

1. **Parentheses first**:  
Inside: `not False and False`  
- `not False` = **True**  
- Now `True and False` = **False**  

So parentheses evaluate to **False**.

2. **Now the full expression**:  
`False or False` = **False**

Final answer: false",false,false,True,boolean,,opro,boolean_expressions,10
77,True or False or not True or False is,True,"Let’s evaluate step by step:  

Expression:  
True or False or not True or False  

1. **Parentheses**: none.  
2. **NOT**: `not True` → `False`.  
Expression becomes:  
True or False or False or False  

3. **AND**: none.  
4. **OR** (left to right):  
- True or False → True  
- True or False → True  
- True or False → True  

Final result: **true**  

Final answer: true",true,true,True,boolean,,opro,boolean_expressions,10
78,( True and not not not True ) is,False,"First, evaluate the innermost parentheses:  
( True and not not not True )

Start with the right side:  
not not not True  

Step 1: not True → False  
Step 2: not False → True  
Step 3: not True → False  

So, not not not True = False  

Now the expression becomes:  
True and False  

True and False = False  

Final answer: false",true,false,False,boolean,,opro,boolean_expressions,10
79,not ( False ) and ( True ) is,True,"not ( False ) → True  
True and ( True ) → True  

Final answer: true",true,true,True,boolean,,opro,boolean_expressions,10
80,( False ) and ( not False ) is,False,"False and (not False)  
= False and True  
= False  

Final answer: false",false,false,True,boolean,,opro,boolean_expressions,10
81,False or not not not not not False is,True,"Let’s evaluate step by step.

Expression:  
**False or not not not not not False**

---

**Step 1:** Handle the sequence of **NOT** operators from right to left (innermost first).

- Start with innermost **not False** → **True**  
- Then **not True** → **False**  
- Then **not False** → **True**  
- Then **not True** → **False**  
- Then **not False** → **True**

So:  
**not not not not not False** = **True**

---

**Step 2:** Evaluate **False or True**

- **False or True** → **True**

---

Final answer: true",false,true,False,boolean,,opro,boolean_expressions,10
82,False and False or True and not False is,True,"Let’s evaluate step by step according to precedence: parentheses, NOT, AND, OR.

Expression:  
**False and False or True and not False**

1. **NOT first**:  
   `not False` → `True`  
   Expression becomes:  
   `False and False or True and True`

2. **AND next** (left to right):  
   `False and False` → `False`  
   `True and True` → `True`  
   Expression becomes:  
   `False or True`

3. **OR**:  
   `False or True` → `True`

Final answer: true",true,true,True,boolean,,opro,boolean_expressions,10
83,( not True ) and True and False is,False,"Let’s evaluate step by step:  

Expression: `( not True ) and True and False`  

1. **Parentheses first**:  
   `( not True )` → `False`  

   Now the expression becomes:  
   `False and True and False`  

2. **AND is left-associative**, so evaluate left to right:  
   `False and True` → `False`  

   Now:  
   `False and False` → `False`  

Final answer: false",false,false,True,boolean,,opro,boolean_expressions,10
84,not False and ( False or False ) is,False,"First, evaluate the expression inside parentheses:  
(False or False) = False  

Now the expression becomes:  
not False and False  

Apply NOT:  
not False = True  

Now the expression is:  
True and False  

Apply AND:  
True and False = False  

Final answer: false",false,false,True,boolean,,opro,boolean_expressions,10
85,( not True ) and ( False ) is,False,"( not True ) and ( False )  
= ( False ) and ( False )  
= False  

Final answer: false",false,false,True,boolean,,opro,boolean_expressions,10
86,False or ( False ) or not True is,False,"Let’s evaluate step by step:  

Expression:  
**False or ( False ) or not True**  

1. **Parentheses first**:  
   ( False ) = False  
   Expression becomes: **False or False or not True**  

2. **NOT**:  
   not True = False  
   Expression becomes: **False or False or False**  

3. **OR** (left to right):  
   False or False = False  
   False or False = False  

Final truth value: **false**  

Final answer: false",false,false,True,boolean,,opro,boolean_expressions,10
87,not True or ( True or False ) is,True,"Let’s evaluate step by step:  

Expression:  
`not True or ( True or False )`  

1. **Parentheses first**:  
`( True or False )` → `True`  

2. **NOT**:  
`not True` → `False`  

3. **Expression now**:  
`False or True`  

4. **OR**:  
`False or True` → `True`  

Final answer: true",true,true,True,boolean,,opro,boolean_expressions,10
88,False and not True and True and False is,False,"Let’s evaluate step by step:  

Expression:  
**False and not True and True and False**

---

**Step 1:** Apply **NOT** (highest precedence after parentheses, but there are none here).  
`not True` = `False`  

So the expression becomes:  
**False and False and True and False**

---

**Step 2:** Apply **AND** from left to right (AND is associative).  

- `False and False` → `False`  
- `False and True` → `False`  
- `False and False` → `False`  

---

Final result: **false**

Final answer: false",false,false,True,boolean,,opro,boolean_expressions,10
89,( ( not True ) or True ) is,True,"( ( not True ) or True )
= ( False or True )
= True

Final answer: true",true,true,True,boolean,,opro,boolean_expressions,10
90,not ( ( False and True ) ) is,True,"First, evaluate inside parentheses:  
(False and True) = False  

Then apply NOT:  
not (False) = True  

Final answer: true",true,true,True,boolean,,opro,boolean_expressions,10
91,( not True and False or True ) is,True,"Let's evaluate step by step:  

Expression: `( not True and False or True )`  

1. **Parentheses first**: `( not True and False or True )`  
   - Inside: `not True and False or True`  
   - Precedence: NOT > AND > OR  

2. **NOT**: `not True = False`  
   → Expression becomes: `False and False or True`  

3. **AND**: `False and False = False`  
   → Expression becomes: `False or True`  

4. **OR**: `False or True = True`  

Final answer: true",true,true,True,boolean,,opro,boolean_expressions,10
92,( ( not True and True ) ) is,False,"First, evaluate the innermost parentheses:  
not True → False  

Now the expression becomes:  
( False and True )  

Evaluate AND:  
False and True → False  

Final answer: false",false,false,True,boolean,,opro,boolean_expressions,10
93,not False and False or False or False is,False,"Let’s evaluate step by step according to precedence rules:  
**Precedence**: parentheses → NOT → AND → OR  

Expression:  
`not False and False or False or False`  

1. **NOT first**:  
`not False` → `True`  

Now: `True and False or False or False`  

2. **AND next**:  
`True and False` → `False`  

Now: `False or False or False`  

3. **OR left to right**:  
`False or False` → `False`  
`False or False` → `False`  

Final result: `false`  

Final answer: false",false,false,True,boolean,,opro,boolean_expressions,10
94,not ( True or False or True ) is,False,"First evaluate inside parentheses:  
True or False or True = True (since OR returns True if at least one operand is True).  

Then apply NOT:  
not (True) = False.  

Final answer: false",false,false,True,boolean,,opro,boolean_expressions,10
95,True and not False and not not True is,True,"Let’s evaluate step by step according to precedence rules.

Expression:  
**True and not False and not not True**

1. **Parentheses**: none.  
2. **NOT operators** from left to right:  
   - `not False` → True  
   - `not not True` → `not (not True)` → `not False` → True  

Now the expression becomes:  
**True and True and True**

3. **AND operators** left to right:  
   - `True and True` → True  
   - `True and True` → True  

Final truth value: **true**

Final answer: true",true,true,True,boolean,,opro,boolean_expressions,10
96,not ( not False ) and not False is,False,"Let’s evaluate step by step.

Expression:  
`not ( not False ) and not False`

1. **Parentheses first**: `not False` inside parentheses  
   `not False` = `True`  
   So now: `not (True) and not False`

2. **Apply the outer NOT**: `not (True)` = `False`  
   Now: `False and not False`

3. **Evaluate `not False`** (another NOT operation):  
   `not False` = `True`  
   Now: `False and True`

4. **AND operation**: `False and True` = `False`

Final answer: false",true,false,False,boolean,,opro,boolean_expressions,10
97,True and not not False and not False is,False,"Let’s evaluate step by step according to precedence rules.

Expression:  
**True and not not False and not False**

---

**Step 1 – Parentheses**  
None present.

**Step 2 – NOT operators** (highest precedence after parentheses)  
- `not False` → `True`  
- `not not False` = `not (not False)` = `not (True)` → `False`

So the expression becomes:  
**True and False and True**

---

**Step 3 – AND operators** (evaluated left to right)  
- `True and False` → `False`  
- `False and True` → `False`

---

Final truth value: **false**

Final answer: false",true,false,False,boolean,,opro,boolean_expressions,10
98,( True ) and True or not True is,True,"Let’s evaluate step by step according to precedence rules:  

Expression:  
`( True ) and True or not True`  

1. **Parentheses first** — `( True )` is just `True`.  
   Expression becomes: `True and True or not True`  

2. **NOT** — `not True` is `False`.  
   Expression becomes: `True and True or False`  

3. **AND** — `True and True` is `True`.  
   Expression becomes: `True or False`  

4. **OR** — `True or False` is `True`.  

Final answer: true",true,true,True,boolean,,opro,boolean_expressions,10
99,( True and not True and True ) is,False,"Let’s evaluate step by step:  

Expression:  
( True and not True and True )  

1. **Parentheses first** — already grouped.  
2. **NOT** inside:  
   - `not True` → `False`  
   Expression becomes: `True and False and True`  

3. **AND** (left to right):  
   - `True and False` → `False`  
   - `False and True` → `False`  

Final truth value: **false**  

Final answer: false",false,false,True,boolean,,opro,boolean_expressions,10
100,True or not True or not not True is,True,"Let’s evaluate step by step:  

Expression:  
True or not True or not not True  

1. **Parentheses**: none.  
2. **NOT operations** from left to right:  
   - not True → False  
   - not not True → not (not True) → not False → True  

Now the expression becomes:  
True or False or True  

3. **OR operations** left to right:  
   - True or False → True  
   - True or True → True  

Final truth value: **true**  

Final answer: true",true,true,True,boolean,,opro,boolean_expressions,10
101,not False or ( False ) or True is,True,"Let’s evaluate step by step:  

Expression:  
`not False or ( False ) or True`  

1. **Parentheses first**: `(False)` is just `False`.  
   Expression becomes: `not False or False or True`  

2. **NOT**: `not False` = `True`.  
   Expression becomes: `True or False or True`  

3. **OR** (left to right):  
   - `True or False` = `True`  
   - `True or True` = `True`  

Final truth value: `true`  

Final answer: true",true,true,True,boolean,,opro,boolean_expressions,10
102,False and ( False or not False ) is,False,"Let’s evaluate step by step:  

Expression:  
**False and ( False or not False )**

1. **Parentheses first**:  
   Inside: `False or not False`  
   - `not False` = `True`  
   - `False or True` = `True`  

2. Replace parentheses with result:  
   Expression becomes: `False and True`  

3. `False and True` = `False`  

Final answer: false",false,false,True,boolean,,opro,boolean_expressions,10
103,not not not False and True or False is,True,"Let’s evaluate step by step.

Expression:  
`not not not False and True or False`

---

**Step 1 – Handle parentheses**  
There are no parentheses, so skip.

---

**Step 2 – Apply NOT operators from right to left**  
`not not not False`  
First `not False` → `True`  
Then `not True` → `False`  
Then `not False` → `True`

So `not not not False` = `True`

---

**Step 3 – Substitute back into expression**  
`True and True or False`

---

**Step 4 – Apply AND** (precedence over OR)  
`True and True` → `True`

Expression becomes:  
`True or False`

---

**Step 5 – Apply OR**  
`True or False` → `True`

---

Final answer: true",false,true,False,boolean,,opro,boolean_expressions,10
104,True and not not not not not True is,False,"Let’s evaluate step by step.

Expression:  
True and not not not not not True

---

**Step 1:** Handle the sequence of NOT operators from right to left (highest precedence after parentheses, but there are none here).

Start with the rightmost `not True`:  
not True = False

Now apply the next `not` to that result:  
not False = True

Next `not`:  
not True = False

Next `not`:  
not False = True

Next `not`:  
not True = False

So `not not not not not True` = False

---

**Step 2:** Now evaluate the AND:

True and False = False

---

Final answer: false",true,false,False,boolean,,opro,boolean_expressions,10
105,not not ( not False or True ) is,True,"Let’s evaluate step by step.

Expression:  
`not not ( not False or True )`

1. **Parentheses first**:  
Inside: `not False or True`  
`not False` = `True`  
So: `True or True` = `True`  

Now we have:  
`not not (True)`

2. **Apply NOT from right to left** (since NOT is right-associative in many logic contexts, but here we just apply inner to outer):  
`not True` = `False`  
`not False` = `True`

Final truth value: **true**

Final answer: true",true,true,True,boolean,,opro,boolean_expressions,10
106,( False and True or not False ) is,True,"Let’s evaluate step by step:  

Expression:  
( False and True or not False )  

1. **Parentheses first** — but inside we follow precedence:  
   - **not False** = True  
   - Now inside: False and True or True  

2. **AND before OR**:  
   - False and True = False  
   - Expression becomes: False or True  

3. **OR**:  
   - False or True = True  

Final answer: true",true,true,True,boolean,,opro,boolean_expressions,10
107,False or not not True or not False is,True,"Let’s evaluate step by step.

Expression:  
**False or not not True or not False**

---

**Step 1 – Handle parentheses**  
No parentheses, so skip.

---

**Step 2 – Apply NOT operators from left to right**  
First `not not True`:  
- `not True` → False  
- `not False` → True  
So `not not True` = **True**

Now the expression becomes:  
**False or True or not False**

Next `not False`:  
- `not False` → True

Expression now:  
**False or True or True**

---

**Step 3 – Apply AND operators**  
No AND operators, so skip.

---

**Step 4 – Apply OR operators left to right**  
`False or True` → True  
`True or True` → True

---

Final truth value: **true**

Final answer: true",true,true,True,boolean,,opro,boolean_expressions,10
108,True or not ( ( True ) ) is,True,"Let’s evaluate step by step.

Expression:  
`True or not ( ( True ) )`

1. **Parentheses first**:  
Inside `not ( ( True ) )`, `( True )` is just `True`.  
So we have `not (True)`.

2. **NOT**:  
`not (True)` = `False`.

3. **OR**:  
`True or False` = `True`.

Final answer: true",true,true,True,boolean,,opro,boolean_expressions,10
109,not False and False and True or False is,False,"Let’s evaluate step by step according to precedence rules:  
**Precedence**: parentheses → NOT → AND → OR  

Expression:  
`not False and False and True or False`

1. **NOT**:  
`not False` = `True`  

Now: `True and False and True or False`

2. **AND** (left to right):  
`True and False` = `False`  

Now: `False and True or False`  

`False and True` = `False`  

Now: `False or False`

3. **OR**:  
`False or False` = `False`

Final answer: false",false,false,True,boolean,,opro,boolean_expressions,10
110,False and False and not not not True is,False,"Let’s evaluate step by step.

Expression:  
**False and False and not not not True**

---

**Step 1:** Handle the `not` operations from right to left (highest precedence after parentheses, but there are no parentheses here).

`not not not True`  
- `not True` → False  
- `not False` → True  
- `not True` → False  

So `not not not True` = **False**.

---

**Step 2:** Substitute back into the expression:  
**False and False and False**

---

**Step 3:** `and` is left-associative:  
- `False and False` → False  
- `False and False` → False  

Final result: **False**

---

Final answer: false",true,false,False,boolean,,opro,boolean_expressions,10
111,( not ( False ) or False ) is,True,"First, evaluate the innermost parentheses:  
not (False) → True  

Now the expression becomes:  
(True or False)  

Evaluate the OR operation:  
True or False → True  

Final answer: true",true,true,True,boolean,,opro,boolean_expressions,10
112,not False or True or False and False is,True,"Let’s break it down step by step according to precedence rules:  
**Precedence**: parentheses → NOT → AND → OR  

Expression:  
`not False or True or False and False`  

1. **NOT**: `not False` → `True`  
   Expression becomes: `True or True or False and False`  

2. **AND**: `False and False` → `False`  
   Expression becomes: `True or True or False`  

3. **OR** (left to right):  
   - `True or True` → `True`  
   - `True or False` → `True`  

Final result: `true`  

Final answer: true",true,true,True,boolean,,opro,boolean_expressions,10
113,not False or True and not not True is,True,"Let’s evaluate step by step according to precedence:  
**Precedence**: parentheses → NOT → AND → OR  

Expression:  
`not False or True and not not True`

1. **Parentheses**: none to evaluate.  
2. **NOT operations** from left to right (highest precedence after parentheses):  
   - `not False` → `True`  
   - `not not True` → `not (not True)` → `not False` → `True`  

Now the expression becomes:  
`True or True and True`  

3. **AND** before OR:  
   `True and True` → `True`  

Now:  
`True or True`  

4. **OR**:  
   `True or True` → `True`  

Final answer: true",true,true,True,boolean,,opro,boolean_expressions,10
114,not False or not not not not True is,True,"Let’s evaluate step by step.

Expression:  
`not False or not not not not True`

---

**Step 1 – Handle parentheses**  
There are no parentheses, so skip.

---

**Step 2 – Apply NOT operators from right to left (highest precedence)**  

First, `not not not not True`:

- `not True` → `False`  
- `not False` → `True`  
- `not True` → `False`  
- `not False` → `True`

So `not not not not True` = `True`.

---

**Step 3 – Rewrite expression with result**  
`not False or True`

---

**Step 4 – Apply remaining NOT**  
`not False` → `True`

Expression becomes:  
`True or True`

---

**Step 5 – Apply OR**  
`True or True` → `True`

---

Final answer: true",true,true,True,boolean,,opro,boolean_expressions,10
115,( not False ) and False or True is,True,"First, evaluate the parentheses: (not False) = True  
Expression becomes: True and False or True  

Next, apply AND: True and False = False  
Expression becomes: False or True  

Finally, apply OR: False or True = True  

Final answer: true",true,true,True,boolean,,opro,boolean_expressions,10
116,not not not False or False and False is,True,"Let’s evaluate step by step.

Expression:  
`not not not False or False and False`

---

**Step 1 – Parentheses**  
There are no parentheses, so we proceed.

---

**Step 2 – NOT (highest precedence after parentheses)**  
`not False` = True  
`not True` = False  
`not False` = True  

So `not not not False` = `not not (not False)` = `not not True` = `not False` = **True**.

Expression now:  
`True or False and False`

---

**Step 3 – AND (precedence over OR)**  
`False and False` = False  

Expression now:  
`True or False`

---

**Step 4 – OR**  
`True or False` = True

---

Final answer: true",false,true,False,boolean,,opro,boolean_expressions,10
117,not False and not True and not False is,False,"not False → True  
not True → False  
not False → True  

True and False → False  
False and True → False  

Final answer: false",false,false,True,boolean,,opro,boolean_expressions,10
118,not ( not not not not False ) is,True,"Let’s evaluate step by step.

Expression:  
`not ( not not not not False )`

---

**Step 1 – Innermost `not False`**  
`not False` = `True`

Expression becomes:  
`not ( not not not True )`

---

**Step 2 – `not not True`**  
`not True` = `False`  
`not False` = `True`

So `not not True` = `True`

Expression becomes:  
`not ( not True )`

---

**Step 3 – `not True`**  
`not True` = `False`

Expression becomes:  
`not ( False )`

---

**Step 4 – `not False`**  
`not False` = `True`

---

Final truth value: `true`

Final answer: true",true,true,True,boolean,,opro,boolean_expressions,10
119,True and not ( True or False ) is,False,"Let’s evaluate step by step:

Expression:  
True and not ( True or False )

1. **Parentheses first**:  
True or False → True

2. **NOT**:  
not (True) → False

3. **AND**:  
True and False → False

Final answer: false",false,false,True,boolean,,opro,boolean_expressions,10
120,False or False or True and not False is,True,"Let’s evaluate step by step according to precedence rules:  

Expression:  
**False or False or True and not False**

1. **Parentheses**: none.  
2. **NOT**: `not False` → `True`.  
   Expression becomes:  
   `False or False or True and True`  

3. **AND**: `True and True` → `True`.  
   Expression becomes:  
   `False or False or True`  

4. **OR** (left to right):  
   - `False or False` → `False`  
   - `False or True` → `True`  

Final result: **true**  

Final answer: true",true,true,True,boolean,,opro,boolean_expressions,10
121,not True and True and not not False is,False,"Let’s evaluate step by step according to precedence: parentheses, NOT, AND, OR.

Expression:  
`not True and True and not not False`

1. **Evaluate `not True`**  
   `not True` → `False`  
   Expression becomes: `False and True and not not False`

2. **Evaluate `not False`** (innermost `not` first)  
   `not False` → `True`  
   Expression becomes: `False and True and not True`

3. **Evaluate `not True`**  
   `not True` → `False`  
   Expression becomes: `False and True and False`

4. **Evaluate `False and True`** (leftmost AND first)  
   `False and True` → `False`  
   Expression becomes: `False and False`

5. **Evaluate `False and False`**  
   `False and False` → `False`

Final answer: false",false,false,True,boolean,,opro,boolean_expressions,10
122,True and not ( False or False ) is,True,"First, evaluate inside parentheses:  
(False or False) = False  

Now the expression becomes:  
True and not (False)  

Apply NOT:  
not (False) = True  

Now the expression is:  
True and True  

Apply AND:  
True and True = True  

Final answer: true",true,true,True,boolean,,opro,boolean_expressions,10
123,( ( not False ) ) and True is,True,"( ( not False ) ) and True  
= ( True ) and True  
= True and True  
= True  

Final answer: true",true,true,True,boolean,,opro,boolean_expressions,10
124,( False ) and False or not False is,True,"Let’s evaluate step by step according to precedence rules:  
**Precedence**: Parentheses → NOT → AND → OR  

Expression:  
`( False ) and False or not False`

1. **Parentheses**: `( False )` is just `False`  
   → `False and False or not False`

2. **NOT**: `not False` = `True`  
   → `False and False or True`

3. **AND**: `False and False` = `False`  
   → `False or True`

4. **OR**: `False or True` = `True`

Final answer: true",true,true,True,boolean,,opro,boolean_expressions,10
125,not True or ( False and True ) is,False,"Let’s evaluate step by step:  

Expression:  
`not True or ( False and True )`  

1. **Parentheses first**:  
`( False and True )` → `False`  

2. **NOT**:  
`not True` → `False`  

3. **Expression now**:  
`False or False`  

4. **OR**:  
`False or False` → `False`  

Final answer: false",false,false,True,boolean,,opro,boolean_expressions,10
126,not not False and not not not False is,False,"Let’s evaluate step by step.

Expression:  
`not not False and not not not False`

---

**Step 1 – Handle parentheses**  
There are no parentheses, so proceed.

---

**Step 2 – Apply NOT operators from left to right**  

First part: `not not False`  
- `not False` → `True`  
- `not True` → `False`  
So `not not False` = `False`

Second part: `not not not False`  
- `not False` → `True`  
- `not True` → `False`  
- `not False` → `True`  
So `not not not False` = `True`

---

**Step 3 – Apply AND**  
`False and True` → `False`

---

Final answer: false",false,false,True,boolean,,opro,boolean_expressions,10
127,not True or False and True or False is,False,"Let’s evaluate step by step according to precedence:  
**Precedence**: `not` > `and` > `or`  

Expression:  
`not True or False and True or False`  

1. `not True` → `False`  
Expression becomes: `False or False and True or False`  

2. `False and True` → `False`  
Expression becomes: `False or False or False`  

3. `False or False` → `False`  
Expression becomes: `False or False`  

4. `False or False` → `False`  

Final answer: false",false,false,True,boolean,,opro,boolean_expressions,10
128,True or False and not True and False is,True,"Let’s break it down step by step.

Expression:  
**True or False and not True and False**

---

**Step 1 – Precedence order:**  
Parentheses → NOT → AND → OR  
No parentheses here, so first apply **NOT**.

not True = False

Expression becomes:  
True or False and False and False

---

**Step 2 – AND operations (left to right):**  
False and False = False  
False and False = False

So after all ANDs:  
True or False

---

**Step 3 – OR operation:**  
True or False = True

---

Final answer: true",true,true,True,boolean,,opro,boolean_expressions,10
129,not not not ( False ) and False is,False,"Let’s evaluate step by step.

Expression:  
`not not not ( False ) and False`

1. **Parentheses first** — `(False)` is just `False`.  
   Expression becomes:  
   `not not not False and False`

2. **NOT operators from right to left** (highest precedence after parentheses):  
   - `not False` → `True`  
   - `not True` → `False`  
   - `not False` → `True`  

   So `not not not False` → `True`.

3. **AND** next:  
   `True and False` → `False`.

Final answer: false",false,false,True,boolean,,opro,boolean_expressions,10
130,not not ( True ) and not False is,True,"Let’s evaluate step by step.

Expression:  
`not not ( True ) and not False`

1. **Parentheses first** — `( True )` is `True`.  
   Expression becomes: `not not True and not False`

2. **NOT operations from left to right** (highest precedence after parentheses):  
   - `not True` → `False`  
   - `not False` → `True`  
   So `not not True` = `not (not True)` = `not False` → `True`

   Expression now: `True and not False`

3. **Next NOT**: `not False` → `True`  
   Expression: `True and True`

4. **AND**: `True and True` → `True`

Final answer: true",true,true,True,boolean,,opro,boolean_expressions,10
131,False or ( not ( False ) ) is,True,"First, evaluate the inner parentheses:  
not (False) → True  

Now the expression becomes:  
False or True  

Evaluate the OR operation:  
False or True → True  

Final answer: true",true,true,True,boolean,,opro,boolean_expressions,10
132,not ( True and True ) or False is,False,"not (True and True) or False  
= not (True) or False  
= False or False  
= False  

Final answer: false",false,false,True,boolean,,opro,boolean_expressions,10
133,not not ( False or not True ) is,False,"Let’s evaluate step by step.

Expression:  
`not not ( False or not True )`

1. **Parentheses first**  
Inside: `False or not True`  
   - `not True` → `False`  
   - `False or False` → `False`  

So parentheses part becomes `False`.

2. **Apply outer NOTs left to right**  
`not not False`  
   - First `not False` → `True`  
   - Then `not True` → `False`

Final truth value: **false**

Final answer: false",false,false,True,boolean,,opro,boolean_expressions,10
134,True or ( True or not False ) is,True,"True or ( True or not False )  
= True or ( True or True )  
= True or True  
= True  

Final answer: true",true,true,True,boolean,,opro,boolean_expressions,10
135,( False or not False or False ) is,True,"First, evaluate the innermost parentheses:  
(False or not False or False)  

Apply NOT first: not False = True  
Now: (False or True or False)  

Apply OR from left to right:  
False or True = True  
True or False = True  

Final answer: true",true,true,True,boolean,,opro,boolean_expressions,10
136,( True ) or True and not True is,True,"Let’s evaluate step by step according to precedence rules:  
1. **Parentheses**: `(True)` is `True`.  
2. **NOT**: `not True` is `False`.  
3. **AND**: `True and False` is `False`.  
4. **OR**: `True or False` is `True`.  

Final answer: true",true,true,True,boolean,,opro,boolean_expressions,10
137,False and not ( False and True ) is,False,"Let’s evaluate step by step.

Expression:  
**False and not ( False and True )**

1. **Parentheses first**:  
   `( False and True )`  
   False AND True → **False**

2. **Apply NOT**:  
   `not (False)` → **True**

3. **Apply AND**:  
   `False and True` → **False**

Final answer: false",false,false,True,boolean,,opro,boolean_expressions,10
138,not ( True or False ) or True is,True,"Let’s evaluate step by step.

Expression:  
`not ( True or False ) or True`

1. **Parentheses first**:  
`True or False` → `True`

2. **Apply NOT**:  
`not (True)` → `False`

3. **Apply OR**:  
`False or True` → `True`

Final answer: true",true,true,True,boolean,,opro,boolean_expressions,10
139,( not False or ( True ) ) is,True,"Let’s evaluate step by step.

Expression:  
`( not False or ( True ) )`

1. **Parentheses first** — inside `( True )` is just `True`.  
Expression becomes: `( not False or True )`

2. **NOT** before OR:  
`not False` = `True`  
Expression becomes: `( True or True )`

3. **OR**:  
`True or True` = `True`

Final answer: true",true,true,True,boolean,,opro,boolean_expressions,10
140,( True ) and False or not False is,True,"Let’s evaluate step by step.

Expression:  
`( True ) and False or not False`

1. **Parentheses first** — `( True )` is just `True`.  
   Expression becomes:  
   `True and False or not False`

2. **NOT** — `not False` is `True`.  
   Expression becomes:  
   `True and False or True`

3. **AND** — `True and False` is `False`.  
   Expression becomes:  
   `False or True`

4. **OR** — `False or True` is `True`.

Final answer: true",true,true,True,boolean,,opro,boolean_expressions,10
141,not not not False and True and False is,False,"Let’s evaluate step by step.

Expression:  
`not not not False and True and False`

---

**Step 1 – Handle parentheses**  
There are no parentheses, so skip.

---

**Step 2 – Apply NOT operators from right to left**  
`not not not False` means:  
1. `not False` → `True`  
2. `not True` → `False`  
3. `not False` → `True`

So `not not not False` = `True`.

---

**Step 3 – Apply AND from left to right**  
Expression now: `True and True and False`

First `True and True` → `True`  
Then `True and False` → `False`

---

**Final result:** `False`

Final answer: false",false,false,True,boolean,,opro,boolean_expressions,10
142,False and not False and ( False ) is,False,"Let’s evaluate step by step:  

Expression:  
**False and not False and ( False )**

1. **Parentheses first**:  
   ( False ) → **False**  
   Expression becomes:  
   False and not False and False  

2. **NOT next**:  
   not False → **True**  
   Expression becomes:  
   False and True and False  

3. **AND from left to right**:  
   False and True → **False**  
   False and False → **False**  

Final truth value: **false**  

Final answer: false",false,false,True,boolean,,opro,boolean_expressions,10
143,False or not False or True and True is,True,"Let’s evaluate step by step according to precedence: parentheses, NOT, AND, OR.

Expression:  
**False or not False or True and True**

1. **NOT** first:  
   `not False` → `True`  
   Expression becomes:  
   `False or True or True and True`

2. **AND** next:  
   `True and True` → `True`  
   Expression becomes:  
   `False or True or True`

3. **OR** left to right:  
   `False or True` → `True`  
   `True or True` → `True`

Final answer: true",true,true,True,boolean,,opro,boolean_expressions,10
144,not ( False ) or not not False is,True,"Let’s evaluate step by step.

Expression:  
`not ( False ) or not not False`

1. **Parentheses first**:  
`not (False)` → `True`

Now we have:  
`True or not not False`

2. **NOT operations from left to right**:  
`not not False` = `not (not False)`  
`not False` = `True`  
`not True` = `False`

Now we have:  
`True or False`

3. **OR**:  
`True or False` = `True`

Final answer: true",true,true,True,boolean,,opro,boolean_expressions,10
145,not ( True or True ) and True is,False,"Let's evaluate step by step:  

Expression: `not ( True or True ) and True`  

1. **Parentheses first**: `(True or True)` → `True`  
2. **NOT**: `not True` → `False`  
3. **AND**: `False and True` → `False`  

Final answer: false",false,false,True,boolean,,opro,boolean_expressions,10
146,True or False or not True or True is,True,"Let’s evaluate step by step:  

Expression:  
True or False or not True or True  

1. **NOT has highest precedence after parentheses** (none here):  
   not True → False  

   Now we have:  
   True or False or False or True  

2. **OR is left-associative**, so evaluate left to right:  
   True or False → True  
   True or False → True  
   True or True → True  

Final answer: true",true,true,True,boolean,,opro,boolean_expressions,10
147,not True and False or False and True is,False,"Let’s evaluate step by step according to precedence: **NOT** > **AND** > **OR**.

Expression:  
`not True and False or False and True`

1. **NOT** first:  
`not True` → `False`  
So the expression becomes:  
`False and False or False and True`

2. **AND** operations (left to right):  
`False and False` → `False`  
`False and True` → `False`  
Expression becomes:  
`False or False`

3. **OR** operation:  
`False or False` → `False`

Final answer: false",false,false,True,boolean,,opro,boolean_expressions,10
148,False or not False or True or True is,True,"Let’s evaluate step by step:  

Expression:  
**False or not False or True or True**

1. **Precedence: NOT first**  
   `not False` → `True`  
   Expression becomes:  
   `False or True or True or True`

2. **Left-to-right for OR**  
   `False or True` → `True`  
   Expression becomes:  
   `True or True or True`

3. Continue:  
   `True or True` → `True`  
   Expression becomes:  
   `True or True`

4. Final OR:  
   `True or True` → `True`

Final answer: true",true,true,True,boolean,,opro,boolean_expressions,10
149,not True or False and True and True is,False,"Let’s evaluate step by step according to precedence:  
**Precedence**: parentheses → NOT → AND → OR  

Expression:  
`not True or False and True and True`

1. **NOT**:  
`not True` → `False`  

Expression becomes:  
`False or False and True and True`

2. **AND** (left to right):  
`False and True` → `False`  
`False and True` → `False`  

Expression becomes:  
`False or False`

3. **OR**:  
`False or False` → `False`

Final answer: false",false,false,True,boolean,,opro,boolean_expressions,10
150,( not not True and not False ) is,True,"Let’s evaluate step by step.

Expression:  
`( not not True and not False )`

1. **Innermost `not` operations** (highest precedence after parentheses):  
   - `not True` → `False`  
   - `not False` → `True`  

   So `not not True` means `not (not True)` = `not False` → `True`.

2. Now we have:  
   `( True and True )`

3. **`and` operation**:  
   `True and True` → `True`

Final answer: true",true,true,True,boolean,,opro,boolean_expressions,10
151,False and False and not ( True ) is,False,"Let’s evaluate step by step.

Expression:  
**False and False and not ( True )**

---

**Step 1:** Parentheses first  
`not ( True )` → `False`

Now we have:  
**False and False and False**

---

**Step 2:** `and` is left-associative and has higher precedence than `or` (none here), so evaluate left to right:  
`False and False` → `False`

Now:  
**False and False** → `False`

---

Final result: **false**

Final answer: false",false,false,True,boolean,,opro,boolean_expressions,10
152,True or ( not False ) or True is,True,"Let’s evaluate step by step:  

Expression:  
True or ( not False ) or True  

1. **Parentheses first**:  
   not False → True  

   Now we have:  
   True or True or True  

2. **Left-to-right for OR** (OR is associative):  
   True or True → True  
   True or True → True  

Final truth value: **true**  

Final answer: true",true,true,True,boolean,,opro,boolean_expressions,10
153,False and False and not ( False ) is,False,"Let’s evaluate step by step:  

Expression:  
**False and False and not ( False )**

1. **Parentheses first**:  
   `not ( False )` → `True`

2. **NOT** is already done. Now apply **AND** from left to right:  
   `False and False` → `False`

3. Continue:  
   `False and True` → `False`

Final answer: false",false,false,True,boolean,,opro,boolean_expressions,10
154,True and not True or False and True is,False,"Let’s evaluate step by step according to precedence: **NOT** first, then **AND**, then **OR**.

Expression:  
`True and not True or False and True`

1. **NOT** first:  
`not True` → `False`  
Expression becomes:  
`True and False or False and True`

2. **AND** operations (left to right):  
`True and False` → `False`  
`False and True` → `False`  
Expression becomes:  
`False or False`

3. **OR** operation:  
`False or False` → `False`

Final answer: false",false,false,True,boolean,,opro,boolean_expressions,10
155,False or not False or False or False is,True,"False or not False or False or False  
= False or (not False) or False or False  
= False or True or False or False  
= (False or True) or False or False  
= True or False or False  
= (True or False) or False  
= True or False  
= True  

Final answer: true",true,true,True,boolean,,opro,boolean_expressions,10
156,not True or True and False or False is,False,"Let’s evaluate step by step according to precedence: parentheses, NOT, AND, OR.

Expression:  
`not True or True and False or False`

1. **NOT**: `not True` → `False`  
Expression becomes: `False or True and False or False`

2. **AND**: `True and False` → `False`  
Expression becomes: `False or False or False`

3. **OR** (left to right):  
`False or False` → `False`  
`False or False` → `False`

Final truth value: **false**

Final answer: false",false,false,True,boolean,,opro,boolean_expressions,10
157,False and False and False or not False is,True,"Let’s evaluate step by step.

Expression:  
**False and False and False or not False**

---

**Step 1 – Handle parentheses**  
No parentheses here.

**Step 2 – Apply NOT**  
`not False` → `True`

Expression becomes:  
**False and False and False or True**

---

**Step 3 – Apply AND (left to right)**  
`False and False` → `False`  
`False and False` → `False`

So `False and False and False` = `False`

Expression becomes:  
**False or True**

---

**Step 4 – Apply OR**  
`False or True` → `True`

---

Final answer: true",false,true,False,boolean,,opro,boolean_expressions,10
158,not not not not ( not False ) is,True,"Let’s evaluate step by step.

Expression:  
`not not not not ( not False )`

1. **Innermost parentheses first**:  
`not False` → `True`

Now we have:  
`not not not not True`

2. **Apply NOT operators from right to left** (since they have the same precedence, we evaluate them in order from the innermost outward — but here they are chained left to right in writing, so we must parse them right-associatively for correctness):  

Actually, in logic, multiple `not`s are applied from the closest to the operand outward:  
`not not not not True` = `not ( not ( not ( not True ) ) )`

Let’s compute step by step from the inside:

- `not True` → `False`
- `not False` → `True`
- `not True` → `False`
- `not False` → `True`

So the result is `True`.

Final answer: true",true,true,True,boolean,,opro,boolean_expressions,10
159,True or not False and True and False is,True,"Let’s break it down step by step.

Expression:  
**True or not False and True and False**

---

**Step 1 – Apply parentheses according to precedence (NOT first)**  
Precedence: NOT > AND > OR  

`not False` = `True`  

So now:  
**True or True and True and False**

---

**Step 2 – Apply AND from left to right**  
`True and True` = `True`  
`True and False` = `False`  

So now:  
**True or False**

---

**Step 3 – Apply OR**  
`True or False` = `True`

---

Final answer: true",true,true,True,boolean,,opro,boolean_expressions,10
160,not not False or not False or True is,True,"Let's evaluate step by step:  

Expression: **not not False or not False or True**  

1. **Parentheses**: none  
2. **NOT operations** (left to right):  
   - `not False` → True  
   - `not True` → False  
   So `not not False` = `not (not False)` = `not True` = **False**  
3. Now: `False or not False or True`  
   - `not False` → True  
   So: `False or True or True`  
4. **OR** operations (left to right):  
   - `False or True` → True  
   - `True or True` → True  

Final value: **true**  

Final answer: true",false,true,False,boolean,,opro,boolean_expressions,10
161,not ( not not True ) or False is,False,"not ( not not True ) or False  
= not ( not False ) or False  
= not ( True ) or False  
= False or False  
= False  

Final answer: false",false,false,True,boolean,,opro,boolean_expressions,10
162,True and False or ( not False ) is,True,"First, evaluate parentheses: (not False) = True  
Expression becomes: True and False or True  

Next, evaluate AND: True and False = False  
Expression becomes: False or True  

Finally, evaluate OR: False or True = True  

Final answer: true",true,true,True,boolean,,opro,boolean_expressions,10
163,False and ( True and not False ) is,False,"Let’s evaluate step by step:  

Expression:  
**False and ( True and not False )**

1. **Parentheses first**:  
   Inside: `True and not False`  
   - `not False` → `True`  
   - `True and True` → `True`  

2. Now the expression becomes:  
   `False and True`  

3. `False and True` → `False`  

Final answer: false",false,false,True,boolean,,opro,boolean_expressions,10
164,False or True and not False or True is,True,"Let’s evaluate step by step according to precedence:  
**NOT** > **AND** > **OR**  

Expression:  
`False or True and not False or True`

1. **NOT** first:  
`not False` → `True`  

Expression becomes:  
`False or True and True or True`

2. **AND** next:  
`True and True` → `True`  

Expression becomes:  
`False or True or True`

3. **OR** left to right:  
`False or True` → `True`  
`True or True` → `True`  

Final result: `true`  

Final answer: true",true,true,True,boolean,,opro,boolean_expressions,10
165,True and not not ( not False ) is,True,"Let's evaluate step by step:  

Expression:  
True and not not ( not False )

1. **Parentheses first**:  
   ( not False ) → not False = True  

   Now we have:  
   True and not not True  

2. **NOT operators from right to left** (inner to outer):  
   not True → False  
   not False → True  

   Now we have:  
   True and True  

3. **AND**:  
   True and True → True  

Final answer: true",true,true,True,boolean,,opro,boolean_expressions,10
166,True and False and not True or False is,False,"Let’s evaluate step by step:  

Expression:  
**True and False and not True or False**

1. **Parentheses** — none here.  
2. **NOT** — `not True` = `False`.  
   Expression becomes:  
   `True and False and False or False`  

3. **AND** from left to right:  
   - `True and False` = `False`  
   - `False and False` = `False`  
   Expression now: `False or False`  

4. **OR**:  
   `False or False` = `False`  

Final answer: false",false,false,True,boolean,,opro,boolean_expressions,10
167,( False or not not not False ) is,True,"Let’s evaluate step by step.

Expression:  
( False or not not not False )

1. **Innermost NOT**:  
   not False → True

2. **Second NOT**:  
   not True → False

3. **Third NOT**:  
   not False → True

4. **OR**:  
   False or True → True

Final answer: true",true,true,True,boolean,,opro,boolean_expressions,10
168,( True ) and True and not True is,False,"Let’s evaluate step by step:  

Expression:  
( True ) and True and not True  

1. **Parentheses first** — ( True ) is just True.  
   → True and True and not True  

2. **NOT** — not True = False.  
   → True and True and False  

3. **AND** from left to right:  
   - True and True = True  
   - True and False = False  

Final truth value: **false**  

Final answer: false",false,false,True,boolean,,opro,boolean_expressions,10
169,False or not True or True and False is,False,"Let’s evaluate step by step according to precedence:  
NOT > AND > OR.

Expression:  
**False or not True or True and False**

1. **not True** → False  
   Expression becomes:  
   False or False or True and False

2. **True and False** → False  
   Expression becomes:  
   False or False or False

3. **False or False** → False  
   Expression becomes:  
   False or False → False

Final answer: false",false,false,True,boolean,,opro,boolean_expressions,10
170,not False and True or ( True ) is,True,"Let’s evaluate step by step according to precedence rules:  

Expression:  
`not False and True or ( True )`  

1. **Parentheses first**:  
   `( True )` is `True`  
   Expression becomes: `not False and True or True`  

2. **NOT**:  
   `not False` is `True`  
   Expression becomes: `True and True or True`  

3. **AND**:  
   `True and True` is `True`  
   Expression becomes: `True or True`  

4. **OR**:  
   `True or True` is `True`  

Final answer: true",true,true,True,boolean,,opro,boolean_expressions,10
171,not True and False or False and False is,False,"Let’s evaluate step by step.

Expression:  
`not True and False or False and False`

**Step 1 – Handle `not` (highest precedence after parentheses, but there are none here)**  
`not True` = `False`

Now the expression becomes:  
`False and False or False and False`

**Step 2 – Handle `and` (precedence over `or`)**  
First `and`: `False and False` = `False`  
Second `and`: `False and False` = `False`

Now we have:  
`False or False`

**Step 3 – Handle `or`**  
`False or False` = `False`

Final answer: false",false,false,True,boolean,,opro,boolean_expressions,10
172,not False or ( ( False ) ) is,True,"Let’s evaluate step by step.

Expression:  
`not False or ( ( False ) )`

1. **Parentheses first**  
Inside `( ( False ) )` is just `False`.  
So expression becomes:  
`not False or False`

2. **NOT**  
`not False` = `True`  
So expression becomes:  
`True or False`

3. **OR**  
`True or False` = `True`

Final answer: true",false,true,False,boolean,,opro,boolean_expressions,10
173,not True or True and False and False is,False,"Let’s evaluate step by step.

Expression:  
`not True or True and False and False`

**Step 1 – Handle `not` (highest precedence after parentheses, none here)**  
`not True` → `False`

Expression becomes:  
`False or True and False and False`

**Step 2 – Handle `and` (precedence over `or`)**  
`True and False` → `False`  
Now: `False and False` → `False`

So `True and False and False` → `False`

Expression becomes:  
`False or False`

**Step 3 – Handle `or`**  
`False or False` → `False`

Final answer: false",true,false,False,boolean,,opro,boolean_expressions,10
174,( False ) or False and not True is,False,"Let’s evaluate step by step.

Expression:  
`( False ) or False and not True`

1. **Parentheses first**  
`( False )` is just `False`.  
Expression becomes:  
`False or False and not True`

2. **NOT**  
`not True` → `False`.  
Expression becomes:  
`False or False and False`

3. **AND** (before OR)  
`False and False` → `False`.  
Expression becomes:  
`False or False`

4. **OR**  
`False or False` → `False`

Final answer: false",false,false,True,boolean,,opro,boolean_expressions,10
175,not False or ( True or True ) is,True,"Let’s evaluate step by step.

Expression:  
`not False or ( True or True )`

**Step 1 – Parentheses first**  
`( True or True )` → `True`

Now we have:  
`not False or True`

**Step 2 – NOT**  
`not False` → `True`

Now we have:  
`True or True`

**Step 3 – OR**  
`True or True` → `True`

Final answer: true",true,true,True,boolean,,opro,boolean_expressions,10
176,True or False and not ( True ) is,True,"Let’s evaluate step by step.

Expression:  
**True or False and not ( True )**

---

**Step 1 – Parentheses**  
`not ( True )` → `False`

Now we have:  
**True or False and False**

---

**Step 2 – NOT**  
Already done.

---

**Step 3 – AND**  
`False and False` → `False`

Now we have:  
**True or False**

---

**Step 4 – OR**  
`True or False` → `True`

---

Final answer: true",true,true,True,boolean,,opro,boolean_expressions,10
177,not True or False or ( True ) is,True,"Let’s evaluate step by step:  

Expression:  
`not True or False or ( True )`  

1. **Parentheses first**:  
   `( True )` → `True`  

   Now: `not True or False or True`  

2. **NOT** next:  
   `not True` → `False`  

   Now: `False or False or True`  

3. **OR** from left to right:  
   `False or False` → `False`  
   `False or True` → `True`  

Final answer: true",true,true,True,boolean,,opro,boolean_expressions,10
178,True and ( not ( True ) ) is,False,"True and ( not ( True ) )  
= True and ( not True )  
= True and False  
= False  

Final answer: false",false,false,True,boolean,,opro,boolean_expressions,10
179,not True and ( False or True ) is,False,"Let’s evaluate step by step:  

Expression:  
`not True and ( False or True )`  

1. **Parentheses first**:  
`( False or True )` → `True`  

2. **NOT**:  
`not True` → `False`  

3. **AND**:  
`False and True` → `False`  

Final answer: false",false,false,True,boolean,,opro,boolean_expressions,10
180,not ( True or True ) and False is,False,"Let’s evaluate step by step.

Expression:  
`not ( True or True ) and False`

1. **Parentheses first**:  
`( True or True )` → `True`

2. **Apply NOT**:  
`not True` → `False`

3. **Apply AND**:  
`False and False` → `False`

Final answer: false",false,false,True,boolean,,opro,boolean_expressions,10
181,False or False and False or not True is,False,"Let’s evaluate step by step according to precedence: parentheses, NOT, AND, OR.

Expression:  
**False or False and False or not True**

1. **NOT** has highest precedence after parentheses (none here):  
   `not True` → `False`

   Expression becomes:  
   `False or False and False or False`

2. **AND** before OR:  
   `False and False` → `False`

   Expression becomes:  
   `False or False or False`

3. **OR** from left to right:  
   `False or False` → `False`  
   `False or False` → `False`

Final truth value: **false**

Final answer: false",false,false,True,boolean,,opro,boolean_expressions,10
182,( not False ) or ( False ) is,True,"( not False ) or ( False )  
= ( True ) or ( False )  
= True  

Final answer: true",true,true,True,boolean,,opro,boolean_expressions,10
183,False or not False or not not True is,True,"Let’s evaluate step by step:  

Expression:  
**False or not False or not not True**

1. **Parentheses**: none.  
2. **NOT operators** from left to right:  
   - `not False` → **True**  
   - `not not True` → `not (not True)` → `not False` → **True**  

Now the expression becomes:  
**False or True or True**  

3. **AND**: none.  
4. **OR** from left to right:  
   - `False or True` → **True**  
   - `True or True` → **True**  

Final result: **true**  

Final answer: true",true,true,True,boolean,,opro,boolean_expressions,10
184,not not not ( True and False ) is,True,"Let’s evaluate step by step.

Expression:  
`not not not ( True and False )`

1. **Parentheses first**:  
`True and False` → `False`

Now we have:  
`not not not False`

2. **NOT operations from right to left** (since they are unary and right-associative in logic, but here we apply sequentially):  
- First `not False` → `True`  
- Then `not True` → `False`  
- Then `not False` → `True`

Final truth value: **true**

Final answer: true",false,true,False,boolean,,opro,boolean_expressions,10
185,not not ( not True ) or False is,False,"Let’s evaluate step by step.

Expression:  
`not not ( not True ) or False`

1. **Parentheses first**:  
`( not True )` → `False`

Now the expression becomes:  
`not not False or False`

2. **Apply NOT from right to left** (highest precedence after parentheses):  
`not False` → `True`  
`not True` → `False`

Now we have:  
`False or False`

3. **Apply OR**:  
`False or False` → `False`

Final answer: false",false,false,True,boolean,,opro,boolean_expressions,10
186,False or not False and ( False ) is,False,"Let’s evaluate step by step:  

Expression:  
**False or not False and ( False )**

1. **Parentheses first**:  
   ( False ) = **False**  
   Expression becomes:  
   False or not False and False  

2. **NOT**:  
   not False = **True**  
   Expression becomes:  
   False or True and False  

3. **AND** (before OR):  
   True and False = **False**  
   Expression becomes:  
   False or False  

4. **OR**:  
   False or False = **False**  

Final answer: false",false,false,True,boolean,,opro,boolean_expressions,10
187,not True or False or not not True is,True,"Let’s evaluate step by step.

Expression:  
`not True or False or not not True`

**Step 1 – Handle parentheses**  
There are no parentheses, so skip.

**Step 2 – Apply NOT operators from left to right**  
First `not True` → `False`  
Expression becomes: `False or False or not not True`

Next `not not True`:  
`not True` → `False`  
`not False` → `True`  
So `not not True` → `True`

Expression now: `False or False or True`

**Step 3 – Apply AND operators**  
No AND operators, so skip.

**Step 4 – Apply OR operators left to right**  
`False or False` → `False`  
`False or True` → `True`

Final result: `true`

Final answer: true",true,true,True,boolean,,opro,boolean_expressions,10
188,True or not False and True or True is,True,"Let’s break it down step by step according to precedence: **NOT** → **AND** → **OR**.

Expression:  
`True or not False and True or True`

1. **NOT**: `not False` = `True`  
Expression becomes:  
`True or True and True or True`

2. **AND**: `True and True` = `True`  
Expression becomes:  
`True or True or True`

3. **OR** (left to right):  
`True or True` = `True`  
`True or True` = `True`

Final result: **true**

Final answer: true",true,true,True,boolean,,opro,boolean_expressions,10
189,not True or not False and not False is,True,"not True or not False and not False  
= (not True) or ((not False) and (not False))  
= False or (True and True)  
= False or True  
= True  

Final answer: true",true,true,True,boolean,,opro,boolean_expressions,10
190,False and not False or False and True is,False,"Let’s evaluate step by step:  

Expression:  
**False and not False or False and True**

1. **Parentheses** — none here.  
2. **NOT** — `not False` = `True`.  
   Expression becomes:  
   `False and True or False and True`  

3. **AND** — left to right:  
   - `False and True` = `False`  
   - `False and True` = `False`  
   Expression becomes:  
   `False or False`  

4. **OR** — `False or False` = `False`  

Final answer: false",false,false,True,boolean,,opro,boolean_expressions,10
191,( ( True ) ) or not False is,True,"Let’s evaluate step by step.

Expression:  
`( ( True ) ) or not False`

1. **Parentheses first**  
   `( ( True ) )` simplifies to `True`.

2. **NOT**  
   `not False` → `True`.

3. **OR**  
   `True or True` → `True`.

Final answer: true",true,true,True,boolean,,opro,boolean_expressions,10
192,not ( False ) and ( False ) is,False,"not (False) = True  
True and (False) = False  

Final answer: false",false,false,True,boolean,,opro,boolean_expressions,10
193,True or not False and False and False is,True,"Let’s break it down step by step.

Expression:  
**True or not False and False and False**

---

**Step 1 – Precedence order:**  
Parentheses → NOT → AND → OR  
No parentheses here, so first apply **NOT**.

not False = True

Expression becomes:  
True or True and False and False

---

**Step 2 – Apply AND from left to right** (AND is associative):

True and False = False

Now:  
True or (False and False)  
False and False = False

So:  
True or False

---

**Step 3 – Apply OR:**

True or False = True

---

Final answer: true",false,true,False,boolean,,opro,boolean_expressions,10
194,not False and not True or not True is,False,"Let’s evaluate step by step according to precedence rules:  
**Precedence**: parentheses → NOT → AND → OR  

Expression:  
`not False and not True or not True`  

1. **NOT operations** (highest precedence after parentheses, but there are none here):  
   - `not False` → `True`  
   - `not True` → `False`  
   - `not True` → `False`  

Now we have:  
`True and False or False`  

2. **AND** (next precedence):  
   `True and False` → `False`  

Now we have:  
`False or False`  

3. **OR** (lowest precedence):  
   `False or False` → `False`  

Final answer: false",false,false,True,boolean,,opro,boolean_expressions,10
195,False and False or False or not True is,False,"Let’s evaluate step by step:  

Expression:  
**False and False or False or not True**

1. **Parentheses**: none to evaluate.  
2. **NOT**: `not True` → `False`  
   Expression becomes:  
   False and False or False or False  

3. **AND**: `False and False` → `False`  
   Expression becomes:  
   False or False or False  

4. **OR** (left to right):  
   - `False or False` → `False`  
   - `False or False` → `False`  

Final result: **false**  

Final answer: false",false,false,True,boolean,,opro,boolean_expressions,10
196,( not False ) or not not False is,True,"Let’s evaluate step by step.

Expression:  
`( not False ) or not not False`

1. **Parentheses first**:  
`( not False )` → `True`  
So now: `True or not not False`

2. **NOT operations from left to right**:  
`not not False` = `not (not False)`  
`not False` = `True`  
`not True` = `False`  

So now: `True or False`

3. **OR**:  
`True or False` = `True`

Final answer: true",true,true,True,boolean,,opro,boolean_expressions,10
197,( False ) or not True and False is,False,"Let’s evaluate step by step.

Expression:  
`( False ) or not True and False`

**Step 1 – Parentheses**  
`( False )` is just `False`.  
Expression becomes:  
`False or not True and False`

**Step 2 – NOT**  
`not True` = `False`  
Expression becomes:  
`False or False and False`

**Step 3 – AND** (precedence before OR)  
`False and False` = `False`  
Expression becomes:  
`False or False`

**Step 4 – OR**  
`False or False` = `False`

Final answer: false",false,false,True,boolean,,opro,boolean_expressions,10
198,True or not not ( not False ) is,True,"Let’s evaluate step by step.

Expression:  
True or not not ( not False )

1. **Parentheses first**:  
   ( not False ) → not False = True  
   Expression becomes: True or not not True

2. **NOT operators from right to left**:  
   not True = False  
   Expression becomes: True or not False

3. **Next NOT**:  
   not False = True  
   Expression becomes: True or True

4. **OR**:  
   True or True = True

Final answer: true",true,true,True,boolean,,opro,boolean_expressions,10
199,True or ( not ( True ) ) is,True,"True or ( not ( True ) )  
= True or ( not True )  
= True or False  
= True  

Final answer: true",true,true,True,boolean,,opro,boolean_expressions,10
200,( True or not False ) or False is,True,"First, evaluate inside parentheses:  
(True or not False)  
- not False = True  
- True or True = True  

Now the expression becomes:  
True or False  

True or False = True  

Final answer: true",true,true,True,boolean,,opro,boolean_expressions,10
201,( not ( False ) ) or False is,True,"First, evaluate the inner parentheses:  
not (False) → True  

Now the expression becomes:  
True or False  

Apply the OR operator:  
True or False → True  

Final answer: true",true,true,True,boolean,,opro,boolean_expressions,10
202,False or True or False and not False is,True,"Let’s break it down step by step.

Expression:  
**False or True or False and not False**

---

**Step 1: Parentheses**  
None present.

**Step 2: NOT**  
`not False` → `True`

Expression becomes:  
**False or True or False and True**

---

**Step 3: AND**  
`False and True` → `False`

Expression becomes:  
**False or True or False**

---

**Step 4: OR** (left to right)  
`False or True` → `True`  
`True or False` → `True`

---

Final answer: **true**

Final answer: true",true,true,True,boolean,,opro,boolean_expressions,10
203,False or True and not not not False is,True,"Let’s evaluate step by step according to precedence rules:  
**Expression:** `False or True and not not not False`

1. **Parentheses:** None.  
2. **NOT operators** (right to left for multiple NOTs on same subexpression):  
   - `not False` → `True`  
   - `not True` → `False`  
   - `not False` → `True`  
   So `not not not False` = `True`.

3. **AND:** `True and True` → `True`.

4. **OR:** `False or True` → `True`.

Final answer: true",false,true,False,boolean,,opro,boolean_expressions,10
204,( False ) or not False or True is,True,"Let’s evaluate step by step.

Expression:  
`( False ) or not False or True`

1. **Parentheses first** — `( False )` is just `False`.  
   Expression becomes: `False or not False or True`

2. **NOT** — `not False` is `True`.  
   Expression becomes: `False or True or True`

3. **AND** — none here.

4. **OR** — left to right:  
   - `False or True` → `True`  
   - `True or True` → `True`

Final truth value: **true**

Final answer: true",true,true,True,boolean,,opro,boolean_expressions,10
205,False and not ( True ) or True is,True,"Let’s evaluate step by step:  

Expression:  
**False and not ( True ) or True**

1. **Parentheses**:  
   `not ( True )` → `False`  
   Expression becomes:  
   `False and False or True`

2. **NOT** already done. Now **AND** (higher precedence than OR):  
   `False and False` → `False`  
   Expression becomes:  
   `False or True`

3. **OR**:  
   `False or True` → `True`

Final answer: true",true,true,True,boolean,,opro,boolean_expressions,10
206,False and not True and True or False is,False,"Let’s evaluate step by step according to precedence rules:  
**NOT** > **AND** > **OR**

Expression:  
`False and not True and True or False`

1. **NOT** first:  
`not True` = `False`  

Now:  
`False and False and True or False`

2. **AND** left-to-right:  
`False and False` = `False`  
`False and True` = `False`  

Now:  
`False or False`

3. **OR**:  
`False or False` = `False`

Final answer: false",false,false,True,boolean,,opro,boolean_expressions,10
207,( not not not True and True ) is,False,"Let’s evaluate step by step.

Expression:  
`( not not not True and True )`

---

**Step 1: Handle parentheses and innermost `not`**  
`not True` → `False`

Now: `( not not False and True )`

---

**Step 2: Second `not`**  
`not False` → `True`

Now: `( not True and True )`

---

**Step 3: Third `not`**  
`not True` → `False`

Now: `( False and True )`

---

**Step 4: `and` operator**  
`False and True` → `False`

---

Final answer: false",false,false,True,boolean,,opro,boolean_expressions,10
208,True and not True or False or True is,True,"Let’s evaluate step by step according to precedence rules:  
**NOT** > **AND** > **OR**.

Expression:  
`True and not True or False or True`

1. **NOT first**:  
`not True` = `False`  
Expression becomes:  
`True and False or False or True`

2. **AND next**:  
`True and False` = `False`  
Expression becomes:  
`False or False or True`

3. **OR left to right**:  
`False or False` = `False`  
`False or True` = `True`

Final answer: true",true,true,True,boolean,,opro,boolean_expressions,10
209,not False and False and False and True is,False,"not False and False and False and True  
= True and False and False and True  
= (True and False) and False and True  
= False and False and True  
= (False and False) and True  
= False and True  
= False  

Final answer: false",false,false,True,boolean,,opro,boolean_expressions,10
210,not False or True and False and False is,True,"Let’s evaluate step by step according to precedence:  
**Precedence**: parentheses → NOT → AND → OR  

Expression:  
`not False or True and False and False`

1. **NOT**:  
`not False` → `True`  
Expression becomes: `True or True and False and False`

2. **AND** (left-to-right):  
`True and False` → `False`  
Expression becomes: `True or False and False`  

`False and False` → `False`  
Expression becomes: `True or False`

3. **OR**:  
`True or False` → `True`

Final answer: true",true,true,True,boolean,,opro,boolean_expressions,10
211,False or not not not False and True is,True,"Let’s evaluate step by step.

Expression:  
**False or not not not False and True**

---

**Step 1 – Handle parentheses**  
There are no parentheses, so skip.

---

**Step 2 – Apply NOT operators from right to left**  
First `not False` → `True`  
Now: `False or not not True and True`

Second `not True` → `False`  
Now: `False or not False and True`

Third `not False` → `True`  
Now: `False or True and True`

---

**Step 3 – Apply AND**  
`True and True` → `True`  
Now: `False or True`

---

**Step 4 – Apply OR**  
`False or True` → `True`

---

Final answer: true",false,true,False,boolean,,opro,boolean_expressions,10
212,False and False or not True and False is,False,"Let’s break it down step by step.

Expression:  
**False and False or not True and False**

---

**Step 1: Parentheses**  
There are no parentheses, so move to the next precedence.

---

**Step 2: NOT**  
`not True` = `False`

Expression becomes:  
**False and False or False and False**

---

**Step 3: AND** (left to right)  
First `False and False` = `False`  
Then `False and False` = `False`

Expression becomes:  
**False or False**

---

**Step 4: OR**  
`False or False` = `False`

---

Final answer: false",true,false,False,boolean,,opro,boolean_expressions,10
213,not True or False or True and True is,True,"Let’s evaluate step by step according to precedence:  
**Precedence**: parentheses → NOT → AND → OR  

Expression:  
`not True or False or True and True`  

1. **NOT**: `not True` → `False`  
   Expression becomes: `False or False or True and True`  

2. **AND**: `True and True` → `True`  
   Expression becomes: `False or False or True`  

3. **OR** (left to right):  
   `False or False` → `False`  
   `False or True` → `True`  

Final answer: true",true,true,True,boolean,,opro,boolean_expressions,10
214,False and not True and False and True is,False,"Let’s evaluate step by step:  

Expression:  
**False and not True and False and True**

---

**Step 1 – Handle `not` (highest precedence after parentheses, none here)**  
`not True` = `False`  

Expression becomes:  
**False and False and False and True**

---

**Step 2 – Apply `and` from left to right**  
`False and False` = `False`  

Now: **False and False and True**  

`False and False` = `False`  

Now: **False and True**  

`False and True` = `False`  

---

Final truth value: **false**  

Final answer: false",false,false,True,boolean,,opro,boolean_expressions,10
215,( True ) and not True or True is,True,"Let’s evaluate step by step according to precedence rules:  

Expression:  
`( True ) and not True or True`  

1. **Parentheses first** — `( True )` is just `True`.  
   Expression becomes: `True and not True or True`  

2. **NOT** — `not True` is `False`.  
   Expression becomes: `True and False or True`  

3. **AND** — `True and False` is `False`.  
   Expression becomes: `False or True`  

4. **OR** — `False or True` is `True`.  

Final answer: true",true,true,True,boolean,,opro,boolean_expressions,10
216,( not not not False or True ) is,True,"Let’s evaluate step by step.

Expression:  
`( not not not False or True )`

1. **Innermost `not False`**:  
   `not False` = `True`

2. **Apply second `not`**:  
   `not True` = `False`

3. **Apply third `not`**:  
   `not False` = `True`

So now we have:  
`( True or True )`

4. **Evaluate `or`**:  
   `True or True` = `True`

Final answer: true",true,true,True,boolean,,opro,boolean_expressions,10
217,( True and not True and False ) is,False,"Let’s evaluate step by step:  

Expression:  
( True and not True and False )  

1. **Parentheses first** — already grouped.  
2. **NOT** inside:  
   - not True → False  
   Expression becomes: ( True and False and False )  

3. **AND** from left to right:  
   - True and False → False  
   - False and False → False  

Final truth value: **false**  

Final answer: false",false,false,True,boolean,,opro,boolean_expressions,10
218,True or ( ( not True ) ) is,True,"True or ((not True))  
= True or (False)  
= True  

Final answer: true",true,true,True,boolean,,opro,boolean_expressions,10
219,False or not True and not not False is,False,"Let’s evaluate step by step.

Expression:  
**False or not True and not not False**

---

**Step 1 – Parentheses**  
None present, so move to **NOT** operators from left to right.

---

**Step 2 – First NOT**  
not True → False  

Expression becomes:  
False or **False** and not not False

---

**Step 3 – Second NOT**  
not False → True  

Expression becomes:  
False or False and **True**

---

**Step 4 – Third NOT**  
None left.

---

**Step 5 – AND** (precedence over OR)  
False and True → False  

Expression becomes:  
False or **False**

---

**Step 6 – OR**  
False or False → False

---

Final answer: false",true,false,False,boolean,,opro,boolean_expressions,10
220,( not False or True ) and True is,True,"Let’s evaluate step by step.

Expression:  
`( not False or True ) and True`

1. **Parentheses first**:  
Inside: `not False or True`  
   - `not False` → `True`  
   - Now: `True or True` → `True` (OR stops at first True)  

So parentheses part becomes `True`.

2. **Now the expression is**:  
`True and True` → `True`

Final answer: true",true,true,True,boolean,,opro,boolean_expressions,10
221,True and False or ( not True ) is,False,"First, evaluate parentheses: (not True) = False  
Expression becomes: True and False or False  

Next, evaluate AND: True and False = False  
Expression becomes: False or False  

Finally, evaluate OR: False or False = False  

Final answer: false",false,false,True,boolean,,opro,boolean_expressions,10
222,not ( False or False or True ) is,False,"First, evaluate inside parentheses:  
False or False or True  
= (False or False) or True  
= False or True  
= True  

Now apply NOT:  
not (True) = False  

Final answer: false",false,false,True,boolean,,opro,boolean_expressions,10
223,False or ( True and not True ) is,False,"Let’s evaluate step by step:

Expression:  
**False or ( True and not True )**

1. **Parentheses first**:  
Inside: `True and not True`  
   - `not True` = **False**  
   - `True and False` = **False**  

So parentheses evaluate to **False**.

2. Now:  
**False or False** = **False**

Final answer: false",false,false,True,boolean,,opro,boolean_expressions,10
224,( not ( False ) and False ) is,False,"( not ( False ) and False )  
= ( not False and False )  
= ( True and False )  
= False  

Final answer: false",false,false,True,boolean,,opro,boolean_expressions,10
225,not not not ( False and True ) is,True,"Let’s evaluate step by step.

Expression:  
`not not not ( False and True )`

1. **Parentheses first**:  
`False and True` → `False` (since AND is true only if both are true)

Now we have:  
`not not not False`

2. **Apply NOT from right to left** (since NOT is right-associative in many logical evaluations, but here we can evaluate stepwise left-to-right on the written expression):  

- First `not False` → `True`  
Expression becomes: `not not True`

- Second `not True` → `False`  
Expression becomes: `not False`

- Third `not False` → `True`

Final truth value: **true**

Final answer: true",false,true,False,boolean,,opro,boolean_expressions,10
226,not False or ( not not False ) is,True,"Let’s evaluate step by step.

Expression:  
`not False or ( not not False )`

**Step 1 – Parentheses first**  
Inside parentheses: `not not False`  
- `not False` → `True`  
- `not True` → `False`  

So parentheses part becomes `False`.

Expression now:  
`not False or False`

**Step 2 – NOT**  
`not False` → `True`

Expression now:  
`True or False`

**Step 3 – OR**  
`True or False` → `True`

Final answer: true",false,true,False,boolean,,opro,boolean_expressions,10
227,not not ( False and not False ) is,False,"Let’s evaluate step by step.

Expression:  
`not not ( False and not False )`

1. **Parentheses first**  
Inside: `False and not False`  
   - `not False` = `True`  
   - `False and True` = `False`  

So parentheses part = `False`.

Now: `not not False`

2. **First `not`**:  
`not False` = `True`

3. **Second `not`**:  
`not True` = `False`

Final answer: false",false,false,True,boolean,,opro,boolean_expressions,10
228,not ( not not False ) and True is,True,"Let’s evaluate step by step.

Expression:  
`not ( not not False ) and True`

1. **Innermost `not False`**:  
   `not False` = `True`

2. **Next `not True`**:  
   `not True` = `False`

3. **Outermost `not False` inside parentheses**:  
   `not False` = `True`  
   So `( not not False )` = `True`

4. **Now `not ( True )`**:  
   `not True` = `False`

5. **Finally `False and True`**:  
   `False and True` = `False`

Final answer: false",false,true,False,boolean,,opro,boolean_expressions,10
229,not not ( False and not True ) is,False,"Let’s evaluate step by step.

Expression:  
`not not ( False and not True )`

1. **Parentheses first**  
Inside: `False and not True`  
   - `not True` → `False`  
   - `False and False` → `False`  

So: `(False and not True)` → `False`

2. **Now the expression is**  
`not not False`

3. **Apply NOT from right to left** (since NOT is right-associative in many logic contexts, but here we just apply inner to outer):  
   - `not False` → `True`  
   - `not True` → `False`

Final result: `False`

Final answer: false",false,false,True,boolean,,opro,boolean_expressions,10
230,True and not True and True and True is,False,"Let’s evaluate step by step according to precedence rules:  

Expression:  
True and not True and True and True  

1. **NOT first**:  
not True → False  

Expression becomes:  
True and False and True and True  

2. **AND from left to right**:  
True and False → False  

Expression becomes:  
False and True and True  

3. Continue:  
False and True → False  

Expression becomes:  
False and True  

4. Last AND:  
False and True → False  

Final answer: false",false,false,True,boolean,,opro,boolean_expressions,10
231,True and True and not not not False is,True,"Let’s evaluate step by step:  

Expression:  
True and True and not not not False  

1. **Innermost NOTs** (right to left for multiple NOTs):  
   - not False → True  
   - not True → False  
   - not False → True  

So `not not not False` = True.  

2. **Expression now**:  
   True and True and True  

3. **AND from left to right**:  
   - True and True → True  
   - True and True → True  

Final truth value: **true**  

Final answer: true",false,true,False,boolean,,opro,boolean_expressions,10
232,True and ( not True or False ) is,False,"First, evaluate inside parentheses:  
(not True or False)  
not True = False  
False or False = False  

Now the expression is:  
True and False  

True and False = False  

Final answer: false",false,false,True,boolean,,opro,boolean_expressions,10
233,( not False or False and True ) is,True,"First, evaluate parentheses:  
(not False or False and True)  

Apply NOT:  
not False = True  

Expression becomes:  
True or False and True  

Apply AND (higher precedence than OR):  
False and True = False  

Expression becomes:  
True or False  

Apply OR:  
True or False = True  

Final answer: true",true,true,True,boolean,,opro,boolean_expressions,10
234,not True and True or True and False is,False,"Let’s evaluate step by step according to precedence:  
**Precedence**: parentheses → NOT → AND → OR  

Expression:  
`not True and True or True and False`  

1. **NOT**: `not True` = `False`  
   → Expression becomes: `False and True or True and False`  

2. **AND** (leftmost): `False and True` = `False`  

3. **AND** (next): `True and False` = `False`  

   → Expression becomes: `False or False`  

4. **OR**: `False or False` = `False`  

Final answer: false",false,false,True,boolean,,opro,boolean_expressions,10
235,True and not False or False and False is,True,"Let’s evaluate step by step according to precedence rules:  
**Expression:** True and not False or False and False  

1. **Parentheses:** none  
2. **NOT:**  
   - not False → True  
   Expression becomes: True and True or False and False  

3. **AND** (left to right):  
   - True and True → True  
   - False and False → False  
   Expression becomes: True or False  

4. **OR:**  
   - True or False → True  

Final answer: true",true,true,True,boolean,,opro,boolean_expressions,10
236,( not False ) or ( True ) is,True,"( not False ) or ( True )  
= ( True ) or ( True )  
= True  

Final answer: true",true,true,True,boolean,,opro,boolean_expressions,10
237,False or ( True ) or not True is,True,"Let’s evaluate step by step:  

Expression:  
**False or ( True ) or not True**  

1. **Parentheses first**:  
   ( True ) → True  

   Now: False or True or not True  

2. **NOT** (not True):  
   not True → False  

   Now: False or True or False  

3. **OR** (left to right):  
   False or True → True  
   True or False → True  

Final answer: true",true,true,True,boolean,,opro,boolean_expressions,10
238,False and True or ( not False ) is,True,"Let’s evaluate step by step:  

Expression:  
**False and True or ( not False )**

1. **Parentheses first:**  
   not False → True  
   Expression becomes: **False and True or True**

2. **NOT** is already done, now **AND** (higher precedence than OR):  
   False and True → False  
   Expression becomes: **False or True**

3. **OR** last:  
   False or True → True

Final answer: true",true,true,True,boolean,,opro,boolean_expressions,10
239,( ( not False ) and False ) is,False,"( ( not False ) and False )
= ( True and False )
= False

Final answer: false",false,false,True,boolean,,opro,boolean_expressions,10
240,not ( True ) and ( False ) is,False,"not (True) → False  
False and (False) → False  

Final answer: false",false,false,True,boolean,,opro,boolean_expressions,10
241,False or not ( True ) and True is,False,"Let’s evaluate step by step.

Expression:  
**False or not ( True ) and True**

---

**Step 1: Parentheses**  
Inside parentheses: `( True )` is `True`.  
Expression becomes:  
False or not True and True

---

**Step 2: NOT**  
`not True` = `False`  
Expression becomes:  
False or False and True

---

**Step 3: AND**  
`False and True` = `False`  
Expression becomes:  
False or False

---

**Step 4: OR**  
`False or False` = `False`

---

Final answer: false",false,false,True,boolean,,opro,boolean_expressions,10
242,not not not not True and not True is,False,"Let’s evaluate step by step.

Expression:  
`not not not not True and not True`

---

**Step 1 – Handle parentheses**  
There are no parentheses, so skip.

---

**Step 2 – Apply NOT operators from right to left (highest precedence)**  

First, `not True` = `False`  
So expression becomes:  
`not not not not True and False`

Now evaluate `not not not not True` from the inside out:  

- `not True` = `False`  
- `not False` = `True`  
- `not True` = `False`  
- `not False` = `True`  

So `not not not not True` = `True`.

Expression now:  
`True and False`

---

**Step 3 – Apply AND**  
`True and False` = `False`

---

Final answer: false",true,false,False,boolean,,opro,boolean_expressions,10
243,False or not ( False ) or True is,True,"False or not (False) or True  
= False or (not False) or True  
= False or True or True  
= True or True  
= True  

Final answer: true",true,true,True,boolean,,opro,boolean_expressions,10
244,not not not True and False and False is,False,"Let’s evaluate step by step.

Expression:  
`not not not True and False and False`

---

**Step 1 – Handle parentheses**  
There are no parentheses, so move to `not`.

---

**Step 2 – Apply `not` from right to left (highest precedence)**  
`not not not True` means:  
1. `not True` → `False`  
2. `not False` → `True`  
3. `not True` → `False`  

So `not not not True` = `False`.

---

**Step 3 – Apply `and` from left to right**  
Expression now: `False and False and False`  

`False and False` → `False`  
`False and False` → `False`

---

Final result: `false`

Final answer: false",true,false,False,boolean,,opro,boolean_expressions,10
245,True or True or not False or False is,True,"Let’s evaluate step by step:  

Expression:  
True or True or not False or False  

1. **Parentheses**: none.  
2. **NOT**: `not False` → `True`.  
Expression becomes:  
True or True or True or False  

3. **AND**: none.  
4. **OR** (left to right):  
- True or True → True  
- True or True → True  
- True or False → True  

Final result: **true**  

Final answer: true",true,true,True,boolean,,opro,boolean_expressions,10
246,not ( True or True or False ) is,False,"First, evaluate inside parentheses:  
True or True or False = True (since OR yields True if at least one operand is True).  

Then apply NOT:  
not (True) = False.  

Final answer: false",false,false,True,boolean,,opro,boolean_expressions,10
247,False or ( False and not False ) is,False,"Let’s evaluate step by step:  

Expression:  
**False or ( False and not False )**

1. **Parentheses first**:  
   Inside: `False and not False`  
   - `not False` = **True**  
   - `False and True` = **False**  

2. Now the expression is:  
   **False or False**  

3. `False or False` = **False**  

Final answer: false",false,false,True,boolean,,opro,boolean_expressions,10
248,not True or False or ( False ) is,False,"Let’s evaluate step by step:  

Expression:  
`not True or False or ( False )`  

1. **Parentheses first** — `( False )` is just `False`.  
   Expression becomes: `not True or False or False`  

2. **NOT** — `not True` is `False`.  
   Expression becomes: `False or False or False`  

3. **OR** from left to right —  
   `False or False` → `False`  
   `False or False` → `False`  

Final result: **false**  

Final answer: false",false,false,True,boolean,,opro,boolean_expressions,10
249,False or ( False ) and not False is,False,"Let’s evaluate step by step according to precedence rules:  
**NOT** first, then **AND**, then **OR**.

Expression:  
`False or ( False ) and not False`

1. **NOT** first:  
`not False` = `True`  
So the expression becomes:  
`False or ( False ) and True`

2. **AND** next:  
`( False ) and True` = `False`  
So the expression becomes:  
`False or False`

3. **OR** last:  
`False or False` = `False`

Final answer: false",false,false,True,boolean,,opro,boolean_expressions,10
