sample_id,question,gold,raw_output,parsed_prediction,canonical_gold,correct,answer_format,error_type,method,task_id,iteration
0,"Based on the characteristic population curves that result from plotting population growth of a species, the most effective means of controlling the mosquito population is to

Options:
(A)maintain the population at a point corresponding to the midpoint of its logistic curve
(B)opt for zero population control once the K value of the curve has been reached
(C)reduce the carrying capacity cif the environment to lower the K value
(D)increase the mortality rate
",(C),"Let’s reason through this.  

Mosquito populations often follow a logistic growth curve in stable environments, with an exponential phase early on and a plateau at the carrying capacity \( K \).  
- (A) Midpoint of logistic curve is where growth rate is highest — maintaining the population there would actually maximize growth and make control harder.  
- (B) Zero population control once \( K \) is reached means the population is already at its maximum — not effective for control.  
- (C) Reducing the carrying capacity \( K \) (e.g., by eliminating standing water) directly limits the maximum possible population — this is a sustainable long-term control method.  
- (D) Increasing mortality rate can reduce population, but if \( K \) remains high, the population will rebound unless mortality is continuously applied; it’s less efficient than lowering \( K \).  

The most effective and sustainable control is to reduce the carrying capacity.  

Final answer: (C)",(A),(C),False,option_letter,,cot_zs,college_biology,1
1,"A frameshift mutation is created when

Options:
(A)telomeric sequences are removed from DNA
(B)a codon's nucleotide sequence changes so that it calls for production of a different amino acid than the original one
(C)a base pair is either inserted or deleted in a gene
(D)a codon's nucleotide sequence is changed so that instead of coding for a given amino acid it acts to terminate translation
",(C),"A frameshift mutation occurs when the reading frame of a gene is altered by an insertion or deletion of nucleotides that is not a multiple of three.  
This shifts the grouping of codons, changing all subsequent amino acids in the protein.  

- (A) is incorrect — telomeric sequence removal affects chromosome ends, not reading frame.  
- (B) describes a missense mutation, not a frameshift.  
- (C) matches the definition — insertion or deletion of a base pair shifts the reading frame.  
- (D) describes a nonsense mutation.  

Final answer: (C)",(B),(C),False,option_letter,,cot_zs,college_biology,1
2,"To prevent desiccation and injury, the embryos of terrestrial vertebrates are encased within a fluid secreted by the

Options:
(A)amnion
(B)chorion
(C)allantois
(D)yolk sac
",(A),"The question is about which structure secretes fluid to protect embryos of terrestrial vertebrates from desiccation and injury.  

- The **amnion** is a membrane that encloses the embryo in amniotic fluid, providing a protective aquatic environment and preventing desiccation on land.  
- The **chorion** is involved in gas exchange.  
- The **allantois** deals with waste storage and, in some species, gas exchange.  
- The **yolk sac** provides nutrients.  

Since the fluid encasing the embryo is amniotic fluid, secreted by the amnion, the correct answer is (A).  

Final answer: (A)",(A),(A),True,option_letter,,cot_zs,college_biology,1
3,"Which of the following is a second messenger that stimulates release of calcium ions into the cytoplasm?

Options:
(A)Prostaglandins
(B)Inositol triphosphate
(C)Cyclic AMP
(D)Calmodulin
",(B),"Second messengers are intracellular signaling molecules released in response to activation of a receptor.  
- Prostaglandins (A) are lipid compounds that act as local hormones, but they are not typically classified as second messengers that directly release calcium.  
- Inositol triphosphate (IP₃) (B) is a second messenger derived from membrane phospholipids; it binds to receptors on the endoplasmic reticulum to stimulate calcium release into the cytoplasm.  
- Cyclic AMP (C) is a second messenger that activates protein kinase A but does not directly cause calcium release.  
- Calmodulin (D) is a calcium-binding protein that mediates many calcium-dependent processes, but it is not the trigger for calcium release.  

Thus, the correct second messenger that stimulates calcium ion release is inositol triphosphate.  

Final answer: (B)",(B),(B),True,option_letter,,cot_zs,college_biology,1
4,"Synthesis of an RNA/DNA hybrid from a single-stranded RNA template requires

Options:
(A)a DNA or RNA primer and reverse transcriptase
(B)a DNA or RNA primer and DNA polymerase
(C)RNase only
(D)reverse transcriptase only
",(A),"Let’s reason through this.  

The question describes synthesizing an **RNA/DNA hybrid** from a **single-stranded RNA template**.  
That means we start with RNA and produce a complementary DNA strand, resulting in one RNA strand and one DNA strand paired together — an RNA/DNA hybrid.  

This process is essentially **reverse transcription**, which is catalyzed by **reverse transcriptase**.  
Reverse transcriptase can use an RNA template to make a complementary DNA strand without needing a separate primer to be provided in the question’s context — the enzyme often has an inherent primer-binding capability or uses the 3’ end of existing RNA fragments, but in many biochemical definitions, the minimal requirement for synthesizing the hybrid is reverse transcriptase itself.  

Looking at the options:  
- (A) says “a DNA or RNA primer and reverse transcriptase” — primers are often needed in vivo, but the question asks what is *required* for synthesis of the hybrid; in vitro, reverse transcriptase alone can initiate from nicks or RNA 3’ ends, and minimal requirement is reverse transcriptase.  
- (B) involves DNA polymerase — wrong, because DNA polymerase doesn’t use RNA template directly.  
- (C) RNase only — makes no sense for synthesis.  
- (D) reverse transcriptase only — matches the minimal requirement for synthesizing DNA from RNA template to form the hybrid.  

The standard answer to this type of question in molecular biology exams is that reverse transcriptase alone can carry out this reaction (primer requirement is implicit in the enzyme’s function in many descriptions).  

**Final answer: (D)**",(A),(A),True,option_letter,,cot_zs,college_biology,1
5,"In order for the Hardy-Weinberg law to operate with respect to a population of organisms, each of the following conditions must be met EXCEPT:

Options:
(A)Genes are exchanged with other populations.
(B)Population size is large.
(C)Natural selection does not take place.
(D)Matings are random.
",(A),"Let’s reason through this step by step.  

The Hardy–Weinberg principle states that allele and genotype frequencies in a population remain constant from generation to generation if certain assumptions are met. These assumptions are:  

1. **No gene flow** — no exchange of genes with other populations.  
2. **Large population size** — no genetic drift effects.  
3. **No natural selection** — all genotypes have equal fitness.  
4. **Random mating** — no mating preferences related to genotype.  
5. **No mutation** — allele frequencies are not changed by new mutations.  

The question asks which condition must **NOT** be met for Hardy–Weinberg to operate — i.e., which one violates the assumptions if it occurs.  

From the options:  
- (A) Genes are exchanged with other populations → This violates the **no gene flow** assumption, so it is an exception to Hardy–Weinberg conditions.  
- (B) Large population → This is required, not an exception.  
- (C) No natural selection → This is required, not an exception.  
- (D) Random mating → This is required, not an exception.  

Thus, the one that must **NOT** occur for Hardy–Weinberg to hold is gene flow.  

Final answer: (A)",(A),(A),True,option_letter,,cot_zs,college_biology,1
6,"The Barr body found within female mammalian cells' nuclei is an example of

Options:
(A)euchromatin
(B)heterochromatin
(C)a cistron
(D)pseudogenes
",(B),"The Barr body is an inactivated X chromosome in female mammalian cells, which is highly condensed and transcriptionally inactive.  
Euchromatin is loosely packed and transcriptionally active, so it cannot be the Barr body.  
Heterochromatin is tightly packed and generally inactive, which matches the description of the Barr body.  
A cistron is a gene or coding sequence, not applicable here.  
Pseudogenes are nonfunctional gene copies, unrelated to X inactivation.  

Final answer: (B)",(B),(B),True,option_letter,,cot_zs,college_biology,1
7,"Which of the following is NOT a source of atmospheric carbon?

Options:
(A)Respiration
(B)Photosynthesis
(C)Bacterial decomposition
(D)Combustion of fossil fuels
",(B),"Let’s think through each option:  

- **(A) Respiration** – Releases CO₂ into the atmosphere, so it is a source of atmospheric carbon.  
- **(B) Photosynthesis** – Removes CO₂ from the atmosphere, so it is not a source but a sink.  
- **(C) Bacterial decomposition** – Releases CO₂ from dead organisms, so it is a source.  
- **(D) Combustion of fossil fuels** – Releases CO₂ into the atmosphere, so it is a source.  

The one that is **NOT** a source is **photosynthesis**.  

Final answer: (B)",(B),(B),True,option_letter,,cot_zs,college_biology,1
8,"The concept of punctuated equilibrium refers to

Options:
(A)oscillating ecological successional stages
(B)ecological succession arrested by sudden environmental changes, e.g., fire
(C)persistent predator-prey relationships in relatively stable environments
(D)bursts of speciation followed by relatively unchanging lineages
",(D),"Punctuated equilibrium is a theory in evolutionary biology proposed by Eldredge and Gould, which suggests that species tend to remain stable for long periods and that speciation occurs relatively quickly in geological time, followed by extended periods of little change.  

Comparing the options:  
- (A) refers to ecological succession, not evolution.  
- (B) describes disturbance in succession, not speciation patterns.  
- (C) describes stable predator-prey dynamics, not macroevolution.  
- (D) matches the definition: bursts of speciation followed by stable lineages.  

Final answer: (D)",(D),(D),True,option_letter,,cot_zs,college_biology,1
9,"When an influenza virus enters a cell, it immediately starts to do which of the following?

Options:
(A)Incorporate viral DNA into the host cell’s chromosome
(B)Destroy the host cell’s transcriptional machinery
(C)Replicate its genetic material and synthesize viral proteins
(D)Use a viral copy of reverse transcriptase to manufacture viral DNA
",(C),"Influenza virus has an RNA genome and does not integrate into the host chromosome like a retrovirus, so (A) is incorrect.  
It does not immediately destroy host transcriptional machinery; it actually uses it, so (B) is incorrect.  
Influenza virus is an RNA virus that replicates in the nucleus and uses the host’s transcription machinery to make mRNA and replicate its RNA, so soon after entry it begins replicating its genetic material and synthesizing viral proteins — (C) fits best.  
Influenza does not use reverse transcriptase; that’s a feature of retroviruses, so (D) is wrong.  

Final answer: (C)",(A),(C),False,option_letter,,cot_zs,college_biology,1
10,"Cleavage symmetry arising from early cell divisions that occur at an oblique angle to the polar axis is known as

Options:
(A)meroblastic cleavage
(B)radial cleavage
(C)spiral cleavage
(D)superficial cleavage
",(C),"Cleavage symmetry refers to patterns in early embryonic cell divisions.  
- **Meroblastic cleavage** is incomplete division, seen in eggs with large yolk (e.g., birds).  
- **Radial cleavage** occurs when cleavage planes are parallel or perpendicular to the animal-vegetal axis, as in deuterostomes.  
- **Spiral cleavage** occurs when cleavage planes are at oblique angles to the animal-vegetal axis, typical of protostomes like annelids and mollusks.  
- **Superficial cleavage** occurs in insects where nuclei divide centrally and then migrate to the periphery before cytokinesis.  

The question specifies ""early cell divisions that occur at an oblique angle to the polar axis,"" which matches **spiral cleavage**.  

Final answer: (C)",(C),(C),True,option_letter,,cot_zs,college_biology,1
11,"Targeting of a newly synthesized protein is most likely to require two different signal peptides for which of the following destinations?

Options:
(A)Plasma membrane
(B)Lysosome
(C)Cytosol
(D)Chloroplast
",(D),"Let’s reason through this step by step.  

1. **Signal peptides** direct proteins to specific organelles or compartments.  
2. **Plasma membrane** targeting in eukaryotes often involves a signal sequence for the ER and then transport via vesicles — but not necessarily two *different* signal peptides; one signal sequence and a transmembrane domain can suffice.  
3. **Lysosome** targeting: soluble lysosomal enzymes use a signal for the ER and then the mannose-6-phosphate tag for lysosomal delivery — that’s **two different signals** (ER signal peptide + M6P signal patch).  
4. **Cytosol** proteins usually have no signal peptide at all.  
5. **Chloroplast** targeting typically uses a single transit peptide for import into the stroma; internal signals may direct further localization (thylakoid), but the question says “most likely require two different signal peptides” — the classic example in textbooks is lysosomal targeting (signal peptide + M6P).  

Thus, the best match is **lysosome**.  

Final answer: (B)",(B),(D),False,option_letter,,cot_zs,college_biology,1
12,"In Sweden, the red fox (Vulpes vulpes) severely limits populations of its prey, including hares. However, red fox populations are sometimes attacked by a fatal parasite, the mange mite. As mite population sizes increase at a given site, how are hare and fox populations most likely to respond at the same site? (Assume that hares have no major predators at this site other than foxes.)

Options:
(A)Both fox and hare populations will decrease.
(B)Both fox and hare populations will increase.
(C)Fox populations will decrease and hare populations will increase.
(D)Fox populations will increase and hare populations will decrease.
",(C),"Let’s reason through this step by step.  

1. **Initial relationship**: Foxes prey on hares → more foxes means fewer hares.  
2. **Introduction of mange mites**: Mites infect foxes, increasing mortality in foxes.  
3. **Effect on fox population**: As mite numbers increase, fox population decreases.  
4. **Effect on hare population**: With fewer foxes (the main predator), predation pressure on hares decreases, so hare population should increase.  

This matches **fox populations decrease, hare populations increase**.  

Final answer: (C)",(C),(C),True,option_letter,,cot_zs,college_biology,1
13,"A cell nucleus contains which of the following?
I. DNA
II. Protein
III. RNA

Options:
(A)I only
(B)II only
(C)III only
(D)I, II, and III
",(D),"A cell nucleus contains DNA as its primary genetic material. It also contains proteins, such as histones, which help package DNA into chromatin. Additionally, RNA is present in the nucleus because transcription occurs there, producing various RNA molecules before they are processed and exported to the cytoplasm. Therefore, all three components—DNA, protein, and RNA—are found in the nucleus.  

Final answer: (D)",(D),(D),True,option_letter,,cot_zs,college_biology,1
14,"In one taxonomic classification, Archaea, Eukarya, and Bacteria represent the three major domains of life. Eukarya utilize the general transcription factors TBP (TATA-binding protein) and TFIIB in transcription, whereas Bacteria do not. At least one member of Archaea has a protein similar to TBP and a protein similar to TFIIB. Based on this observation, which of the following scenarios is most likely?

Options:
(A)Archaea and Eukarya diverged after their common ancestor diverged from Bacteria.
(B)Archaea and Bacteria diverged after their common ancestor diverged from Eukarya.
(C)Bacteria and Eukarya diverged after their common ancestor diverged from Archaea.
(D)Archaea, Eukarya, and Bacteria diverged simultaneously from a common ancestor.
",(A),"Let’s reason through this step by step.  

1. **Key observation**:  
   - Eukarya use TBP and TFIIB for transcription initiation.  
   - Bacteria do not use these proteins.  
   - At least one Archaea has proteins similar to TBP and TFIIB.  

2. **Implication**:  
   The presence of similar transcription machinery (TBP and TFIIB) in both Archaea and Eukarya suggests a shared evolutionary trait that Bacteria lack.  

3. **Evolutionary interpretation**:  
   - If the common ancestor of all three domains had TBP/TFIIB, then Bacteria would have lost them.  
   - Alternatively, if the common ancestor lacked them, then Archaea and Eukarya would have had to evolve them independently — but independent evolution of such complex, similar proteins in both Archaea and Eukarya is less likely than shared inheritance.  
   - Therefore, the most parsimonious explanation is that the common ancestor of Archaea and Eukarya had TBP/TFIIB, and this ancestor diverged from Bacteria earlier.  

4. **Matching to options**:  
   - (A) Archaea and Eukarya diverged after their common ancestor diverged from Bacteria → This fits: Bacteria branched off first, then Archaea and Eukarya split, explaining why Archaea and Eukarya share these transcription factors.  
   - (B) Archaea and Bacteria diverged after their common ancestor diverged from Eukarya → This would imply Eukarya branched first, but then Archaea and Bacteria would share traits not in Eukarya, which contradicts the data.  
   - (C) Bacteria and Eukarya diverged after their common ancestor diverged from Archaea → This would imply Archaea branched first, but then Bacteria and Eukarya should share traits not in Archaea, which is not the case here.  
   - (D) Simultaneous divergence — doesn’t explain the specific similarity between Archaea and Eukarya to the exclusion of Bacteria.  

Thus, the most likely is **(A)**.  

Final answer: (A)",(A),(A),True,option_letter,,cot_zs,college_biology,1
15,"A rise in intracellular free calcium in the sea urchin oocyte causes the release of proteolytic enzymes which act to prevent polyspermy. The events just described entail the

Options:
(A)zona reaction
(B)acrosomal reaction
(C)cortical reaction
(D)fertilization reaction
",(C),"Let’s break this down:  

1. The question describes a **rise in intracellular free calcium** in the sea urchin oocyte.  
2. This calcium increase triggers **release of proteolytic enzymes** that **prevent polyspermy** (more than one sperm fertilizing the egg).  
3. In sea urchins, the cortical granules located in the egg cortex release their contents upon fertilization — this is the **cortical reaction**.  
4. The cortical reaction enzymes modify the egg’s extracellular coats to block additional sperm entry.  
5. The zona reaction is a similar concept but occurs in mammals (zona pellucida), not sea urchins.  
6. The acrosomal reaction involves sperm, not the oocyte’s response to fertilization.  
7. The fertilization reaction is a more general term, but the specific mechanism described matches the cortical reaction.  

Final answer: (C)",(C),(C),True,option_letter,,cot_zs,college_biology,1
16,"Which of the following is a benefit that mycorrhizal fungi confer to many plants?

Options:
(A)They protect plant roots from desiccation in extremely dry habitats.
(B)They fix nitrogen, which is particularly important for plants in nitrogen-limited habitats.
(C)They provide access to phosphorus, an essential element that is limited in many kinds of soils.
(D)They provide carbon to plants in exchange for fixed nitrogen.
",(C),"Mycorrhizal fungi form symbiotic relationships with plant roots, enhancing nutrient uptake.  
- (A) is not a primary benefit; mycorrhizae don’t mainly protect roots from desiccation.  
- (B) is incorrect because mycorrhizal fungi do not fix nitrogen; that’s done by certain bacteria.  
- (C) is correct: mycorrhizae, especially arbuscular mycorrhizal fungi, help plants absorb phosphorus, which is often immobile in soil.  
- (D) is reversed: plants provide carbon (sugars) to fungi in exchange for nutrients like phosphorus, not the other way around.  

Final answer: (C)",(D),(C),False,option_letter,,cot_zs,college_biology,1
17,"Experiments on song development in birds have shown that when a young male reared in isolation hears only the song of a different bird species, he will develop an adult song repertoire that lacks certain characteristics typical of his own species. This result shows that the song of his species is most likely

Options:
(A)entirely learned during development
(B)entirely instinctive
(C)both instinctive and learned
(D)dependent upon hormones for proper development
",(C),"Let’s reason through this.  

The young male bird is reared in isolation but hears the song of a different species.  
As an adult, his song lacks certain features typical of his own species.  
This means:  

- If the song were **entirely instinctive**, hearing a different species’ song shouldn’t matter — he would still sing the full normal song of his species. But he doesn’t.  
- If the song were **entirely learned**, he would exactly copy the song he hears (the other species’ song), but the description says he develops a repertoire that *lacks* certain features of his species’ song — implying that his own species’ normal song is a combination of innate template plus learning.  
- The fact that isolation plus wrong song leads to *incomplete* species-specific song suggests there is an **innate predisposition** for certain features, but **learning** is needed to fully express them.  
- Hormones (D) could influence song development, but the experiment’s main point is about interaction of innate and learned components.  

The best choice is that the song is **both instinctive and learned**.  

Final answer: (C)",(D),(C),False,option_letter,,cot_zs,college_biology,1
18,"Which of the following most accurately describes a retrotransposon?

Options:
(A)A DNA sequence that can move from one site in the genome to another without replicating
(B)A DNA sequence that can be deleted from the genome without consequence
(C)A DNA sequence that replicates via an RNA intermediate
(D)A DNA sequence that replicates via a protein intermediate
",(C),"A retrotransposon is a type of transposable element that uses a ""copy-and-paste"" mechanism, involving transcription into RNA, reverse transcription into DNA, and insertion into a new genomic location.  
This means it replicates via an RNA intermediate, distinguishing it from DNA transposons, which use a ""cut-and-paste"" mechanism without an RNA step.  

Option (A) describes DNA transposons, not retrotransposons.  
Option (B) is incorrect because deletion can have consequences, and this doesn't define retrotransposons.  
Option (C) correctly describes the RNA intermediate step.  
Option (D) is incorrect; replication is not via a protein intermediate.  

Final answer: (C)",(A),(C),False,option_letter,,cot_zs,college_biology,1
19,"The soils of which of the following biomes has the highest rate of leaching and cycling of nutrients?

Options:
(A)Tropical rain forest
(B)Tundra
(C)Taiga
(D)Desert
",(A),"Tropical rainforests have high rainfall and warm temperatures, which accelerate decomposition and nutrient cycling. However, heavy rainfall also causes rapid leaching of nutrients from the soil.  
Tundra has slow decomposition due to cold temperatures, taiga (boreal forest) also has slow nutrient cycling, and deserts have low biological activity and rainfall, limiting both leaching and cycling.  
Thus, tropical rainforest soils experience the highest rate of leaching and nutrient cycling.  

Final answer: (A)",(A),(A),True,option_letter,,cot_zs,college_biology,1
20,"Which of the following best explains why enzymes are effective in facilitating chemical reactions?

Options:
(A)They raise the temperature of the reaction mixture, thereby speeding up the conversion of reactants to products.
(B)They alter the equilibrium constant of a reaction (K_eq) so that more reactant can be converted to product.
(C)They increase the maximal rate of the chemical reaction (V_max).
(D)They lower the activation energy, thereby speeding up the conversion of reactants to products.
",(D),"Enzymes function by stabilizing the transition state of a reaction, which reduces the energy barrier (activation energy) that reactants must overcome to become products.  
They do not change the equilibrium constant (K_eq), because equilibrium depends on the free energy difference between reactants and products, which enzymes do not alter.  
They also do not generally raise the temperature of the reaction mixture; instead, they work under mild physiological conditions.  
While increasing V_max can be observed in enzyme-catalyzed reactions compared to uncatalyzed ones, this is a consequence of lowering activation energy, not a separate mechanism.  

Thus, the most direct and correct explanation is that enzymes lower the activation energy.  

Final answer: (D)",(D),(D),True,option_letter,,cot_zs,college_biology,1
21,"In the growth of a population, the point at which natality and mortality rates are equal to one another is referred to as

Options:
(A)a population crash
(B)a population explosion
(C)zero population growth
(D)exponential growth
",(C),"When natality and mortality rates are equal, the number of births equals the number of deaths, so the population size remains constant over time.  
This condition is known as **zero population growth**.  

- (A) ""population crash"" means a rapid decline in population — not correct.  
- (B) ""population explosion"" means rapid growth — not correct.  
- (C) ""zero population growth"" matches the description.  
- (D) ""exponential growth"" means accelerating increase — not correct.  

Final answer: (C)",(A),(C),False,option_letter,,cot_zs,college_biology,1
22,"The wings of a bat and the wings of a butterfly are

Options:
(A)homologous structures
(B)analogous structures
(C)vestigial structures
(D)dissimilar in form and function
",(B),"Let’s reason through this.  

- **Homologous structures** are structures that share a common evolutionary origin but may serve different functions (e.g., human arm and bat wing).  
- **Analogous structures** perform similar functions but evolved independently in different lineages (e.g., bird wing and insect wing).  
- Bat wings (mammals) and butterfly wings (insects) evolved separately for flight; they are not derived from the same ancestral structure.  
- Therefore, they are **analogous structures**.  

Final answer: (B)",(B),(B),True,option_letter,,cot_zs,college_biology,1
23,"The cell type comprising the pith tissue centered within a dicot stem is the

Options:
(A)parenchyma
(B)sclerenchyma
(C)vascular cambium
(D)vascular bundle
",(A),"The pith is the central tissue in a dicot stem, composed of soft, spongy parenchyma cells that function in storage.  
Sclerenchyma provides structural support, vascular cambium is meristematic tissue, and vascular bundles contain xylem and phloem.  
Thus, the correct cell type is parenchyma.  

Final answer: (A)",(A),(A),True,option_letter,,cot_zs,college_biology,1
24,"Mobile regions of DNA capable of inserting themselves into an existing genome are

Options:
(A)prions
(B)cistrons
(C)introns
(D)transposons
",(D),"Mobile regions of DNA that can insert themselves into an existing genome are genetic elements known for moving within or between genomes.  
- Prions are misfolded proteins, not DNA elements.  
- Cistrons are DNA sequences coding for a polypeptide (basically genes), not mobile.  
- Introns are non-coding sequences within genes, but they are not inherently mobile.  
- Transposons are DNA sequences that can change position within a genome, fitting the description.  

Final answer: (D)",(D),(D),True,option_letter,,cot_zs,college_biology,1
25,"The process in which pioneer species colonize a bare substrate such as rock, sand, or glacial till is known as

Options:
(A)weathering
(B)stabilizing succession
(C)secondary succession
(D)primary succession
",(D),"Let’s reason through this.  

- The question describes pioneer species colonizing a **bare substrate** like rock, sand, or glacial till — meaning there was no soil or previous biological community.  
- **Weathering** is a geological process breaking down rock, not a biological colonization process.  
- **Stabilizing succession** is not a standard ecological term.  
- **Secondary succession** occurs on a substrate where a previous community was disturbed but soil remains.  
- **Primary succession** occurs on a substrate lacking soil and prior biological community — exactly matching the description.  

Final answer: (D)",(D),(D),True,option_letter,,cot_zs,college_biology,1
26,"Brood parasites such as the cuckoo successfully trick other species of birds into rearing their young by exploiting the host birds' instinctive response to the loud begging cues of a fledgling in their nest. The genes that allow the host bird species to be duped into rearing the cuckoo fledglings to the detriment of their own offspring most likely remain in the gene pool of the population because

Options:
(A)on average, the host birds' response allows them to rear their own young efficiently by feeding only those who indicate they are hungry
(B)the maximum fitness of the duped bird is not compromised when the bird rears an interloper of another species
(C)on average, little energy is spent on rearing a fledgling bird, whether it is an interloper or one's own
(D)the maximum fitness of the cuckoo would then be reduced
",(A),"Let’s reason through this.  

Brood parasites like cuckoos exploit the host’s instinct to feed noisy, begging chicks.  
If the host didn’t respond to begging, it might neglect its own chicks, reducing their survival.  
So, the genes for responding to begging persist because **in most cases** (when there’s no parasite), responding to begging ensures the host’s own chicks get fed.  
The cost of occasionally raising a parasite is outweighed by the benefit of properly feeding one’s own offspring.  

Looking at the options:  

- **(A)** says the response allows efficient rearing of their own young by feeding only those who indicate hunger — this matches the reasoning above.  
- **(B)** is false because fitness *is* compromised when rearing an interloper (the host’s own young may die).  
- **(C)** is false because rearing a fledgling requires significant energy.  
- **(D)** is irrelevant — it’s about the cuckoo’s fitness, not why the host keeps the trait.  

Thus, the correct explanation is **(A)**.  

Final answer: (A)",(A),(A),True,option_letter,,cot_zs,college_biology,1
27,"Cell motility, as viewed in a cultured fibroblast, encompasses all of the following EXCEPT

Options:
(A)adhesion plaques
(B)vinculin
(C)clathrin
(D)lamellipodia
",(C),"Let’s break this down:  

- **Cell motility in fibroblasts** involves protrusion of the cell front (e.g., lamellipodia), adhesion to the substrate (focal adhesions containing vinculin), and contraction.  
- **Adhesion plaques** (focal adhesions) are involved — they anchor actin filaments and contain proteins like vinculin.  
- **Vinculin** is a protein in focal adhesions, linking actin to integrins — involved in motility.  
- **Lamellipodia** are flat, sheet-like protrusions at the leading edge of moving fibroblasts — clearly involved in motility.  
- **Clathrin** is involved in vesicle coating for endocytosis and intracellular trafficking, not directly in the motility machinery of fibroblasts.  

Thus, the one **not** involved in motility as viewed in a fibroblast is **clathrin**.  

Final answer: (C)",(C),(C),True,option_letter,,cot_zs,college_biology,1
28,"According to Hamilton’s rule, an altruistic trait can evolve if c < br, where c is the fitness cost of the altruistic behavior to the donor, b is the fitness benefit to the recipient, and r is the

Options:
(A)coefficient of relatedness
(B)frequency of the altruistic allele
(C)inbreeding coefficient
(D)rate of reciprocity
",(A),"Hamilton’s rule states that altruistic behavior can evolve when \( c < b r \), where \( r \) specifically measures the genetic relatedness between the donor and recipient — that is, the probability they share the altruistic allele by descent from a common ancestor.  
This \( r \) is known as the **coefficient of relatedness**.  

The other options:  
- (B) frequency of the altruistic allele — not correct, because \( r \) is about relatedness, not allele frequency.  
- (C) inbreeding coefficient — not correct; that’s a different measure (probability that two alleles at a locus are identical by descent in an individual).  
- (D) rate of reciprocity — not correct; reciprocity is a separate mechanism (e.g., in game theory), not part of Hamilton’s rule.  

Final answer: (A)",(A),(A),True,option_letter,,cot_zs,college_biology,1
29,"Adaptations of plants to minimize water loss in environments with high temperatures include which of the following?

Options:
(A)Numerous stomata
(B)Thin cuticles
(C)Spines instead of leaves
(D)Large surface-to-volume ratios
",(C),"Plants in high-temperature environments need to reduce water loss.  
- Numerous stomata (A) would increase water loss through transpiration, so not helpful.  
- Thin cuticles (B) would also increase water loss, since the cuticle helps retain water.  
- Spines instead of leaves (C) reduce surface area, minimizing water loss — common in desert plants like cacti.  
- Large surface-to-volume ratios (D) would increase evaporation, so not an adaptation for water conservation.  

The correct adaptation is spines instead of leaves.  

Final answer: (C)",(B),(C),False,option_letter,,cot_zs,college_biology,1
30,"All of the following might be found in connective tissue EXCEPT

Options:
(A)thrombin
(B)glycosaminoglycans
(C)collagens
(D)fibroblasts
",(A),"Let’s reason through this step by step.  

Connective tissue typically contains:  
- **Glycosaminoglycans** (part of the ground substance) → yes.  
- **Collagens** (structural proteins) → yes.  
- **Fibroblasts** (cells that produce extracellular matrix) → yes.  

**Thrombin**, however, is an enzyme involved in blood coagulation, found in blood plasma, not in the general extracellular matrix of connective tissue.  

Thus, the one that might **NOT** be found in connective tissue is thrombin.  

Final answer: (A)",(A),(A),True,option_letter,,cot_zs,college_biology,1
31,"Which of the following is typically NOT found in normal somatic cells of a human male?

Options:
(A)The entire genetic information possessed by the original zygote
(B)An inactivated X chromosome
(C)Forty-four autosomes
(D)A diploid nucleus
",(B),"Let’s reason through each option:  

- **(A) The entire genetic information possessed by the original zygote** — Somatic cells are derived from the zygote via mitosis, so they retain the same genetic information (except for possible mutations). This is found in normal somatic cells.  

- **(B) An inactivated X chromosome** — Human males have one X and one Y chromosome, so they do not inactivate an X chromosome (X-inactivation happens in females to dosage-compensate for having two X chromosomes). Therefore, this is **not** found in a normal male somatic cell.  

- **(C) Forty-four autosomes** — Yes, human somatic cells have 22 pairs of autosomes (44 total) plus 2 sex chromosomes.  

- **(D) A diploid nucleus** — Yes, somatic cells are diploid.  

Thus, the one **not** found in a normal human male somatic cell is an inactivated X chromosome.  

Final answer: (B)",(A),(B),False,option_letter,,cot_zs,college_biology,1
32,"The members of a bird species capable of nesting in treetops or on the ledges of nearby cliffs make their homes only in the treetops due to the established presence of a more aggressive bird species on the cliff ledges. With respect to habitat, the treetop-nesting birds are utilizing

Options:
(A)their fundamental niche only
(B)their realistic niche only
(C)their ecological niche only
(D)neither their fundamental niche nor their realistic niche
",(B),"Let’s break this down:  

- **Fundamental niche** = the full range of environmental conditions and resources an organism can possibly use in the absence of competitors or other limiting factors.  
- **Realized niche** = the actual set of conditions and resources an organism uses given the constraints like competition, predation, etc.  

In the question:  
- The bird species *could* nest in treetops or cliff ledges (fundamental niche includes both).  
- But due to an aggressive species on cliffs, they nest only in treetops (realized niche is only treetops).  
- They are currently using only part of their fundamental niche, specifically their realized niche.  

So they are utilizing **their realistic niche only** (realistic niche = realized niche).  

Final answer: (B)",(B),(B),True,option_letter,,cot_zs,college_biology,1
33,"All of the following characteristics are typical of r-selected species EXCEPT

Options:
(A)high reproductive rate
(B)small body size
(C)occupancy of unstable environments
(D)high competitive ability
",(D),"Let’s break this down.  

**Step 1 – Recall r-selected vs. K-selected species traits**  
r-selected species:  
- High reproductive rate  
- Small body size  
- Short lifespan  
- Occupy unstable or disturbed environments  
- Little parental care  
- Poor competitors (they colonize quickly but are outcompeted in stable environments)  

**Step 2 – Compare with options**  
(A) high reproductive rate → typical of r-selected species  
(B) small body size → typical  
(C) occupancy of unstable environments → typical  
(D) high competitive ability → NOT typical; this is a trait of K-selected species  

**Step 3 – Identify the EXCEPT answer**  
The question asks for the characteristic that is **NOT** typical of r-selected species. That is **high competitive ability**.  

Final answer: (D)",(D),(D),True,option_letter,,cot_zs,college_biology,1
34,"A DNA strand with the sequence 5′ CGA TTG 3′ would be complementary to the sequence

Options:
(A)5′ GCU AAC 3′
(B)5′ GCT AAC 3′
(C)5′ GTT AGC 3′
(D)5′ CAA TCG 3′
",(D),"First, recall that DNA strands are complementary via base pairing: A pairs with T, and C pairs with G.  
The given strand is **5′ CGA TTG 3′**.  
To find the complementary strand, read it **base by base from the opposite end** because DNA strands are antiparallel.  

Step-by-step:  
1. Write the given strand:  
5′ C G A T T G 3′  

2. Complement each base (A ↔ T, C ↔ G):  
C → G  
G → C  
A → T  
T → A  
T → A  
G → C  

So complementary bases in the same 5′→3′ order would be: G C T A A C  

3. But the complementary strand runs antiparallel to the original.  
So if original is 5′ CGA TTG 3′, the complement must run 3′ ← opposite direction:  
Original: 5′ C G A T T G 3′  
Complement: 3′ G C T A A C 5′  

4. To write the complement in conventional 5′→3′ form, reverse the sequence:  
3′ G C T A A C 5′ becomes **5′ C A A T C G 3′** when reversed.  

Check:  
Original: 5′ C G A T T G 3′  
Complement: 3′ G C T A A C 5′  
Write complement 5′→3′: 5′ C A A T C G 3′  

That matches option (D) 5′ CAA TCG 3′.  

Final answer: (D)",(D),(D),True,option_letter,,cot_zs,college_biology,1
35,"Ferns undergo alternation of generations in which a

Options:
(A)dominant sporophyte alternates with an independent gametophyte
(B)dominant gametophyte alternates with a dependent sporophyte
(C)sporophyte and a gametophyte have equal life spans
(D)gametophyte produces gametes by meiosis
",(A),"Let’s reason through this.  

Ferns are vascular plants (pteridophytes) with a life cycle involving alternation of generations.  
- The sporophyte is the dominant, visible stage (the leafy fern plant we usually see).  
- The gametophyte is independent (not dependent on the sporophyte) and short-lived, producing gametes by mitosis.  
- The sporophyte produces spores by meiosis.  

Option (A) says: dominant sporophyte alternates with an independent gametophyte — this matches ferns.  
Option (B) is wrong because the sporophyte is dominant, not the gametophyte.  
Option (C) is wrong because their life spans are not equal; sporophyte is long-lived, gametophyte is short-lived.  
Option (D) is wrong because gametophyte produces gametes by mitosis, not meiosis.  

Final answer: (A)",(A),(A),True,option_letter,,cot_zs,college_biology,1
36,"Which of the following statements concerning a sarcomere of a striated muscle (such as skeletal muscle) is correct?

Options:
(A)During contraction H zones become elongated.
(B)In the relaxed position tropomyosin impedes myosin's access to the binding site of actin.
(C)Each myosin helical tail contains an actinbinding site and an ATP-hydrolyzing site.
(D)The proteins troponin and tropomyosin constitute the thick and thin filaments, respectively.
",(B),"Let’s go through each option step by step.  

**(A)** During contraction, H zones become elongated.  
- The H zone is the central region of the A band where only thick filaments (myosin) are present.  
- During contraction, the H zone *shortens*, not elongates, because actin filaments slide over myosin toward the center.  
- So (A) is **false**.  

**(B)** In the relaxed position tropomyosin impedes myosin's access to the binding site of actin.  
- In relaxed muscle, tropomyosin blocks the myosin-binding sites on actin filaments.  
- This is a standard mechanism to prevent contraction in the absence of calcium.  
- So (B) appears **true**.  

**(C)** Each myosin helical tail contains an actin-binding site and an ATP-hydrolyzing site.  
- The actin-binding site and ATPase site are on the **myosin head**, not the helical tail.  
- So (C) is **false**.  

**(D)** The proteins troponin and tropomyosin constitute the thick and thin filaments, respectively.  
- Thick filaments are mainly myosin; thin filaments are actin, tropomyosin, and troponin.  
- Troponin and tropomyosin are regulatory proteins on thin filaments, but they do not “constitute” thick and thin filaments.  
- So (D) is **false**.  

Only **(B)** is correct.  

Final answer: (B)",(A),(B),False,option_letter,,cot_zs,college_biology,1
37,"Aggressive ants live in the swollen thorns of a small tropical tree and feed on oil-rich bodies that the tree produces at the tips of its leaflets. Which of the following experiments best tests the hypothesis that ants defend the plant by either killing or chasing away leaf-feeding insects?

Options:
(A)Remove ants and measure subsequent leaf damage.
(B)Remove oil-rich bodies and measure subsequent ant density.
(C)Remove the thorns and measure subsequent density of ants.
(D)Remove leaf-feeding insects and measure subsequent ant density.
",(A),"Let’s break this down.  

The hypothesis is: *Ants defend the plant by either killing or chasing away leaf-feeding insects.*  

To test this, we need to manipulate the presence of ants and measure the effect on leaf damage from leaf-feeding insects.  

- **(A) Remove ants and measure subsequent leaf damage.**  
  This directly tests whether the absence of ants leads to more leaf damage, which would support the idea that ants defend the plant.  

- **(B) Remove oil-rich bodies and measure subsequent ant density.**  
  This tests the mutualism (what keeps ants on the plant), not the defensive role of ants.  

- **(C) Remove the thorns and measure subsequent density of ants.**  
  This tests ant habitat requirements, not defense.  

- **(D) Remove leaf-feeding insects and measure subsequent ant density.**  
  This reverses cause and effect — it tests whether prey availability affects ant density, not whether ants protect the plant.  

The best choice is **(A)** because it manipulates the presumed defender (ants) and measures the outcome on plant damage.  

Final answer: (A)",(A),(A),True,option_letter,,cot_zs,college_biology,1
38,"The sight organs of crustaceans and insects contain ommatidia, which make up the individual visual units of the

Options:
(A)eyespot
(B)simple eye
(C)compound eye
(D)binocular eye
",(C),"Ommatidia are the repeating structural units found in the compound eyes of arthropods such as crustaceans and insects. Each ommatidium functions as a separate photoreceptor, and together they form a mosaic image. Eyespots are simple light-sensitive structures found in some invertebrates, simple eyes (ocelli) have a single lens, and binocular vision refers to the overlapping visual fields of two eyes, not a structural unit like ommatidia.  

Final answer: (C)",(C),(C),True,option_letter,,cot_zs,college_biology,1
39,"An embryologist studying the development of a vertebrate organism from the zygote stage to fetus would be justified in drawing which of the following conclusions?

Options:
(A)Ontogeny recapitulates phylogeny.
(B)Early embryos display identical features of their class, order, and species.
(C)An early human embryo has features in common with early fish and avian embryos.
(D)A human embryo displays features of adult fish and birds in the course of its development.
",(A),"Let’s break this down:  

- **Option A**: “Ontogeny recapitulates phylogeny” is the idea that embryonic stages replay the adult forms of evolutionary ancestors. This is an outdated and overly strict interpretation (von Baer’s observations differ from Haeckel’s “biogenetic law”). Modern embryology does not support this as literally true.  
- **Option B**: “Early embryos display identical features of their class, order, and species” — this is false; early embryos of different species can look very similar, and species-specific features appear later.  
- **Option C**: “An early human embryo has features in common with early fish and avian embryos” — this is true according to von Baer’s laws: early vertebrate embryos share general characteristics (e.g., pharyngeal arches, tail, somites) before diverging.  
- **Option D**: “A human embryo displays features of adult fish and birds in the course of its development” — this is essentially the disproved recapitulation theory again; human embryos have structures *homologous* to those in adult fish/birds, but not adult forms themselves.  

The justified conclusion based on modern embryology is **C**.  

Final answer: (C)",(C),(A),False,option_letter,,cot_zs,college_biology,1
40,"A stem-boring beetle has laid its eggs in the center of a 5-year-old wood twig, and the eggs have matured into larvae. In proper order (inside to outside), what tissues and tissue regions would the larvae encounter as they eat their way toward the outside of the twig? (For simplicity, assume that the epidermis has already fallen off completely.)

Options:
(A)Pith; primary xylem; secondary xylem; vascular cambium; primary phloem; secondary phloem; cortex
(B)Pith; secondary xylem; primary xylem; vascular cambium; secondary phloem; primary phloem; cortex
(C)Pith; secondary xylem; primary xylem; vascular cambium; primary phloem; secondary phloem; cortex
(D)Pith; primary xylem; secondary xylem; vascular cambium; secondary phloem; primary phloem; cortex
",(D),"Let’s reason through the anatomy of a 5-year-old woody twig from the center outward:  

1. **Pith** — at the very center.  
2. Moving outward, the first vascular tissue encountered would be **primary xylem** (formed during primary growth, closest to pith).  
3. Then **secondary xylem** (wood, laid down by vascular cambium in successive years).  
4. Then **vascular cambium** (meristematic layer).  
5. Outside vascular cambium is **secondary phloem** (formed outward from cambium during secondary growth).  
6. Then **primary phloem** (remnant of primary growth, outside secondary phloem).  
7. Finally **cortex** (outside phloem, beneath epidermis — but epidermis is gone per question).  

That order is:  
Pith → primary xylem → secondary xylem → vascular cambium → secondary phloem → primary phloem → cortex.  

Looking at the options, this matches **D**.  

Final answer: (D)",(D),(D),True,option_letter,,cot_zs,college_biology,1
41,"The following pairs were placed in solution together. Which two could be separated by performing low-speed centrifugation?

Options:
(A)DNA and mRNA
(B)Nuclei and secretory vesicles
(C)Golgi apparatus and endoplasmic reticulum
(D)Lysosomes and endosomes
",(B),"Let’s reason through this step by step.  

Low-speed centrifugation separates larger or denser components from smaller or less dense ones.  

- **(A) DNA and mRNA** — Both are nucleic acids, similar in density and size compared to organelles; centrifugation wouldn’t separate them well at low speed.  
- **(B) Nuceli and secretory vesicles** — Nuclei are large and dense; secretory vesicles are much smaller and less dense. Low-speed centrifugation can pellet nuclei, leaving vesicles in supernatant.  
- **(C) Golgi apparatus and endoplasmic reticulum** — Both are membrane-bound organelles of similar size/density; low-speed centrifugation would likely pellet both together.  
- **(D) Lysosomes and endosomes** — Similar in size and density; not easily separable by low-speed centrifugation.  

Thus, the best candidate is **(B)**.  

Final answer: (B)",(A),(B),False,option_letter,,cot_zs,college_biology,1
42,"Which of the following would increase the rate at which a gas diffuses between the alveoli of the lung and the blood within a pulmonary capillary?

Options:
(A)Decreasing the partial pressure gradient of the gas
(B)Decreasing the solubility of the gas in water
(C)Increasing the total surface area available for diffusion
(D)Decreasing the rate of blood flow through the pulmonary capillary
",(C),"Let’s reason through this step by step.  

Diffusion rate between alveoli and blood is governed by Fick’s law of diffusion:  

\[
\text{Diffusion rate} \propto \frac{\text{Surface area} \times \text{Diffusion constant} \times \Delta P}{\text{Thickness}}
\]

- (A) Decreasing the partial pressure gradient (\(\Delta P\)) would **decrease** diffusion rate, not increase it.  
- (B) Decreasing solubility of the gas in water would **decrease** diffusion constant (for diffusion through aqueous tissue layers), so this would decrease rate.  
- (C) Increasing total surface area would **increase** diffusion rate.  
- (D) Decreasing blood flow rate would not directly increase diffusion rate; it might even slow gas exchange by allowing blood to become fully saturated earlier along the capillary.  

Thus, only (C) increases the rate.  

Final answer: (C)",(A),(C),False,option_letter,,cot_zs,college_biology,1
43,"The structures that act as sites of gas exchange in a woody stem are the

Options:
(A)lenticels
(B)terminal buds
(C)nodes
(D)internodes
",(A),"Let’s reason through this.  

In a woody stem, the bark is impermeable to gases, so plants need structures that allow gas exchange (oxygen and carbon dioxide) with the outside air.  
- **Lenticels** are small, corky pores in the bark that allow gas exchange.  
- Terminal buds are at the tip of stems and are for growth, not gas exchange.  
- Nodes are points where leaves and buds attach.  
- Internodes are the stem segments between nodes.  

Thus, the correct answer is **lenticels**.  

Final answer: (A)",(A),(A),True,option_letter,,cot_zs,college_biology,1
44,"Natural enemies have been implicated as a strong selective force for all of the following EXCEPT

Options:
(A)aposematic coloration
(B)chemical defenses
(C)masting (synchronous fruiting)
(D)lekking behavior
",(D),"Let’s reason through each option:  

- **Aposematic coloration** — warning coloration to signal toxicity or unpalatability to predators → clearly driven by natural enemies.  
- **Chemical defenses** — toxins or repellents produced to deter predators or herbivores → clearly driven by natural enemies.  
- **Masting (synchronous fruiting)** — the intermittent production of large seed crops by a plant population, which can satiate seed predators → driven by natural enemies (predators of seeds).  
- **Lekking behavior** — males gather in an area to display competitively for females; this is generally explained by sexual selection, not directly by predation pressure (though predation risk may influence lek location, the primary evolutionary driver is mating competition, not natural enemies).  

Thus, **lekking behavior** is the one not primarily explained by natural enemies.  

Final answer: (D)",(D),(D),True,option_letter,,cot_zs,college_biology,1
45,"Which of the following is NOT a characteristic of introns?

Options:
(A)They occur only in eukaryotes.
(B)They represent noncoding regions.
(C)They are found interspersed with exons on a region of DNA that codes for a polypeptide chain.
(D)They are excised from the primary transcript before it gains a 5' cap and a 3' poly(A)tail.
",(D),"Let’s go through each option step by step.  

- **(A) They occur only in eukaryotes.**  
  This is generally true — introns are rare in prokaryotes and common in eukaryotes. But some archaea and a few prokaryotes have introns, so saying ""only in eukaryotes"" is not strictly accurate. However, in many biology textbooks, introns are described as a eukaryotic feature, so this might be considered true in basic college biology contexts.  

- **(B) They represent noncoding regions.**  
  True — introns are noncoding sequences within a gene.  

- **(C) They are found interspersed with exons on a region of DNA that codes for a polypeptide chain.**  
  True — exons code for protein, introns are between them in the DNA.  

- **(D) They are excised from the primary transcript before it gains a 5' cap and a 3' poly(A) tail.**  
  This is false — in eukaryotic mRNA processing, capping happens at the 5' end and polyadenylation at the 3' end occur before splicing is complete, but splicing (intron excision) generally happens after capping and often concurrently or after polyadenylation, not strictly before both. In fact, the 5' cap is added early, soon after transcription initiation, and polyadenylation occurs after cleavage at the poly(A) site, but splicing can occur during or after these steps — so saying introns are excised *before* both capping and polyadenylation is incorrect.  

Thus, the one that is **NOT** a characteristic is **(D)**.  

Final answer: (D)",(B),(D),False,option_letter,,cot_zs,college_biology,1
46,"A healthy person sitting at rest consciously begins to breathe too fast. Which of the following describes the change in the person’s blood caused by this hyperventilation?

Options:
(A)A decrease in partial pressure of carbon dioxide and an increase in concentration of hydrogen ions
(B)A decrease in partial pressure of carbon dioxide and a decrease in concentration of hydrogen ions
(C)An increase in partial pressure of carbon dioxide and an increase in concentration of hydrogen ions
(D)An increase in partial pressure of carbon dioxide and a decrease in concentration of hydrogen ions
",(B),"Let’s reason through this step by step.  

1. **Hyperventilation** means breathing faster and deeper than needed for metabolic demands.  
2. This increases the rate of CO₂ removal from the blood into the alveoli.  
3. Lower CO₂ in the blood means less carbonic acid forms in the blood (since CO₂ + H₂O ⇌ H₂CO₃ ⇌ H⁺ + HCO₃⁻).  
4. Less carbonic acid means fewer hydrogen ions (H⁺), so blood pH rises (respiratory alkalosis).  
5. Therefore, hyperventilation causes:  
   - **Decrease** in partial pressure of CO₂ in blood  
   - **Decrease** in concentration of H⁺  

That matches option **B**.  

Final answer: (B)",(B),(B),True,option_letter,,cot_zs,college_biology,1
47,"Which of the following is the correct anatomical order of structures in the mammalian female reproductive tract?

Options:
(A)Oviduct, uterus, rete, vagina
(B)Oviduct, epididymis, uterus, vagina
(C)Ovary, oviduct, uterus, vagina
(D)Ovary, uterus, vagina, rete
",(C),"Let’s reason through this step by step.  

1. In the mammalian female reproductive tract, eggs are released from the **ovary** into the **oviduct** (fallopian tube).  
2. After fertilization (if it occurs), the embryo travels to the **uterus** for implantation.  
3. The uterus connects to the **vagina** through the cervix.  
4. ""Rete"" is part of the male reproductive system (rete testis), not female.  
5. ""Epididymis"" is also part of the male reproductive system.  

So the correct anatomical order from where eggs are produced to the external connection is:  
**Ovary → Oviduct → Uterus → Vagina**  

That matches option (C).  

Final answer: (C)",(C),(C),True,option_letter,,cot_zs,college_biology,1
48,"A marine ecosystem region characterized by penetrance of solar radiation and upwelling of nutrients is the

Options:
(A)bathyl zone
(B)neritic zone
(C)pelagic zone
(D)benthyl zone
",(B),"Let’s break this down:  

- The question describes a marine region with **penetration of solar radiation** (so it must be relatively shallow, in the photic zone) and **upwelling of nutrients** (which often occurs in coastal regions where deep nutrient-rich water rises).  
- **Bathyl zone** (A) is part of the deeper ocean (below 200 m to about 2000 m), so light penetration is minimal — not correct.  
- **Neritic zone** (B) is the shallow part of the ocean over the continental shelf, where sunlight reaches the seafloor in many areas and upwelling can occur near the coast — fits the description.  
- **Pelagic zone** (C) refers to the whole water column, not specifically the sunlit nutrient-rich upwelling region — too broad.  
- **Benthyl zone** (D) seems like a misspelling or confusion with “benthic” (bottom region), which is not defined by light penetration throughout.  

The best match is the **neritic zone**, where both sunlight penetration and nutrient upwelling support high productivity.  

Final answer: (B)",(A),(B),False,option_letter,,cot_zs,college_biology,1
49,"In humans, a hereditary disorder called xeroderma pigmentosum (XP) can result in the inability to repair ultraviolet damage to DNA. Which of the following molecular lesions is most likely to accrue in individuals with XP?

Options:
(A)Thymine dimers
(B)Deamination of cytosine
(C)Depurination
(D)Single strand DNA breaks
",(A),"Xeroderma pigmentosum involves a defect in nucleotide excision repair, which primarily targets bulky DNA lesions caused by ultraviolet (UV) light.  
UV light induces covalent bonds between adjacent thymine bases on the same DNA strand, forming thymine dimers.  
Without functional nucleotide excision repair, thymine dimers accumulate, leading to mutations and skin cancers.  
Deamination of cytosine, depurination, and single-strand breaks are not primarily linked to XP or UV damage repair defects.  

Final answer: (A)",(A),(A),True,option_letter,,cot_zs,college_biology,1
50,"Chemosynthetic bacteria can produce their own food despite their lack of photonabsorbing pigments because the chemosynthetic bacteria derive energy by

Options:
(A)oxidizing inorganic substances such as ammonia, sulfur, or hydrogen
(B)reducing inorganic substances such as ammonia, sulfur, or hydrogen
(C)oxidizing organic compounds
(D)transducing light energy into chemical energy
",(A),"Chemosynthetic bacteria do not rely on sunlight, so they do not perform photosynthesis. Instead, they obtain energy by oxidizing inorganic molecules such as ammonia, hydrogen sulfide, or hydrogen gas, using this chemical energy to produce organic compounds (food).  
That matches option (A).  

Final answer: (A)",(A),(A),True,option_letter,,cot_zs,college_biology,1
51,"All of the following may serve as intracellular messengers EXCEPT

Options:
(A)calcium ions
(B)cAMP
(C)acetylcholine
(D)inositol 1,4,5-triphosphate
",(C),"Let’s reason through each option:  

- **Calcium ions (A)** – Known to act as intracellular messengers (second messengers) in signal transduction pathways.  
- **cAMP (B)** – A classic example of a second messenger in many signaling cascades.  
- **Acetylcholine (C)** – This is a neurotransmitter that acts extracellularly by binding to receptors on the cell membrane; it is not an intracellular messenger itself.  
- **Inositol 1,4,5-triphosphate (D)** – Acts as a second messenger to release calcium from intracellular stores.  

The question asks which may serve as intracellular messengers **EXCEPT** one. Acetylcholine is the extracellular signaling molecule, not an intracellular messenger.  

Final answer: (C)",(A),(C),False,option_letter,,cot_zs,college_biology,1
52,"All of the following statements about plant embryogenesis are correct EXCEPT:

Options:
(A)The suspensor is derived from the basal cell.
(B)Cotyledons are derived from the apical cell.
(C)Shoot apical meristem formation occurs after seed formation.
(D)Precursors of all three plant tissue systems are formed during embryogenesis.
",(C),"Let’s go through each option step by step.  

**(A) The suspensor is derived from the basal cell.**  
In plant embryogenesis, after the zygote divides, it forms a basal cell and an apical cell. The basal cell typically gives rise to the suspensor, so this is correct.  

**(B) Cotyledons are derived from the apical cell.**  
The apical cell develops into the embryo proper, which includes the cotyledons, so this is correct.  

**(C) Shoot apical meristem formation occurs after seed formation.**  
This is suspicious. In embryogenesis, the shoot apical meristem (SAM) actually forms during embryogenesis, before seed formation is complete. Seeds contain a mature embryo with SAM already present at germination. So saying SAM forms *after* seed formation is incorrect.  

**(D) Precursors of all three plant tissue systems are formed during embryogenesis.**  
The three tissue systems (dermal, ground, vascular) have their precursors (protoderm, ground meristem, procambium) formed during embryogenesis, so this is correct.  

Thus, the incorrect statement is **(C)**.  

Final answer: (C)",(B),(C),False,option_letter,,cot_zs,college_biology,1
53,"Mouse sperm contain receptor proteins that bind to a glycoprotein (ZP3) in the zona pellucida of mouse eggs. Binding of ZP3 receptors to ZP3 initiates the sperm’s acrosomal reaction. All of the following experimental observations would be expected EXCEPT:

Options:
(A)Injecting eggs with antibodies that bind to ZP3 blocks in vitro fertilization.
(B)Incubating sperm with purified ZP3 prior to mixing sperm and eggs blocks in vitro fertilization.
(C)Incubating eggs with antibodies that bind to ZP3 blocks in vitro fertilization.
(D)Coating synthetic beads with a different glycoprotein, ZP2, fails to lead to sperm aggregation on the beads.
",(A),"Let’s reason through each option step by step.  

- **ZP3** in the zona pellucida binds to sperm receptors → triggers acrosomal reaction → fertilization proceeds.  

**(A)** Injecting eggs with antibodies that bind to ZP3 → antibodies block ZP3 from interacting with sperm receptors → fertilization blocked. Expected.  

**(B)** Incubating sperm with purified ZP3 before mixing with eggs → sperm acrosomal reaction triggered prematurely → sperm unable to fertilize when later mixed with eggs → fertilization blocked. Expected.  

**(C)** Incubating eggs with antibodies that bind to ZP3 → same as (A) essentially (antibodies bound to ZP3 on the egg block sperm binding) → fertilization blocked. Expected.  

**(D)** Coating beads with ZP2 (different glycoprotein) → ZP2 does not trigger acrosomal reaction, so sperm should not undergo reaction or aggregate on beads → fails to cause sperm aggregation → expected.  

Wait — the question asks: “All of the following experimental observations would be expected **EXCEPT**” — meaning one of these would **not** be expected.  

Let’s check (D) carefully:  
ZP2 is involved in secondary binding after acrosomal reaction, not in initiating it. So sperm should not bind/aggregate on ZP2-coated beads without acrosomal reaction initiation. That **is** expected.  

But maybe the trick: If ZP2 does not cause aggregation, that’s expected. So not the EXCEPT.  

Check (B) again: Incubating sperm with soluble ZP3 → triggers acrosome reaction → sperm then cannot bind to egg’s ZP3 → fertilization blocked. Expected.  

Check (C): Incubating eggs with anti-ZP3 antibodies → antibodies block ZP3 on egg → sperm can’t bind → fertilization blocked. Expected.  

Check (A): Injecting eggs with anti-ZP3 antibodies → same as (C) essentially → fertilization blocked. Expected.  

All seem expected except — maybe (D) is worded to be unexpected? But no, ZP2-coated beads failing to cause aggregation is expected.  

But maybe the EXCEPT is (B)? Let’s think: If sperm are pre-incubated with ZP3, they undergo acrosomal reaction and become unable to fertilize — that’s expected. So (B) is expected.  

Actually, let’s check (A) vs (C):  
Injecting eggs with antibodies (A) — antibodies inside egg? That wouldn’t affect extracellular ZP3 unless they diffuse out or are injected into extracellular matrix? Possibly less effective, but in vitro, microinjection into egg cytoplasm wouldn’t affect ZP3 on zona pellucida unless antibodies secreted or directly applied to zona. But the option says “injecting eggs with antibodies that bind to ZP3” — if you inject into cytoplasm, antibodies may not reach ZP3 unless the egg is permeabilized or the antibodies are secreted by egg (unlikely in vitro). So maybe (A) is **not** expected because injecting antibodies into egg cytoplasm won’t block ZP3 function on the zona pellucida.  

(C) says “incubating eggs with antibodies” — that means extracellular application, so antibodies bind ZP3 directly and block sperm binding → expected.  

So (A) is the one that would **not** be expected: injecting into egg ≠ incubating with egg.  

Thus the EXCEPT is (A).  

**Final answer: (A)**",(A),(A),True,option_letter,,cot_zs,college_biology,1
54,"Which of the following factors does NOT promote linkage disequilibrium?

Options:
(A)Asexual reproduction
(B)Coadapted gene complexes
(C)Epistasis
(D)Random mating
",(D),"Linkage disequilibrium refers to the non-random association of alleles at different loci in a population.  
Factors that **promote** linkage disequilibrium include:  

- **Asexual reproduction** — no recombination, so alleles stay linked.  
- **Coadapted gene complexes** — natural selection keeps certain alleles together.  
- **Epistasis** — selection on interacting genes can maintain LD.  

**Random mating** (with recombination) tends to **break down** linkage disequilibrium over generations, so it does **not** promote LD.  

Final answer: (D)",(D),(D),True,option_letter,,cot_zs,college_biology,1
55,"In an experiment, the first cleavage plane of an amphibian zygote was manipulated so that the gray crescent was contained in only one of the two blastomeres that result from the first cleavage. The two blastomeres were then separated. What is the expected fate of the blastomeres?

Options:
(A)The blastomere with the gray crescent will grow in size more quickly than the one without the gray crescent.
(B)The blastomere with the gray crescent will form a complete, but small, embryo.
(C)The blastomere without the gray crescent will form a complete, but small, embryo.
(D)The blastomere with the gray crescent will stop dividing and die before the second cleavage.
",(B),"Let’s reason through this step by step.  

1. In amphibian embryos, the gray crescent region contains determinants for dorsal structures and is crucial for organizing the embryonic axis.  
2. If the first cleavage plane is manipulated so that only one blastomere receives the gray crescent, that blastomere retains the ability to initiate gastrulation and form a complete embryo.  
3. The blastomere without the gray crescent lacks these dorsal determinants and will form only a disorganized mass of cells (a ""belly piece"") — it cannot form a complete embryo.  
4. The blastomere with the gray crescent will regulate and produce a smaller but complete embryo.  
5. This matches known experimental results from Hans Spemann and others.  

Looking at the options:  
- (A) is incorrect — growth rate difference isn’t the main point.  
- (B) matches the expected outcome.  
- (C) is wrong — the blastomere without the crescent cannot form a complete embryo.  
- (D) is wrong — the blastomere with the crescent continues developing.  

Final answer: (B)",(A),(B),False,option_letter,,cot_zs,college_biology,1
56,"Nerve outgrowth from a developing neuron begins at the growth cone, located at the tip of the axon. Microspikes of the growth cone extend and retract in order to move the growth cone forward. Exposure of the neuron to cytochasalin B at this stage of development causes

Options:
(A)microtubules in the axon to undergo reversible dissociation
(B)microtubules in the axon to undergo irreversible dissociation
(C)microfilaments in the microspike to undergo reversible depolymerization
(D)microfilaments in the microspike to undergo irreversible depolymerization
",(C),"Cytochalasin B is known to inhibit actin polymerization by binding to the barbed end of actin filaments, which are microfilaments.  
Microspikes of the growth cone contain actin filaments (microfilaments), not microtubules.  
Cytochalasin B causes depolymerization of these microfilaments, but this effect is reversible upon removal of the drug.  
Thus, the correct description is that microfilaments in the microspike undergo reversible depolymerization.  

Final answer: (C)",(C),(C),True,option_letter,,cot_zs,college_biology,1
57,"Monoclonal antisera are distinguished from polyclonal antisera in which of the following ways?

Options:
(A)Each type of antibody in a monoclonal antiserum reacts against a single region of a single antigen; each type of antibody in a polyclonal antiserum reacts against multiple regions of different antigens.
(B)A monoclonal antibody reacts against multiple regions of a single antigen; a polyclonal antibody reacts against a single region of related antigens.
(C)A monoclonal antiserum contains antibodies secreted from the descendants of a single B lymphocyte; a polyclonal antiserum contains antibodies secreted from the descendants of different B lymphocytes.
(D)A monoclonal antiserum contains antibodies secreted from the descendants of a single B lymphocyte; a polyclonal antiserum contains antibodies secreted from the descendants of both B and T lymphocytes.
",(C),"Let’s break this down.  

- **Monoclonal antibodies** come from a single B cell clone, so all antibodies are identical and recognize the same epitope on an antigen.  
- **Polyclonal antibodies** come from multiple B cell clones, so they recognize multiple epitopes, possibly on the same antigen or related antigens.  

Looking at the options:  

(A) Says monoclonal reacts against a single region of a single antigen — correct for monoclonal — but says polyclonal reacts against multiple regions of *different antigens*. This is misleading; polyclonal usually targets multiple regions of the *same* antigen or related antigens, not necessarily different antigens.  

(B) Says monoclonal reacts against multiple regions of a single antigen — wrong, monoclonal targets one epitope.  

(C) Says monoclonal from descendants of a single B lymphocyte; polyclonal from descendants of different B lymphocytes — correct definition.  

(D) Says monoclonal from single B lymphocyte descendants; polyclonal from both B and T lymphocytes — wrong, because T lymphocytes don’t secrete antibodies.  

So (C) is correct.  

Final answer: (C)",(A),(C),False,option_letter,,cot_zs,college_biology,1
58,"The first groups of animals to develop lung tissue adequate to support their respiratory requirements without the use of supplementary gas exchange organs were the

Options:
(A)amphibians
(B)reptiles
(C)mammals
(D)trematoda
",(B),"Let’s reason through this.  

Amphibians rely on lungs but also use skin and buccal respiration — they still need supplementary gas exchange, especially in aquatic stages or as adults in some species.  
Reptiles have better-developed lungs than amphibians and generally do not rely on skin or gills for gas exchange as adults, so they can meet respiratory needs with lungs alone.  
Mammals also have adequate lung tissue, but they evolved after reptiles, so reptiles were the first group to achieve this.  
Trematoda are flatworms, which do not have lungs at all.  

Thus, reptiles were the first group to have lungs adequate without supplementary organs.  

Final answer: (B)",(B),(B),True,option_letter,,cot_zs,college_biology,1
59,"Which of the following is a biological attribute that would most likely allow a species to become cosmopolitan in distribution?

Options:
(A)Extreme habitat specialization
(B)K-selected reproductive rate
(C)Limited dispersal abilities
(D)Capacity for long-distance dispersal
",(D),"A species that is cosmopolitan in distribution is one that is widespread across many geographic regions, often across continents or worldwide.  
To achieve such a distribution, the species must be able to reach and establish in distant locations.  

- **(A) Extreme habitat specialization** would restrict the species to specific environments, making widespread distribution unlikely.  
- **(B) K-selected reproductive rate** means fewer offspring with more parental care, which generally slows population growth and colonization of new areas.  
- **(C) Limited dispersal abilities** would prevent the species from reaching distant locations.  
- **(D) Capacity for long-distance dispersal** directly enables individuals to travel far, colonize new regions, and thus become cosmopolitan.  

Final answer: (D)",(D),(D),True,option_letter,,cot_zs,college_biology,1
60,"In the formation of the earliest cells, which of the following components most likely arose first?

Options:
(A)Nucleus
(B)Plasma membrane
(C)Mitochondrion
(D)Flagellum
",(B),"In the origin of life, the earliest cells would have needed a boundary to separate internal chemistry from the external environment and concentrate organic molecules.  
The plasma membrane is a fundamental structure for compartmentalization and could form spontaneously from lipids under prebiotic conditions.  
In contrast, the nucleus, mitochondrion, and flagellum are more complex structures that would have evolved later in more advanced cells.  

Final answer: (B)",(B),(B),True,option_letter,,cot_zs,college_biology,1
61,"Which of the following facts was established prior to 1859, the year in which Charles Darwin published On the Origin of Species?

Options:
(A)DNA provides the macromolecular basis of heredity.
(B)Mendelian principles explain why some traits are dominant and others are recessive.
(C)Prokaryotes include two major domains, the Bacteria and the Archaea.
(D)There exist fossilized remains of species that have become extinct.
",(D),"Let’s reason through each option:  

- **(A) DNA provides the macromolecular basis of heredity** — This was not known until much later (Avery–MacLeod–McCarty experiment in 1944, and general acceptance after Hershey–Chase 1952). So not before 1859.  

- **(B) Mendelian principles explain why some traits are dominant and others are recessive** — Mendel’s work was published in 1866, so not before 1859.  

- **(C) Prokaryotes include two major domains, the Bacteria and the Archaea** — Archaea were recognized as a separate domain only in the late 20th century (1977 by Woese).  

- **(D) There exist fossilized remains of species that have become extinct** — Extinction was already accepted before Darwin’s 1859 book; for example, Georges Cuvier’s work on fossil bones in the early 1800s established that some species no longer existed.  

Thus, the only fact known before 1859 is **(D)**.  

Final answer: (D)",(A),(D),False,option_letter,,cot_zs,college_biology,1
62,"Fungi participate in each of the following EXCEPT

Options:
(A)photosynthesis to produce glucose
(B)fermentation to produce alcohol
(C)association with humans to produce ringworm
(D)association with the roots of plants to form mycorrhizae
",(A),"Let’s go through each option:

- **(A) photosynthesis to produce glucose** — Fungi are heterotrophs; they do not perform photosynthesis. This is not something they participate in.  
- **(B) fermentation to produce alcohol** — Yeasts (fungi) ferment sugars to produce alcohol, so fungi do participate in this.  
- **(C) association with humans to produce ringworm** — Ringworm is a fungal infection, so fungi are involved.  
- **(D) association with the roots of plants to form mycorrhizae** — Mycorrhizae are symbiotic associations between fungi and plant roots, so fungi participate in this.  

The one they do **not** participate in is **photosynthesis**.

Final answer: (A)",(B),(A),False,option_letter,,cot_zs,college_biology,1
63,"In chloroplasts, a certain protein is found in the lumen of the thylakoid (thylakoid space). It is transcribed in the nucleus and synthesized on cytoplasmic ribosomes. How many membrane bilayers must this protein cross to reach its final location?

Options:
(A)One
(B)Two
(C)Three
(D)Four
",(C),"Let’s reason through this step by step.  

1. The protein is **transcribed in the nucleus** and **synthesized on cytoplasmic ribosomes** — so it starts in the cytosol after translation.  
2. Its final location is the **lumen of the thylakoid** (inside the thylakoid space).  
3. To get there from the cytosol:  
   - First, it must enter the **chloroplast** — crossing the **chloroplast envelope**, which consists of **two membranes** (outer and inner).  
     - Crossing both means passing through **two bilayer membranes** to reach the chloroplast stroma.  
   - Then, from the stroma, it must enter the **thylakoid lumen**.  
     - The thylakoid membrane is **one more bilayer** to cross to get into the lumen.  
4. Total bilayers crossed = 2 (to stroma) + 1 (to thylakoid lumen) = **three membrane bilayers**.  

Final answer: (C)",(C),(C),True,option_letter,,cot_zs,college_biology,1
64,"During the mammalian cardiac cycle, a volume of blood equivalent to ventricular stroke volume is transferred from the more compliant venous side to the less compliant arterial side of the circulation. In terms of pressures within the venous and arterial compartments, this transfer results in

Options:
(A)no change in pressure in either compartment
(B)no effect on venous pressure and a small increase in arterial pressure
(C)an increase in venous pressure and an equal but opposite decrease in arterial pressure
(D)little effect on venous pressure and a large increase in arterial pressure
",(D),"Let’s reason through this step by step.  

1. The venous side is **more compliant** (can hold more blood with little pressure change), while the arterial side is **less compliant** (small volume changes cause larger pressure changes).  
2. Stroke volume is moved from veins to arteries in each cardiac cycle.  
3. Because veins are highly compliant, losing that volume causes **little drop in venous pressure**.  
4. Because arteries are stiff (low compliance), gaining that same volume causes a **large increase in arterial pressure**.  
5. This matches the description in option **(D)** — little effect on venous pressure and a large increase in arterial pressure.  

Final answer: (D)",(D),(D),True,option_letter,,cot_zs,college_biology,1
65,"Which of the following statements concerning the Golgi apparatus of a eukaryote is correct?

Options:
(A)It is oriented in the cytoplasm so that its cis face is closest to the endoplasmic reticulum.
(B)It is typically associated with small secretory vesicles located near its cis face.
(C)Its composite flattened cisternae are continuous with one another.
(D)Glycosylation of certain secretory proteins occurs prior to the protein's entry into its lumen.
",(A),"Let’s evaluate each option step by step.  

**(A)** The cis face of the Golgi apparatus is indeed closest to the endoplasmic reticulum, where it receives transport vesicles. This is correct.  

**(B)** Small secretory vesicles are typically found near the trans face (for secretion), not the cis face. So this is incorrect.  

**(C)** The flattened cisternae of the Golgi are not continuous with one another; they are separate compartments that communicate via vesicular transport. This is false.  

**(D)** Glycosylation of secretory proteins begins in the endoplasmic reticulum, not after entry into the Golgi lumen. So this is incorrect.  

Thus, only **(A)** is correct.  

Final answer: (A)",(C),(A),False,option_letter,,cot_zs,college_biology,1
66,"The first point of entry of water at the roots of a monocot plant is through the cytoplasm of cells of the

Options:
(A)root cap
(B)Casparian strip
(C)pericycle
(D)endoderm
",(D),"In monocot roots, water initially enters through root hairs and moves through the root cortex via the apoplast, symplast, or transmembrane pathways.  
When it reaches the endodermis, the Casparian strip blocks the apoplastic pathway, forcing water and solutes to pass through the cytoplasm of endodermal cells before entering the stele.  
Thus, the first point where water must enter the cytoplasm of cells is at the endodermis.  

Final answer: (D)",(D),(D),True,option_letter,,cot_zs,college_biology,1
67,"Which of the following plant cells undergoes programmed cell death to become functional?

Options:
(A)Phloem sieve tube member
(B)Xylem vessel member
(C)Stomatal guard cell
(D)Root cap cell
",(B),"Let’s reason through each option:  

- **(A) Phloem sieve tube member** – These cells lose their nucleus at maturity but remain alive; they do not undergo programmed cell death.  
- **(B) Xylem vessel member** – These cells lose their cytoplasm and die at maturity, forming hollow tubes for water transport; this is a functional death via programmed cell death.  
- **(C) Stomatal guard cell** – These remain alive to regulate gas exchange.  
- **(D) Root cap cell** – These cells are sloughed off to protect the root tip, but their death is more about abrasion and less about becoming functional *through* death; xylem’s programmed death is a clearer example of becoming functional *because* of death.  

The best answer is **xylem vessel member**, because its programmed cell death directly enables its water-conducting function.  

Final answer: (B)",(A),(B),False,option_letter,,cot_zs,college_biology,1
68,"Which of the following characteristics distinguishes angiosperms from gymnosperms?

Options:
(A)Perennial growth
(B)True roots
(C)Apical growth
(D)Seeds enclosed in ovaries
",(D),"Angiosperms and gymnosperms are both seed-producing plants, but angiosperms produce seeds enclosed within a fruit (derived from an ovary), while gymnosperms produce naked seeds not enclosed in an ovary.  
Perennial growth, true roots, and apical growth occur in both groups, so they are not distinguishing features.  

Final answer: (D)",(D),(D),True,option_letter,,cot_zs,college_biology,1
69,"A species of goose nests on both cliffs and beaches near the ocean. Soon after hatching, all chicks must make their way to the ocean. Chicks from cliff nests must tumble down the cliff to get to the ocean, and many are killed by the fall. Which of the following is most consistent with the hypothesis that cliff nesting is adaptive in this goose species?

Options:
(A)Many more geese nest on the beaches than on the cliffs.
(B)Cliff-side nesting confers a higher fitness than does beach nesting.
(C)Chicks from cliff nests instinctively step off the cliffs at the appropriate time.
(D)More chicks survive the fall from the cliffs than are killed.
",(B),"Let’s reason through this.  

The question asks which option is most consistent with the hypothesis that cliff nesting is *adaptive*.  
If cliff nesting is adaptive, it must provide some net reproductive advantage despite the risk of chicks dying in the fall.  

- (A) More geese nest on beaches — that suggests cliff nesting is *less* common, which doesn’t support adaptiveness.  
- (B) Cliff-side nesting confers higher fitness — this directly supports adaptiveness, because fitness means reproductive success.  
- (C) Chicks instinctively step off cliffs — this is just a behavior, not evidence of fitness benefit.  
- (D) More survive than are killed — this could support adaptiveness if true, but the question says “many are killed by the fall,” so this seems contradictory to the given information.  

The most direct evidence for adaptiveness is that cliff nesting leads to higher fitness despite risks, which is exactly what (B) states.  

Final answer: (B)",(A),(B),False,option_letter,,cot_zs,college_biology,1
70,"Immunoglobulins having epsilon heavy chains and located on the plasma membranes of mast cells and basophilic leukocytes belong to the class of antibodies called

Options:
(A)IgE
(B)IgA
(C)IgD
(D)IgM
",(A),"Immunoglobulins with epsilon heavy chains are designated as IgE.  
IgE antibodies are known to bind to mast cells and basophils via their Fc receptors, playing a key role in allergic responses.  
Thus, the correct antibody class is IgE.  

Final answer: (A)",(A),(A),True,option_letter,,cot_zs,college_biology,1
71,"A fluorescent molecule of 1,000 daltons injected into one cell is observed to enter an adjacent cell by passing through a

Options:
(A)spot desmosome
(B)belt desmosome
(C)gap junction
(D)tight junction
",(C),"Let’s reason through this step by step.  

1. **Molecular weight**: 1,000 daltons is relatively small — about the size of a small peptide or a large amino acid.  
2. **Cell-to-cell movement**: This suggests direct intercellular communication through channels that allow small molecules to pass.  
3. **Desmosomes (spot and belt)**: These are anchoring junctions for mechanical strength, not for passage of molecules.  
4. **Tight junctions**: These seal the intercellular space, preventing passage of molecules between cells (barrier function).  
5. **Gap junctions**: These are channels that allow small molecules (typically < 1,000–1,500 Da) to pass directly between the cytoplasms of adjacent cells.  

Given the size (1,000 Da) and the observation that it moves directly into an adjacent cell, the structure involved is most likely a gap junction.  

Final answer: (C)",(C),(C),True,option_letter,,cot_zs,college_biology,1
72,"Annelids and arthropods are similar to each other in that members of both phyla

Options:
(A)have segmented bodies
(B)have a closed circulatory system
(C)conduct gas exchange by diffusion through a moist membrane
(D)have well-developed sense organs
",(A),"Let’s go through each option:  

- **(A) have segmented bodies** — Annelids (earthworms, etc.) and arthropods (insects, crustaceans, etc.) both exhibit body segmentation. This is a major similarity.  
- **(B) have a closed circulatory system** — Annelids generally have a closed circulatory system, but arthropods have an open circulatory system, so this is not a similarity.  
- **(C) conduct gas exchange by diffusion through a moist membrane** — This is true for annelids (via skin) but not for all arthropods; many arthropods use tracheal systems or gills, so not a universal similarity.  
- **(D) have well-developed sense organs** — Arthropods often have complex sense organs, but annelids generally have simpler ones; not a defining similarity between the two phyla.  

The clearest shared feature is **segmented bodies**.  

Final answer: (A)",(C),(A),False,option_letter,,cot_zs,college_biology,1
73,"Approximately what fraction of the human genome encodes proteins?

Options:
(A)2%
(B)25%
(C)50%
(D)90%
",(A),"The human genome consists of about 20,000–25,000 protein-coding genes, but these coding sequences (exons) make up only a small portion of the total genome.  
Much of the genome consists of non-coding DNA, including introns, regulatory sequences, repetitive DNA, and non-coding RNAs.  
It is widely reported in genomics literature that protein-coding sequences account for roughly 1–2% of the human genome.  

Final answer: (A)",(A),(A),True,option_letter,,cot_zs,college_biology,1
74,"Which of the following statements is true of air as compared to water?

Options:
(A)Air provides more physical support.
(B)Air has a higher O2 concentration.
(C)Air offers more resistance to motion.
(D)Air has more thermal inertia.
",(B),"Let’s go through each option step by step.  

- (A) Air provides more physical support.  
  False — water is denser and provides more buoyancy (physical support) than air.  

- (B) Air has a higher O2 concentration.  
  True — air contains about 21% oxygen, whereas water holds far less dissolved oxygen per unit volume.  

- (C) Air offers more resistance to motion.  
  False — water is more viscous/dense, so it offers greater resistance to movement.  

- (D) Air has more thermal inertia.  
  False — water has a higher heat capacity, meaning it resists temperature changes more than air (higher thermal inertia).  

The correct statement is (B).  

Final answer: (B)",(C),(B),False,option_letter,,cot_zs,college_biology,1
75,"Which of the following is true of organisms belonging to the kingdom Protista?

Options:
(A)They are eukaryotic.
(B)They include the cyanobacteria.
(C)They are heterotrophic.
(D)They possess cell walls composed of peptidoglycan.
",(A),"Let’s go through each option step by step.  

- **(A) They are eukaryotic.**  
Protista includes eukaryotic organisms such as algae, protozoa, and slime molds. This is true.  

- **(B) They include the cyanobacteria.**  
Cyanobacteria are prokaryotic and belong to the domain Bacteria, not Protista. False.  

- **(C) They are heterotrophic.**  
Many protists are heterotrophic (e.g., protozoa), but some are autotrophic (e.g., algae). So this is not universally true.  

- **(D) They possess cell walls composed of peptidoglycan.**  
Peptidoglycan is found in bacterial cell walls, not in protists. Some protists have cell walls made of cellulose or other materials, but not peptidoglycan. False.  

The only universally true statement is that they are eukaryotic.  

Final answer: (A)",(D),(A),False,option_letter,,cot_zs,college_biology,1
76,"The section of chromosome that serves as the site of attachment by the mitotic spindle during cell division is the

Options:
(A)chromatophore
(B)chromomere
(C)kinetochore
(D)centriole
",(C),"Let’s break this down:  

- **Chromatophore**: This is a pigment-containing cell or structure, not related to chromosome attachment in mitosis.  
- **Chromomere**: This refers to a condensed region in chromosomes, especially visible in meiosis, but not the spindle attachment site.  
- **Kinetochore**: This is the protein structure on chromatids where spindle fibers attach during cell division to pull chromosomes apart.  
- **Centriole**: This is part of the centrosome and helps organize microtubules, but it is not on the chromosome itself.  

The question asks for the **section of chromosome** where the mitotic spindle attaches — that’s the **kinetochore**.  

Final answer: (C)",(C),(C),True,option_letter,,cot_zs,college_biology,1
77,"A plant that grows along a trellis exhibits

Options:
(A)thigmotropism
(B)phototropism
(C)gravidotropism
(D)negative gravidotropism
",(A),"A plant growing along a trellis is responding to physical contact by coiling or clinging to the support structure.  
Thigmotropism is directional growth in response to touch.  
Phototropism is growth toward or away from light.  
Gravidotropism is not a standard term; gravitropism is growth in response to gravity, and negative gravitropism would be growth away from gravity (like stems growing upward).  
The described behavior matches thigmotropism.  

Final answer: (A)",(A),(A),True,option_letter,,cot_zs,college_biology,1
78,"If the activity of an enzyme is constant over a broad range of pH values, it is likely that

Options:
(A)only ionizing groups on the enzyme participate in the reaction
(B)only ionizing groups on the substrate participate in the reaction
(C)ionizing groups on both the enzyme and substrate participate in the reaction
(D)no ionizing groups on the enzyme or substrate participate in the reaction
",(D),"If an enzyme’s activity is constant over a broad pH range, that suggests the reaction rate does not depend on the protonation state of acidic or basic groups in the enzyme–substrate system.  
If ionizable groups were involved in catalysis or substrate binding, changes in pH would alter their charge or protonation state, affecting activity.  
Constant activity implies that no such ionizable groups are involved in the catalytic step or substrate binding in a way that influences the reaction rate.  
Thus, the correct interpretation is that no ionizing groups on the enzyme or substrate participate in the reaction in a pH-sensitive manner.  

Final answer: (D)",(D),(D),True,option_letter,,cot_zs,college_biology,1
79,"In garden peas, the allele for tall plants (D) is completely dominant to the allele for dwarf plants (d) and the allele for violet flower color (W) is completely dominant to the allele for white flower color (w). In a cross between a tall violet plant, with the genotype DDWw, and a dwarf white plant, what phenotypic ratio of the progeny would be expected from this cross?

Options:
(A)All tall violet
(B)1 tall violet: 1 dwarf violet
(C)1 tall violet: 1 tall white: 1 dwarf violet: 1 dwarf white
(D)1 tall violet: 1 tall white
",(D),"Let’s break this down step by step.  

**1. Identify parental genotypes**  
- Parent 1: DDWw (tall, violet)  
- Parent 2: ddww (dwarf, white)  

**2. Determine gametes**  
- DDWw → gametes: D W, D w (because DD is homozygous, so each gamete gets D; Ww gives W or w equally)  
  → Gametes: **D W**, **D w**  
- ddww → gametes: d w only (homozygous recessive for both traits)  

**3. Perform cross**  
Possible offspring:  
- D W + d w → Dd Ww (tall violet)  
- D w + d w → Dd ww (tall white)  

**4. Determine phenotype ratio**  
Half of offspring: Dd Ww → tall violet  
Half of offspring: Dd ww → tall white  

So phenotypic ratio = **1 tall violet : 1 tall white**  

**5. Match to options**  
That matches option (D).  

Final answer: (D)",(D),(D),True,option_letter,,cot_zs,college_biology,1
80,"Cancer cells grown in culture are similar to normal cells grown in culture in that they

Options:
(A)divide an indefinite number of times
(B)do not display contact inhibition
(C)require a surface for attachment in order to grow
(D)proliferate to the same cell density
",(C),"Let’s reason through this step by step.  

1. **Option (A): divide an indefinite number of times**  
   - Normal cells in culture undergo a finite number of divisions (Hayflick limit), whereas cancer cells can divide indefinitely (immortalized).  
   - So this is **not** a similarity — it’s a difference.  

2. **Option (B): do not display contact inhibition**  
   - Normal cells stop dividing when they contact neighboring cells; cancer cells often lack contact inhibition.  
   - This is a difference, not a similarity.  

3. **Option (C): require a surface for attachment in order to grow**  
   - Most normal cells are anchorage-dependent and must attach to a surface to grow.  
   - Many cancer cells also initially require attachment, though some may become anchorage-independent in later stages.  
   - In basic cell culture conditions, both normal and cancer cells generally need a surface for attachment.  
   - This is a valid similarity for typical in vitro conditions.  

4. **Option (D): proliferate to the same cell density**  
   - Cancer cells often grow to higher densities because they ignore contact inhibition.  
   - Not a similarity.  

Thus, the correct similarity is that both require a surface for attachment in order to grow under standard culture conditions.  

Final answer: (C)",(A),(C),False,option_letter,,cot_zs,college_biology,1
81,"Which of the following techniques could be used to demonstrate protein binding to specific DNA sequences?

Options:
(A)Western blot hybridization
(B)Northern blot hybridization
(C)Southern blot hybridization
(D)Electrophoretic mobility shift assay
",(D),"Let’s reason through each option:  

- **(A) Western blot hybridization** — This detects proteins using antibodies, not protein–DNA binding.  
- **(B) Northern blot hybridization** — This detects RNA, not protein–DNA binding.  
- **(C) Southern blot hybridization** — This detects specific DNA sequences, but not protein binding to DNA.  
- **(D) Electrophoretic mobility shift assay (EMSA)** — Also called gel shift assay; it detects protein–DNA interactions by observing reduced mobility of DNA–protein complexes in a gel.  

Thus, the correct technique is EMSA.  

Final answer: (D)",(A),(D),False,option_letter,,cot_zs,college_biology,1
82,"Adequate serum levels of calcium are maintained in humans by the secretion of

Options:
(A)thyroxine
(B)glucagon
(C)growth hormone
(D)parathyroid hormone
",(D),"Calcium homeostasis in humans is primarily regulated by hormones that control calcium levels in the blood.  
- Thyroxine (A) regulates metabolism, not calcium.  
- Glucagon (B) is involved in blood glucose regulation.  
- Growth hormone (C) influences growth and metabolism, not specifically calcium.  
- Parathyroid hormone (D) increases blood calcium levels by stimulating bone resorption, increasing intestinal calcium absorption (via vitamin D activation), and reducing renal calcium excretion.  

Thus, parathyroid hormone is the key hormone for maintaining adequate serum calcium levels.  

Final answer: (D)",(D),(D),True,option_letter,,cot_zs,college_biology,1
83,"The amino acid ornithine is regenerated during each turn of the urea cycle in a similar manner to which of the following participants in the citric acid cycle?

Options:
(A)Succinate
(B)Fumarate
(C)Oxaloacetate
(D)Citrate
",(C),"Let’s break this down.  

The urea cycle involves ornithine combining with carbamoyl phosphate to form citrulline, which later reacts with aspartate to form argininosuccinate. This is then split into arginine and fumarate. Arginine is hydrolyzed to urea and ornithine, so ornithine is regenerated at the end.  

In the citric acid cycle, oxaloacetate combines with acetyl-CoA to form citrate, and after a series of reactions, oxaloacetate is regenerated at the end.  

Thus, ornithine in the urea cycle is analogous to oxaloacetate in the citric acid cycle — both are regenerated at the end of their cycles and act as carriers.  

Final answer: (C)",(C),(C),True,option_letter,,cot_zs,college_biology,1
84,"Which is a characteristic unique to angiosperms?

Options:
(A)Wind-borne pollen
(B)A dominant sporophyte life cycle
(C)Alteration of generations
(D)Double fertilization
",(D),"Let’s go through each option:  

- **(A) Wind-borne pollen** – Not unique to angiosperms; gymnosperms and some other plants also have wind pollination.  
- **(B) A dominant sporophyte life cycle** – Seen in all vascular plants (ferns, gymnosperms, angiosperms), so not unique.  
- **(C) Alteration of generations** – Occurs in all plants, not unique to angiosperms.  
- **(D) Double fertilization** – This is unique to angiosperms; it produces both the zygote and the endosperm.  

Final answer: (D)",(B),(D),False,option_letter,,cot_zs,college_biology,1
85,"Mammals are homeostatic for all of the following EXCEPT

Options:
(A)body temperature
(B)blood glucose concentration
(C)blood pH
(D)metabolic rate
",(D),"Homeostasis refers to the maintenance of a stable internal environment despite external changes.  

- **Body temperature**: Mammals regulate this tightly (e.g., sweating, shivering).  
- **Blood glucose concentration**: Mammals regulate this via insulin and glucagon.  
- **Blood pH**: Mammals maintain this within a narrow range through buffers, respiration, and kidney function.  
- **Metabolic rate**: This can vary significantly with activity level, environmental conditions, and physiological state; mammals do not keep metabolic rate constant at all times.  

Thus, metabolic rate is **not** held constant via homeostasis.  

Final answer: (D)",(D),(D),True,option_letter,,cot_zs,college_biology,1
86,"The crouching of very young birds in response to a predator’s shape overhead is an example of

Options:
(A)a conditioned response
(B)a fixed action pattern
(C)an imprinted behavior
(D)learned behavior
",(B),"Let’s reason through this step by step.  

1. The question describes a behavior in *very young birds* — crouching when they see a predator’s shape overhead.  
2. Since it happens in very young birds without prior experience, it is likely innate rather than learned.  
3. A *conditioned response* (A) would require prior association through learning, so that’s unlikely.  
4. A *fixed action pattern* (B) is an innate, stereotyped response to a specific stimulus (sign stimulus or releaser). This fits: the predator shape triggers crouching automatically.  
5. *Imprinted behavior* (C) is learned during a sensitive period early in life, but it usually involves attachment (like following a parent), not an immediate anti-predator response.  
6. *Learned behavior* (D) would require experience, which the “very young” aspect argues against.  

Thus, the crouching is best described as a fixed action pattern.  

Final answer: (B)",(A),(B),False,option_letter,,cot_zs,college_biology,1
87,"Among primates, a high degree of sexual dimorphism in a species usually indicates intense competition between

Options:
(A)males in order to obtain individual food resources
(B)males in order to obtain mates
(C)females in order to obtain individual food resources
(D)females in order to obtain mates
",(B),"Sexual dimorphism in primates often relates to mating systems and competition for mates. In species where males are significantly larger or have more prominent features than females, this typically results from intense male-male competition for access to females. This is supported by behavioral ecology: when one sex (usually males) competes intensely for mates, traits that enhance fighting ability or attractiveness evolve, leading to sexual dimorphism.  

Final answer: (B)",(B),(B),True,option_letter,,cot_zs,college_biology,1
88,"Which of the following tissues in an actively photosynthesizing plant would have the highest rate of oxygen production?

Options:
(A)Cortex
(B)Palisade mesophyll
(C)Epidermis
(D)Vascular cambium
",(B),"Oxygen production in plants occurs during photosynthesis, primarily in tissues containing chlorophyll.  

- **Cortex**: Found in roots and stems, mainly for storage and support; not a primary photosynthetic tissue.  
- **Palisade mesophyll**: Located in leaves, densely packed with chloroplasts, specialized for high rates of photosynthesis.  
- **Epidermis**: Outer protective layer; usually lacks chloroplasts except in guard cells.  
- **Vascular cambium**: Meristematic tissue for secondary growth; not photosynthetic.  

The palisade mesophyll has the most chloroplasts per cell and is the main site of photosynthesis in leaves, so it would have the highest oxygen production.  

Final answer: (B)",(B),(B),True,option_letter,,cot_zs,college_biology,1
89,"A recent theory concerning an unusual rise in asthma attacks following a thunderstorm proposes that while pollen grains at 5 microns are too large to enter the airways, their exposure to water precipitates the release of starch granules as a result of osmotic shock. The starch granules are small enough to enter the lower airways and trigger an asthmatic attack. If this theory is true, which of the following is a correct statement?

Options:
(A)The interior of the pollen grains was hypotonic compared to the surrounding environment.
(B)The interior of the pollen grains had a higher osmotic pressure than did the surrounding environment.
(C)The pollen grains underwent plasmolysis prior to releasing their contents.
(D)The pollen grains underwent shrinking before they ruptured and released their contents.
",(B),"Let’s reason through this step by step.  

The theory says:  
1. Pollen grains (5 µm) normally too large to enter airways.  
2. During a thunderstorm, they are exposed to water (rain/humidity).  
3. Osmotic shock occurs → release of starch granules.  
4. Starch granules are small enough to enter lower airways and trigger asthma.  

**Osmotic shock** in this context means water enters the pollen grain, causing it to swell and perhaps rupture, releasing small starch granules.  

For water to enter the cell (pollen grain) by osmosis:  
- The interior must have a higher solute concentration than the outside environment.  
- That means the interior is **hypertonic** relative to the outside (which is hypotonic relative to the inside).  
- Higher solute concentration → higher osmotic pressure inside.  

Now check the options:  

**(A)** “Interior of the pollen grains was hypotonic compared to the surrounding environment.”  
- False. If interior were hypotonic, water would leave the cell, not enter.  

**(B)** “The interior of the pollen grains had a higher osmotic pressure than did the surrounding environment.”  
- True. That’s exactly why water moves in, causing swelling/rupture.  

**(C)** “The pollen grains underwent plasmolysis prior to releasing their contents.”  
- False. Plasmolysis is water leaving the cell, causing shrinkage — opposite of what’s described.  

**(D)** “The pollen grains underwent shrinking before they ruptured and released their contents.”  
- False. Shrinking would occur if water left; here water enters, so swelling, not shrinking, happens before rupture.  

Correct answer: **(B)**  

Final answer: (B)",(A),(B),False,option_letter,,cot_zs,college_biology,1
90,"Hybrids between some related species of plants are sterile because the parent plants had different chromosome numbers. Occasionally the chromosome number of such a hybrid plant doubles spontaneously. Which of the following best describes the descendants of those plants with the double chromosome number?

Options:
(A)The plant with the double chromosome number would be genetically defective and have no descendants.
(B)The descendants would be at a selective advantage because of the increased ability to introgress.
(C)The descendants would be reproductively successful because they could backcross with the parental species.
(D)The descendants would regain the ability to reproduce sexually because chromosomes could pair normally.
",(D),"Let’s reason through this step by step.  

1. **Initial hybrid sterility cause**: The hybrid is sterile because the parents had different chromosome numbers, so chromosomes cannot pair properly during meiosis.  
2. **Spontaneous chromosome doubling**: This produces an **allopolyploid** — now each chromosome has a homologous partner from the same parent species (within the hybrid’s doubled genome).  
3. **Effect on reproduction**: After doubling, meiosis can proceed normally because homologous chromosomes can pair, so the plant becomes fertile.  
4. **Reproductive isolation**: The polyploid plant generally cannot reproduce with either original parent species (due to different ploidy levels), but it can reproduce sexually with other individuals of the same polyploid type.  
5. **Option analysis**:  
   - (A) False — it’s not genetically defective; it’s fertile.  
   - (B) False — “introgress” means gene flow into another species, but polyploids are typically reproductively isolated from parents.  
   - (C) False — backcrossing with parental species is unlikely due to ploidy mismatch.  
   - (D) True — chromosome pairing is restored, so sexual reproduction is possible within the polyploid line.  

Final answer: (D)",(A),(D),False,option_letter,,cot_zs,college_biology,1
91,"Phalloidin is a toxin made by the death cap mushroom. The toxin binds to actin subunits and disrupts actin function. Which of the following structures would be most directly affected by phalloidin?

Options:
(A)Intermediate filaments
(B)Collagen fibers
(C)Microfilaments
(D)Microtubules
",(C),"Phalloidin binds specifically to actin subunits, and actin is the main component of microfilaments in the cytoskeleton.  
Intermediate filaments are made of different proteins (e.g., keratin, vimentin).  
Collagen fibers are part of the extracellular matrix.  
Microtubules are composed of tubulin, not actin.  

Thus, microfilaments are the most directly affected.  

Final answer: (C)",(C),(C),True,option_letter,,cot_zs,college_biology,1
92,"Hardy-Weinberg equilibrium generally assumes all of the following EXCEPT

Options:
(A)a large population
(B)genetic drift
(C)random mating
(D)absence of selection
",(B),"Let’s break this down.  

The Hardy–Weinberg equilibrium describes a theoretical situation in which allele and genotype frequencies remain constant from generation to generation in the absence of evolutionary influences.  

The assumptions include:  
1. Large population size (to minimize random changes in allele frequencies → **A is assumed**)  
2. Random mating (**C is assumed**)  
3. No natural selection (**D is assumed**)  
4. No gene flow (migration)  
5. No mutation  

Genetic drift is the change in allele frequencies due to random sampling effects in finite populations.  
Hardy–Weinberg assumes **no genetic drift**, so **B is the one that is NOT assumed** — in fact, it’s the opposite: absence of genetic drift is assumed.  

Thus, the EXCEPT answer is **B**.  

Final answer: (B)",(B),(B),True,option_letter,,cot_zs,college_biology,1
93,"Which of the following statements about fungi is NOT true?

Options:
(A)They all are eukaryotic.
(B)They all have rigid cell walls.
(C)Most are filamentous.
(D)Some are photosynthetic.
",(D),"Let’s evaluate each option step by step.  

- **(A) They all are eukaryotic.**  
  True — fungi are eukaryotes.  

- **(B) They all have rigid cell walls.**  
  True — fungal cell walls contain chitin, providing rigidity.  

- **(C) Most are filamentous.**  
  True — most fungi grow as multicellular filaments called hyphae, forming a mycelium.  

- **(D) Some are photosynthetic.**  
  False — fungi are heterotrophic; they do not perform photosynthesis.  

The statement that is **NOT true** is (D).  

Final answer: (D)",(D),(D),True,option_letter,,cot_zs,college_biology,1
94,"Which of the following is encoded by the src oncogene and catalyzes the specific addition of phosphate groups to cellular proteins?

Options:
(A)Protein phosphatase
(B)Adenylate cyclase
(C)G protein-linked receptor
(D)Tyrosine kinase
",(D),"The src oncogene encodes a protein that is a tyrosine kinase.  
Tyrosine kinases catalyze the phosphorylation of tyrosine residues in proteins, which is a key mechanism in signal transduction and can contribute to oncogenesis when dysregulated.  

- (A) Protein phosphatase removes phosphate groups, not adds them.  
- (B) Adenylate cyclase produces cAMP, not phosphorylates proteins.  
- (C) G protein-linked receptor is a membrane receptor, not a kinase.  
- (D) Tyrosine kinase matches the description: adds phosphate groups specifically to tyrosine residues in proteins.  

Final answer: (D)",(D),(D),True,option_letter,,cot_zs,college_biology,1
95,"Both C4 and CAM plants employ physiological and biochemical strategies to reduce photorespiration. Which of the following is an accurate comparison of the two strategies?

Options:
(A)C4 plants fix CO2 as the 4-carbon acid oxaloacetate, while CAM plants fix CO2 as the 5-carbon acid ribulose 1, 5-bisphosphate.
(B)C4 plants fix CO2 in the mesophyll but carry out the Calvin cycle in the bundle sheath, while CAM plants fix CO2 and carry out the Calvin cycle in the mesophyll.
(C)C4 plants fix CO2 in the bundle sheath but carry out the Calvin cycle in the mesophyll, while CAM plants fix CO2 and carry out the Calvin cycle in the bundle sheath.
(D)C4 plants store CO2 as phosphoglycolate, while CAM plants store CO2 as oxaloacetate.
",(B),"Let’s break this down.  

**Step 1 – Recall C4 photosynthesis basics**  
C4 plants initially fix CO₂ into oxaloacetate (a 4C acid) in mesophyll cells, then transport it as malate or aspartate to bundle sheath cells, where the Calvin cycle occurs. This spatial separation reduces photorespiration.  

**Step 2 – Recall CAM photosynthesis basics**  
CAM plants fix CO₂ into oxaloacetate at night (via PEP carboxylase) and store malate in vacuoles. During the day, they release CO₂ for the Calvin cycle in the same cells (mesophyll). This is a temporal separation, not spatial.  

**Step 3 – Evaluate each option**  

**(A)** – Incorrect. CAM plants also initially fix CO₂ into oxaloacetate (4C), not into RuBP (RuBP is used in Calvin cycle, not initial fixation).  

**(B)** – Correct. C4: initial fixation in mesophyll, Calvin cycle in bundle sheath. CAM: both fixation and Calvin cycle occur in mesophyll (but at different times).  

**(C)** – Incorrect. Reverses the C4 locations; C4 does not fix CO₂ in bundle sheath initially.  

**(D)** – Incorrect. Phosphoglycolate is a photorespiration intermediate, not a stored form of CO₂; CAM plants store CO₂ as malate, not oxaloacetate.  

**Step 4 – Conclusion**  
Only (B) accurately describes the comparison.  

Final answer: (B)",(A),(B),False,option_letter,,cot_zs,college_biology,1
96,"Which of the following depicts the correct sequence of membranes of the chloroplast, beginning with the innermost membrane and ending with the outermost membrane?

Options:
(A)Thylakoid membrane, inner membrane, outer membrane
(B)Inner membrane, outer membrane, thylakoid membrane
(C)Outer membrane, inner membrane, thylakoid membrane
(D)Strama, outer membrane, inner membrane
",(A),"Let’s think through the chloroplast membrane structure.  

The chloroplast has:  
1. **Innermost membrane system** — thylakoid membrane (surrounds thylakoid lumen).  
2. Around the thylakoids is the **stroma** (fluid, not a membrane).  
3. Surrounding the stroma is the **inner membrane** of the chloroplast envelope.  
4. Outside that is the **outer membrane** of the chloroplast envelope.  

So from innermost to outermost:  
Thylakoid membrane → Inner membrane → Outer membrane.  

That matches option (A).  

Final answer: (A)",(A),(A),True,option_letter,,cot_zs,college_biology,1
97,"Antibiotics that affect bacterial cells interfere with all of the following EXCEPT

Options:
(A)peptidoglycan synthesis
(B)protein synthesis
(C)DNA synthesis
(D)reverse transcriptase
",(D),"Antibiotics that target bacterial cells typically interfere with processes unique to prokaryotes or essential bacterial functions, such as peptidoglycan synthesis (e.g., penicillins), protein synthesis (e.g., tetracyclines), and DNA synthesis (e.g., fluoroquinolones). Reverse transcriptase, however, is an enzyme used by certain viruses (like retroviruses) to convert RNA into DNA, and it is not present in bacterial cells. Antibiotics do not target reverse transcriptase; instead, antiviral drugs do.  

Final answer: (D)",(D),(D),True,option_letter,,cot_zs,college_biology,1
98,"The polytene chromosomes seen in Drosophila silvarentis with the aid of a light microscope are

Options:
(A)not actively carrying out transcription
(B)produced only during mitosis
(C)produced by repeated rounds of DNA replication followed by nuclear division
(D)multiple copies of a single chromosome
",(D),"Polytene chromosomes are formed by repeated rounds of DNA replication without separation of the chromatids, resulting in many parallel DNA strands aligned together.  
They are visible under a light microscope in certain tissues like salivary glands of Drosophila, and they are actively involved in transcription (puff sites indicate active gene expression).  
They are not produced during mitosis but during interphase, and they represent multiple copies of homologous chromosomes paired together, not just a single chromosome.  

The correct option is that they are produced by repeated rounds of DNA replication without nuclear division.  

Final answer: (C)",(C),(D),False,option_letter,,cot_zs,college_biology,1
99,"Which of the following agents will induce polyploidy in a dividing eukaryote?

Options:
(A)Penicillin
(B)Colchicine
(C)Tetracycline
(D)Puromycin
",(B),"Polyploidy refers to having more than two sets of chromosomes.  
Colchicine is known to inhibit microtubule polymerization by binding to tubulin, which prevents spindle formation during mitosis.  
Without a spindle, chromosomes cannot segregate into daughter cells, but DNA replication can still occur, leading to polyploid cells.  
Penicillin is an antibiotic targeting bacterial cell walls.  
Tetracycline inhibits bacterial protein synthesis.  
Puromycin inhibits protein synthesis in both prokaryotes and eukaryotes by causing premature chain termination.  
Only colchicine directly affects the mitotic spindle to induce polyploidy.  

Final answer: (B)",(B),(B),True,option_letter,,cot_zs,college_biology,1
100,"Which of the following statements about mitochondria and chloroplasts is generally true?

Options:
(A)Plants have chloroplasts but no mitochondria; animals have mitochondria but no chloroplasts.
(B)Plants have chloroplasts but no mitochondria; fungi have mitochondria but no chloroplasts.
(C)Plants and fungi have chloroplasts but no mitochondria; animals have only mitochondria.
(D)Plants have both chloroplasts and mitochondria; animals and fungi have only mitochondria.
",(D),"Let’s reason through each option:  

- **Option A**: Says plants have chloroplasts but no mitochondria. This is false — plants have both mitochondria and chloroplasts.  
- **Option B**: Says plants have chloroplasts but no mitochondria. Again, false — plants do have mitochondria.  
- **Option C**: Says plants and fungi have chloroplasts but no mitochondria. False — fungi don’t have chloroplasts, and plants do have mitochondria.  
- **Option D**: Says plants have both chloroplasts and mitochondria; animals and fungi have only mitochondria. This is correct — animals and fungi lack chloroplasts but have mitochondria; plants have both organelles.  

Final answer: (D)",(D),(D),True,option_letter,,cot_zs,college_biology,1
101,"How do cyanobacteria differ from green unicellular algae?

Options:
(A)Cyanobacteria reduce sulfur compounds.
(B)Cyanobacteria lack cell walls.
(C)Cyanobacteria have no nuclei.
(D)Green algae produce cell membranes.
",(C),"Cyanobacteria are prokaryotes, meaning they lack membrane-bound organelles, including a nucleus. Green unicellular algae are eukaryotes and do have a nucleus.  
- (A) is incorrect because both can reduce sulfur compounds under certain conditions, not a defining difference.  
- (B) is incorrect because cyanobacteria have cell walls (containing peptidoglycan).  
- (C) is correct — cyanobacteria have no true nuclei.  
- (D) is incorrect because both produce cell membranes; this is not a distinguishing feature.  

Final answer: (C)",(C),(C),True,option_letter,,cot_zs,college_biology,1
102,"Stabilization of the unique coiled structure of an alpha helix in a protein is primarily attributed to (A) hydrogen bonding between the peptide backbone atoms

Options:
(A)hydrogen bonding between the peptide backbone atoms
(B)disulfide bridges between cysteine side chains
(C)carbohydrate moieties attached to polar amino acids
(D)peptide linkages that covalently bond amino acids
",(A),"The alpha helix is a secondary structure in proteins where the polypeptide chain forms a helical shape.  
The key stabilizing interactions in an alpha helix are hydrogen bonds between the carbonyl oxygen of one amino acid residue and the amide hydrogen of another residue four positions ahead in the sequence.  
These hydrogen bonds occur between atoms of the peptide backbone, not side chains.  

- (B) Disulfide bridges stabilize tertiary structure, not specifically alpha helices.  
- (C) Carbohydrate moieties are involved in glycosylation and affect protein function/location, not alpha helix stability.  
- (D) Peptide linkages form the protein backbone but do not provide the specific intra-helix stabilization — they are covalent bonds between amino acids, not responsible for the helix’s coiled shape.  

Thus, the correct choice is (A).  

Final answer: (A)",(A),(A),True,option_letter,,cot_zs,college_biology,1
103,"The target of digestion of a nucleosome dimer to nucleosome monomers by DNase is

Options:
(A)the H1 histone
(B)histones H2A, H2B, H3, and H4
(C)the nucleosome core
(D)linker DNA
",(D),"Nucleosomes consist of a histone octamer (two copies each of H2A, H2B, H3, and H4) wrapped by DNA, with linker DNA connecting adjacent nucleosomes.  
DNase (deoxyribonuclease) cleaves DNA, not proteins like histones.  
When a nucleosome dimer is digested into monomers, the enzyme cuts the linker DNA between them, not the core DNA tightly bound to histones.  
Thus, the target is the linker DNA.  

Final answer: (D)",(D),(D),True,option_letter,,cot_zs,college_biology,1
104,"A prokaryote that is thermophilic and methanogenic and has isoprenylglycerol ethers in its membrane instead of phospholipids is most likely

Options:
(A)a proteobacterium
(B)a spirochete
(C)a member of the genus Chlamydia
(D)an archaeon
",(D),"Let’s break this down:  

1. **Thermophilic** — grows at high temperatures.  
2. **Methanogenic** — produces methane as a metabolic byproduct.  
3. **Isoprenylglycerol ethers in membrane** — this is a hallmark of Archaea (bacteria have ester-linked phospholipids; archaea have ether-linked isoprenoid chains).  
4. **Prokaryote** — could be archaea or bacteria, but the membrane chemistry points to archaea.  

Methanogenesis is common in certain archaea, not in bacteria. Thermophilic, methanogenic, and ether-linked membranes together strongly indicate **Archaea**.  

Final answer: (D)",(D),(D),True,option_letter,,cot_zs,college_biology,1
105,"All of the following environmental conditions increase the rate of transpiration from plants EXCEPT

Options:
(A)high temperature
(B)high relative humidity
(C)low relative humidity
(D)wind
",(B),"Let’s reason through this step by step.  

Transpiration increases when:  
- **High temperature** → increases evaporation rate → increases transpiration.  
- **Low relative humidity** → increases the water vapor gradient from leaf to air → increases transpiration.  
- **Wind** → removes humid air near the leaf surface, maintaining a steep vapor gradient → increases transpiration.  

**High relative humidity** means the air already has a lot of moisture, so the water vapor gradient from leaf to air is reduced → transpiration decreases, not increases.  

Thus, the condition that does **NOT** increase transpiration is **high relative humidity**.  

Final answer: (B)",(B),(B),True,option_letter,,cot_zs,college_biology,1
106,"Which of the following statements about embryonic cleavage is NOT true?

Options:
(A)The presence of yolk inhibits cleavage.
(B)Telolecithal eggs undergo meroblastic cleavage.
(C)The vegetal pole undergoes cleavage more readily than does the animal pole
(D)The rapid mitotic divisions of cleavage directly give rise to blastomeres.
",(C),"Let’s go through each option step by step.  

**(A)** *The presence of yolk inhibits cleavage.*  
True — yolk is relatively inert and slows down cell division where it is concentrated.  

**(B)** *Telolecithal eggs undergo meroblastic cleavage.*  
True — telolecithal eggs have a large amount of yolk concentrated at one end, leading to incomplete (meroblastic) cleavage.  

**(C)** *The vegetal pole undergoes cleavage more readily than does the animal pole.*  
False — the vegetal pole has more yolk, so cleavage is slower there compared to the animal pole.  

**(D)** *The rapid mitotic divisions of cleavage directly give rise to blastomeres.*  
True — cleavage is rapid mitotic division producing smaller cells called blastomeres.  

The statement that is **NOT true** is (C).  

Final answer: (C)",(D),(C),False,option_letter,,cot_zs,college_biology,1
107,"In eukaryotic photosynthetic cells, which of the following occurs when electrons flow cyclically through the electron transport chain associated with photosystem I?

Options:
(A)Synthesis of ATP
(B)Reduction of NADP+ to NADPH
(C)Release of O2
(D)Reduction of CO2 to sugar
",(A),"Let’s reason through this step by step.  

1. **Electron flow in photosynthesis** —  
   - **Non-cyclic electron flow** involves both photosystem II (PSII) and photosystem I (PSI), moves electrons from water to NADP+, producing ATP, NADPH, and O₂.  
   - **Cyclic electron flow** uses only PSI and the cytochrome b₆f complex; electrons excited in PSI return to the plastoquinone pool and back through the chain instead of going to NADP⁺.  

2. **What cyclic electron flow accomplishes** —  
   - No NADP⁺ reduction occurs because electrons are not passed to ferredoxin-NADP⁺ reductase.  
   - No O₂ release because water is not split (PSII not involved).  
   - No CO₂ reduction directly — that’s the Calvin cycle, which needs NADPH and ATP.  
   - Protons are pumped into the thylakoid lumen, creating a proton gradient that drives **ATP synthesis** (photophosphorylation).  

3. **Conclusion** —  
   Cyclic electron flow’s main role is to generate extra ATP without producing NADPH.  

Final answer: (A)",(A),(A),True,option_letter,,cot_zs,college_biology,1
108,"Many marine birds drink seawater yet maintain their internal osmolarity at a constant level that is hypoosmotic to seawater. Which of the following physiological strategies best explains how the birds maintain their tissue osmolarity?

Options:
(A)Marine birds absorb water from the environment through specialized salt-exchange glands and produce large volumes of dilute urine in the kidneys.
(B)Marine birds absorb salts from the environment through specialized salt-exchange glands and produce large volumes of concentrated urine in the kidneys.
(C)Marine birds excrete salts through specialized salt-exchange glands and excrete small volumes of urine.
(D)Marine birds excrete salts and nitrogenous wastes through specialized nasal glands.
",(C),"Let’s reason through this.  

Seawater is hyperosmotic to the birds’ internal fluids, so drinking it introduces excess salt. To maintain hypoosmotic internal osmolarity, birds must excrete salt without losing too much water.  

- (A) says they *absorb* water through salt-exchange glands — that’s incorrect; salt glands *excrete* salt.  
- (B) says they *absorb* salts through salt glands — opposite of what’s needed.  
- (C) says they *excrete salts* through salt glands and produce small volumes of urine — this fits: salt glands remove NaCl, kidneys conserve water by producing small volumes of concentrated urine (though urine may not be highly concentrated in birds compared to mammals, but the point is they don’t lose much water).  
- (D) mentions excreting salts *and nitrogenous wastes* through nasal glands — but nitrogenous wastes are mainly handled by kidneys, not salt glands.  

The established physiology: marine birds have salt glands (usually nasal or near eyes) that excrete concentrated salt solution, and their kidneys produce small volumes of urine to conserve water.  

That matches (C).  

Final answer: (C)",(A),(C),False,option_letter,,cot_zs,college_biology,1
109,"A species of small rodent eats seeds from only one species of pine. In normal years, a pair of these rodents will have a litter of two or three. It is unusual for small rodents to have such small litter sizes. The rodents are most likely to exhibit which other characteristic?

Options:
(A)Moderate sexual size dimorphism
(B)High parental investment
(C)Precocial young
(D)Frequent extrapair matings
",(B),"Let’s reason through this.  

The rodent eats seeds from only one species of pine — that’s a specialized diet.  
In normal years, they have small litters (2–3), which is unusual for small rodents (which usually have large litters).  
Small litter size often correlates with **high parental investment per offspring** because parents can devote more resources and care to fewer young.  

Other options:  
- (A) Moderate sexual size dimorphism — not necessarily linked to small litter size or diet specialization.  
- (B) High parental investment — fits with small litter size.  
- (C) Precocial young — means relatively mature and mobile at birth; common in prey species but not necessarily linked to small litter size in rodents; altricial young are more common in rodents.  
- (D) Frequent extrapair matings — more common in species where males benefit from multiple matings; not clearly tied to small litter size.  

Thus, the most likely other characteristic is **high parental investment**.  

Final answer: (B)",(A),(B),False,option_letter,,cot_zs,college_biology,1
110,"Which of the following sources makes the greatest contribution to the dry mass of organic matter that comprises an oak tree?

Options:
(A)Organic molecules from decaying matter in the soil that are taken up by the roots
(B)Mineral nutrients dissolved in groundwater that are taken up by the roots
(C)Water that is taken up by the roots and carbon dioxide from the air
(D)Endosperm located in the cotyledons of the acorn
",(C),"Let’s reason through this.  

The dry mass of a plant comes mainly from organic compounds (carbohydrates, proteins, lipids, nucleic acids), which are built from carbon, hydrogen, oxygen, nitrogen, etc.  

- (A) Organic molecules from decaying matter in the soil: While some plants can absorb simple organic molecules, most of a plant’s carbon comes from photosynthesis, not from soil organic matter.  
- (B) Mineral nutrients dissolved in groundwater: These provide nitrogen, phosphorus, potassium, etc., but not the bulk carbon that makes up most of the dry mass.  
- (C) Water taken up by roots and CO₂ from the air: CO₂ is fixed via photosynthesis into glucose and other organic molecules — this is the primary source of carbon, which is the main element in dry mass. Water contributes hydrogen and oxygen but not dry mass weight.  
- (D) Endosperm in the acorn: This provides initial nutrition for the seedling, but the mature oak tree’s mass comes from decades of photosynthesis, not the seed’s stored material.  

The greatest contribution to dry mass comes from carbon fixed from CO₂ in the air.  

Final answer: (C)",(A),(C),False,option_letter,,cot_zs,college_biology,1
111,"Which of the following must be true in order for evolution to have occurred?

Options:
(A)The frequencies of some alleles in a population's gene pool has changed over successive generations.
(B)The frequencies of some alleles in a population's gene pool has changed during the organisms' lifetimes.
(C)The frequencies of each allele in a population's gene pool has remained constant over successive generations.
(D)The frequencies of each allele in an organism's genotype has remained constant within the organism's lifetime.
",(A),"Evolution is defined as a change in allele frequencies in a population’s gene pool over successive generations.  
- (A) matches this definition — some alleles change in frequency across generations.  
- (B) is incorrect because evolution occurs across generations, not within an organism’s lifetime.  
- (C) is the opposite of evolution — it describes no change.  
- (D) refers to an individual’s genotype, not the population’s gene pool, and constancy within a lifetime is unrelated to evolution.  

Final answer: (A)",(B),(A),False,option_letter,,cot_zs,college_biology,1
112,"From an evolutionary perspective, the optimality theory as applied to a given trait is best represented by the idea that

Options:
(A)if the benefits gained from the trait exceed the cost of the trait to the animal performing them, that trait will persist in the genome
(B)if the trait reaps the best return for the cost relative to alternative forms of the trait, that trait will win out over the alternative forms
(C)beneficial traits are always worth the cost to the organism in energy and physiology, so those traits will persist in the genome
(D)the relative fitness of an organism must be improved due to a specific trait in order for the trait to remain in a population's gene pool
",(B),"Optimality theory in evolutionary biology suggests that traits evolve to maximize net benefits when considering trade-offs, such as costs versus benefits.  
- (A) focuses on benefits exceeding costs, but doesn't explicitly compare with alternative trait forms.  
- (B) emphasizes that the trait provides the best return for the cost *relative to alternatives*, which aligns with the idea of optimality — traits are optimized among possible variants.  
- (C) is too absolute (""always worth the cost"") and ignores trade-offs and constraints.  
- (D) ties the trait to relative fitness, which is true in a general evolutionary sense, but optimality theory specifically compares alternative forms to find the best cost-benefit outcome.  

The phrasing in (B) best captures the comparative aspect central to optimality theory.  

Final answer: (B)",(D),(B),False,option_letter,,cot_zs,college_biology,1
113,"In the presence of alcohol dehydrogenase, the rate of reduction of acetaldehyde to ethanol increases as the concentration of acetaldehyde is increased. Eventually, the rate of the reaction reaches a maximum, after which point further increases in the concentration of acetaldehyde have no effect. Which of the following is true at the maximal rate of reaction?

Options:
(A)Nearly all of the enzyme molecules are interacting with acetaldehyde molecules.
(B)The activation energy of the reaction decreases.
(C)The change in free energy of the reaction decreases.
(D)The enzyme is no longer specific for acetaldehyde.
",(A),"Let’s reason through this.  

The question describes a situation where increasing substrate (acetaldehyde) concentration increases the reaction rate until a maximum is reached — this is characteristic of enzyme saturation, as described by Michaelis–Menten kinetics.  

At the maximum rate (\(V_{\text{max}}\)), the enzyme’s active sites are fully occupied with substrate, so further increases in substrate concentration do not increase the rate.  

- (A) “Nearly all of the enzyme molecules are interacting with acetaldehyde molecules” — this matches the definition of enzyme saturation at \(V_{\text{max}}\).  
- (B) “The activation energy of the reaction decreases” — activation energy is lowered by the enzyme, but it doesn’t change with substrate concentration; incorrect.  
- (C) “The change in free energy of the reaction decreases” — ΔG is a thermodynamic constant for the reaction under given conditions; it doesn’t change with saturation; incorrect.  
- (D) “The enzyme is no longer specific for acetaldehyde” — enzyme specificity is not lost at high substrate concentration; incorrect.  

Thus, the correct choice is (A).  

Final answer: (A)",(A),(A),True,option_letter,,cot_zs,college_biology,1
114,"Which of the following best explains how mutations in DNA can result in the expression of a new phenotype?

Options:
(A)A different polypeptide is produced.
(B)The polarity of tRNA becomes the opposite of that of DNA.
(C)Nucleic acids are methylated.
(D)The gene is now read in the 3′ to 5′ direction.
",(A),"Mutations in DNA can alter the nucleotide sequence, which may change the codon in mRNA during transcription.  
If a codon changes, a different amino acid might be incorporated during translation, potentially altering the protein’s structure and function.  
This altered protein could lead to a new observable trait, or phenotype.  

The other options are incorrect:  
- (B) tRNA polarity does not reverse relative to DNA; tRNA anticodons pair with mRNA codons in a complementary manner.  
- (C) Methylation affects gene expression but is not the direct mechanism by which most mutations cause new phenotypes.  
- (D) Genes are transcribed 5′ to 3′; direction does not reverse due to mutation.  

Final answer: (A)",(A),(A),True,option_letter,,cot_zs,college_biology,1
115,"A competitive inhibitor of an enzyme exerts its effect by

Options:
(A)irreversibly forming covalent links with the enzyme, effectively preventing the enzyme's dissociation from it
(B)irreversibly modifying some of the amino acid residues that help to comprise the enzyme's active site
(C)competing with the substrate molecule for the same enzyme but a different binding site than the substrate binding site
(D)reversibly decreasing the number of enzyme molecules that are available to bind substrates
",(D),"A competitive inhibitor binds to the active site of an enzyme, directly competing with the substrate for that site.  
This binding is reversible, so it reduces the number of enzyme molecules available to bind substrate at any given moment without permanently altering the enzyme.  

Looking at the options:  
- (A) describes irreversible covalent binding — that’s more like an inactivator, not a competitive inhibitor.  
- (B) also describes irreversible modification — again, not competitive inhibition.  
- (C) says it binds to a different binding site — that would be noncompetitive or allosteric inhibition, not competitive.  
- (D) matches: reversible decrease in enzyme available to bind substrate — yes, because the inhibitor blocks the active site reversibly.  

Final answer: (D)",(A),(D),False,option_letter,,cot_zs,college_biology,1
116,"The ability of the brain to detect differences in stimulus intensity is best explained by the fact that which of the following varies with the stimulus intensity?

Options:
(A)The amplitude of the action potential
(B)The threshold potential
(C)The number of action potentials per second
(D)The number of synapses crossed
",(C),"The brain detects differences in stimulus intensity through the frequency of action potentials — stronger stimuli cause neurons to fire more action potentials per unit time, not larger amplitude action potentials (which are all-or-none events).  
Threshold potential is generally constant for a given neuron, and the number of synapses crossed is not the primary coding mechanism for intensity.  

Final answer: (C)",(C),(C),True,option_letter,,cot_zs,college_biology,1
117,"Which of the following is the best explanation for why net primary productivity in terrestrial ecosystems tends to increase toward the tropics?

Options:
(A)The higher species diversity in the tropics tends to increase plant growth.
(B)There are lower metabolic costs to plant growth in the tropics.
(C)The availability of water and warm temperatures in the tropics fosters photosynthesis.
(D)The tropics have more predators that minimize herbivory.
",(C),"Net primary productivity (NPP) is largely determined by factors that affect photosynthesis, such as temperature, light, and water availability.  
In tropical regions, temperatures are consistently warm, sunlight is abundant year-round, and rainfall is generally high.  
These conditions allow plants to photosynthesize more efficiently and for longer periods compared to temperate or polar regions.  

- (A) Species diversity may correlate with productivity but is not the primary cause; high NPP can occur without high diversity.  
- (B) Metabolic costs are not necessarily lower; respiration rates can be higher in warmer climates, but the gross primary productivity still outweighs this.  
- (C) Directly addresses water availability and warm temperatures, which are key drivers of photosynthesis and thus NPP.  
- (D) Predators reducing herbivory might affect NPP indirectly, but this is minor compared to climatic factors.  

The best explanation is the direct effect of climate on photosynthesis.  

Final answer: (C)",(D),(C),False,option_letter,,cot_zs,college_biology,1
118,"Proteins were shown to move about in a plane of the plasma membrane when mouse cellsurface proteins and human cell-surface proteins were observed to integrate along a fused mouse-human cell plasma membrane. Which of the following cell culture techniques was most likely employed in order to yield these results?

Options:
(A)Producing a heterokaryon
(B)Producing a hybrid cell
(C)Isolating an immortal variant cell from culture and using it to create a cell line
(D)Inserting a tumor-inducing virus into a normal cell to initiate transformation
",(A),"Let’s break this down:  

1. The experiment describes **mouse** and **human cell-surface proteins** integrating along a **fused mouse–human cell plasma membrane**.  
2. This implies that two different cells were fused into one, but their nuclei remained separate initially — because the proteins from both species mixed in the membrane.  
3. A **heterokaryon** is a cell with two or more nuclei from different species, formed by cell fusion without immediate nuclear fusion.  
4. A **hybrid cell** (option B) usually refers to a hybridoma or a synkaryon where nuclei eventually fuse — but here, the observation is right after fusion, before nuclei fuse, so heterokaryon fits.  
5. The classic experiment described is from Frye and Edidin (1970), where they fused mouse and human cells to form a heterokaryon and watched the membrane proteins intermix, demonstrating membrane fluidity.  

Thus, the technique used was **producing a heterokaryon**.  

Final answer: (A)",(A),(A),True,option_letter,,cot_zs,college_biology,1
119,"Gene flow between populations results in

Options:
(A)an increase in genetic homogeneity in the metapopulation
(B)an increase in the rate of deleterious mutations in the metapopulation
(C)an increased likelihood of speciation
(D)disruption of Hardy-Weinberg equilibrium in the metapopulation
",(A),"Gene flow refers to the transfer of genetic material between populations, often through migration and interbreeding.  
- (A) Increased genetic homogeneity: Yes — gene flow reduces genetic differences between populations, making the overall metapopulation more genetically similar.  
- (B) Increased deleterious mutations: Not necessarily — gene flow can introduce or remove deleterious alleles, but it’s not the primary or guaranteed outcome.  
- (C) Increased likelihood of speciation: No — gene flow generally opposes speciation by keeping populations genetically connected.  
- (D) Disruption of Hardy-Weinberg equilibrium: Gene flow is one of the mechanisms that can disrupt Hardy-Weinberg assumptions, but the question asks for the main result, and increased homogeneity is the most direct and general outcome.  

The best answer is that gene flow increases genetic homogeneity in the metapopulation.  

Final answer: (A)",(A),(A),True,option_letter,,cot_zs,college_biology,1
120,"A subunit of DNA and protein consisting of 134-base-pair long stretches of DNA surrounding a protein octomer is called (a)

Options:
(A)histone
(B)chromatin
(C)nucleosome
(D)solenoid
",(C),"A nucleosome is the fundamental repeating unit of chromatin, consisting of a segment of DNA wound around a core of histone proteins.  
The structure described — 134-base-pair DNA stretches wrapped around a histone octamer — matches the nucleosome definition.  
Histones (A) are the proteins themselves, chromatin (B) is the larger DNA-protein complex, and a solenoid (D) is a higher-order coiling of nucleosomes.  

Final answer: (C)",(A),(C),False,option_letter,,cot_zs,college_biology,1
121,"Which of the following would be the most dependable environmental signal that a plant in a temperate ecosystem could use to initiate flowering at the correct time of the year?

Options:
(A)Circadian rhythm
(B)Photoperiod
(C)Changing air temperature
(D)Fluctuations in abscisic acid levels
",(B),"In a temperate ecosystem, seasonal changes are predictable, but air temperature can vary significantly from day to day or year to year, making it less reliable.  
Circadian rhythm regulates daily cycles, not seasonal timing.  
Abscisic acid fluctuations are more related to stress responses (like drought) rather than seasonal flowering signals.  
Photoperiod — the length of daylight — changes predictably with the seasons and is widely used by plants to trigger flowering at the appropriate time.  

Final answer: (B)",(B),(B),True,option_letter,,cot_zs,college_biology,1
122,"Mitochondria isolated and placed in a buffered solution with a low pH begin to manufacture ATP. Which of the following is the best explanation for the effect of low external pH?

Options:
(A)It increases the concentration of OH-, causing the mitochondria to pump H+ to the intermembrane space.
(B)It increases the OH- concentration in the mitochondria matrix.
(C)It increases the acid concentration in the mitochondria matrix.
(D)It increases diffusion of H+ from the intermembrane space to the matrix.
",(D),"Let’s reason through this.  

Mitochondria normally produce ATP using a proton gradient across the inner mitochondrial membrane: high proton concentration in the intermembrane space, low proton concentration in the matrix.  
ATP synthase allows protons to flow back into the matrix, driving ATP synthesis.  

If the external buffered solution has a low pH, that means a high concentration of H+ outside.  
Since the intermembrane space is topologically “external” (continuous with the external solution through outer membrane pores), a low external pH increases H+ concentration in the intermembrane space.  

This increases the proton gradient across the inner membrane (more H+ outside, fewer inside), so H+ diffuses into the matrix through ATP synthase, increasing ATP production.  

Looking at the options:  
- (A) says low pH increases OH– and causes pumping of H+ to intermembrane space — wrong, because low pH means high H+, not high OH–.  
- (B) says increases OH– in matrix — wrong, low external pH doesn’t directly increase OH– inside.  
- (C) says increases acid concentration in matrix — not correct, because the inner membrane is impermeable to protons; external low pH doesn’t directly acidify matrix.  
- (D) says increases diffusion of H+ from intermembrane space to matrix — yes, because the proton gradient is increased, so more H+ flows into matrix via ATP synthase.  

Final answer: (D)",(A),(D),False,option_letter,,cot_zs,college_biology,1
123,"An organism belonging to the nekton is which one of the following?

Options:
(A)Whale
(B)Barnacle
(C)Cyanobacterium
(D)Protist
",(A),"Let’s break this down:  

- **Nekton** refers to aquatic organisms that can swim and move independently of water currents, typically larger animals like fish, squid, marine mammals, and reptiles.  
- **Whale** — a marine mammal that actively swims → clearly nekton.  
- **Barnacle** — sessile crustacean, attached to surfaces → not nekton (it’s planktonic as a larva, but adult is benthic/sessile).  
- **Cyanobacterium** — tiny photosynthetic bacteria, drift with currents → plankton.  
- **Protist** — general term; many are microscopic and planktonic, not independent swimmers against currents.  

The only organism here that fits the nekton definition is the whale.  

Final answer: (A)",(A),(A),True,option_letter,,cot_zs,college_biology,1
124,"A behavioral response called a fixed action pattern shown by animals

Options:
(A)occurs the second time an animal is exposed to the correct stimulus at the appropriate time in its life
(B)occurs in the absence of sensory feedback
(C)is a motor response which once released may be terminated spontaneously
(D)is triggered by a number of sensory signals in the animal's environment
",(B),"A fixed action pattern is an innate, stereotyped behavior that is triggered by a specific stimulus (a sign stimulus or releaser) and, once initiated, runs to completion without requiring further sensory feedback.  

Let’s check each option:  

- (A) says it occurs the second time an animal is exposed — but fixed action patterns occur the first time the stimulus is encountered; no prior experience is needed. So this is incorrect.  
- (B) says it occurs in the absence of sensory feedback — this is correct because once triggered, the behavior continues even if the stimulus is removed.  
- (C) says it may be terminated spontaneously — but fixed action patterns usually go to completion; they are not typically stopped midway without the normal endpoint.  
- (D) says it is triggered by a number of sensory signals — but it’s usually triggered by one specific sign stimulus, not many different signals.  

Thus, the correct choice is (B).  

Final answer: (B)",(A),(B),False,option_letter,,cot_zs,college_biology,1
125,"Which of the following adaptations would limit pollination by bees and promote hummingbird pollination?

Options:
(A)Patterns of ultraviolet color on the petals
(B)Modified petals to provide a landing space
(C)Pendant (hanging) red-colored flowers
(D)Nectar with high sugar concentration produced in limited amounts
",(C),"Let’s reason through this step by step.  

Bees and hummingbirds have different pollination syndromes:  

- **Bees** are attracted to flowers with ultraviolet patterns (A), landing platforms (B), and moderate nectar amounts.  
- **Hummingbirds** are attracted to **red or orange tubular flowers** that hang down (C), making them hard for bees to access, and they produce abundant, high-sugar nectar (not limited amounts).  

Option (D) says “nectar with high sugar concentration produced in limited amounts” — but hummingbirds need a lot of nectar for energy, so limited nectar would not attract them well.  

The adaptation that **limits bees** and **promotes hummingbirds** is pendant red flowers (C), because bees don’t see red well and pendant tubular flowers are hard for them to land on and access.  

Final answer: (C)",(A),(C),False,option_letter,,cot_zs,college_biology,1
126,"Double fertilization is a unique feature of flowering plants. In this process, one sperm unites with the egg to yield a zygote. The second sperm unites with the polar nuclei to initiate the formation of the

Options:
(A)megagametophyte
(B)endodermis
(C)embryo
(D)endosperm
",(D),"Double fertilization in flowering plants involves one sperm fusing with the egg to form the zygote (which develops into the embryo), and the second sperm fusing with the two polar nuclei in the central cell of the megagametophyte to form the triploid endosperm.  
The endosperm provides nutrition for the developing embryo.  

Final answer: (D)",(D),(D),True,option_letter,,cot_zs,college_biology,1
127,"Mutation of homeotic cluster genes often results in which of the following developmental defects in Drosophila?

Options:
(A)Absence of a group of contiguous segments
(B)Transformation of one segment into another
(C)Polarity defects in every segment along the anterior-posterior axis
(D)Tumor formation in imaginal discs
",(B),"Homeotic genes are responsible for specifying segment identity along the anterior-posterior axis in Drosophila.  
Mutations in these genes cause one body segment to develop the identity of another segment (e.g., legs growing where antennae should be).  
This matches the description of transformation of one segment into another.  

Absence of contiguous segments (A) is more typical of gap gene mutations.  
Polarity defects in every segment (C) relate to segment polarity gene mutations.  
Tumor formation in imaginal discs (D) is not a primary effect of homeotic gene mutations.  

Final answer: (B)",(A),(B),False,option_letter,,cot_zs,college_biology,1
128,"Root pressure created by a plant's roots causes water to enter the roots by

Options:
(A)translocation
(B)adhesion
(C)osmosis
(D)capillary action
",(C),"Root pressure in plants is generated by the active transport of minerals into the root xylem, which lowers the water potential and draws water into the roots from the soil.  
This movement of water occurs across cell membranes, specifically through osmosis, because water moves from an area of higher water potential (soil) to an area of lower water potential (root xylem).  

- (A) Translocation refers to the movement of sugars in the phloem, not water uptake.  
- (B) Adhesion is the attraction between water molecules and other substances, which is involved in transpiration pull but not the main driver for root pressure.  
- (C) Osmosis is the diffusion of water across a selectively permeable membrane, which matches the process of water entry into roots due to root pressure.  
- (D) Capillary action is movement of water in narrow tubes due to adhesion and cohesion, but it is not the mechanism by which root pressure causes water to enter roots.  

Final answer: (C)",(A),(C),False,option_letter,,cot_zs,college_biology,1
129,"Cellular uptake of cholesterol occurs through internalization of low density lipoproteincholesterol complexes. Cholesterol uptake involves all of the following EXCEPT

Options:
(A)cell-surface receptors
(B)adhesion plaques
(C)endosome formation
(D)receptor-mediated endocytosis
",(B),"Let’s break this down:  

1. **Cellular uptake of cholesterol via LDL** is a well-studied process known as **receptor-mediated endocytosis**.  
2. Steps include:  
   - LDL binding to **cell-surface receptors** (A)  
   - Coated pit formation and internalization into **endosomes** (C)  
   - **Receptor-mediated endocytosis** as the overall process (D)  
3. **Adhesion plaques** (B) are structures involved in cell–matrix adhesion (focal adhesions), not in LDL-cholesterol uptake.  

Thus, the correct EXCEPT answer is **B**.  

Final answer: (B)",(C),(B),False,option_letter,,cot_zs,college_biology,1
130,"Two xylem plant cell types that provide support and conduct water and minerals are the

Options:
(A)collenchyma and sclerenchyma
(B)sieve tube members and companion cells
(C)tracheids and vessel elements
(D)vessel elements and companion cells
",(C),"Let’s break this down:  

- **Xylem** functions: transport of water and minerals, and structural support.  
- **Xylem cell types** include tracheids, vessel elements, fibers, and parenchyma.  
- **Collenchyma** and **sclerenchyma** are supporting tissues, but collenchyma is not part of xylem; it’s living and provides flexible support in young stems. Sclerenchyma fibers can be part of xylem, but sclerenchyma also occurs outside xylem.  
- **Sieve tube members and companion cells** are phloem, not xylem.  
- **Tracheids and vessel elements** are both xylem cells that conduct water and minerals and contribute to support.  
- **Vessel elements and companion cells** mixes xylem (vessel elements) with phloem (companion cells), so not correct.  

The only option listing two xylem cell types that conduct water/minerals and provide support is **tracheids and vessel elements**.  

Final answer: (C)",(C),(C),True,option_letter,,cot_zs,college_biology,1
131,"Which of the following statements about excretory organs is true?

Options:
(A)The kidneys of saltwater fishes produce urine hyperosmotic to their tissues.
(B)The kidneys of desert mammals produce urine that is hypoosmotic to the urine of freshwater fishes.
(C)Malpighian tubules allow insects to excrete waste through the exoskeleton.
(D)Juxtamedullary nephrons in the mammalian kidney allow the organism to produce hyperosmotic urine.
",(D),"Let’s evaluate each option step by step.  

**(A)** Saltwater fishes live in a hyperosmotic environment and tend to lose water and gain salts. Their kidneys produce urine that is **isosmotic or hypoosmotic** to their tissues, not hyperosmotic. So this is false.  

**(B)** Desert mammals produce highly concentrated urine (hyperosmotic to blood) to conserve water. Freshwater fishes produce very dilute urine (hypoosmotic to blood) because they need to excrete excess water. So desert mammal urine is **hyperosmotic** relative to freshwater fish urine, not hypoosmotic. This statement says the opposite, so false.  

**(C)** Malpighian tubules in insects empty into the digestive tract, and nitrogenous wastes are excreted through the anus, not directly through the exoskeleton. So false.  

**(D)** Juxtamedullary nephrons have long loops of Henle that extend deep into the medulla, creating a strong osmotic gradient in the kidney, allowing mammals to produce urine that is hyperosmotic to blood. This is correct.  

Final answer: (D)",(B),(D),False,option_letter,,cot_zs,college_biology,1
132,"Mimicry is a strategy that has evolved through natural selection to increase the fitness of organisms to their environment. Which of the following represents a form of Batesian mimicry?

Options:
(A)A type of millipede that is toxic to a toad is permanently avoided by the toad following the toad's initial attempt to consume it.
(B)A moth exhibits false eyes at its tail end in order to disorient predators.
(C)A moth exhibits nearly identical coloration to that of a stinging bee.
(D)A ground-nesting gull chick displays a coloration pattern that is nearly indistinguishable from its surroundings.
",(C),"Batesian mimicry involves a harmless species evolving to imitate the appearance of a harmful or unpalatable species to avoid predation.  

- (A) describes actual toxicity and learned avoidance, not mimicry.  
- (B) describes deflection markings (false eyespots), not Batesian mimicry.  
- (C) describes a harmless moth resembling a stinging bee — classic Batesian mimicry.  
- (D) describes camouflage (cryptic coloration), not mimicry of another species.  

Final answer: (C)",(C),(C),True,option_letter,,cot_zs,college_biology,1
133,"Keystone species are thought to have profound effects on the structure and composition of ecological communities because they

Options:
(A)tend to reduce diversity by eliminating food resources for other species
(B)provide the foundation for food webs
(C)are more abundant than most other species in their communities
(D)can prevent superior competitors from driving inferior competitors to local extinction
",(D),"Keystone species exert an influence on their community that is disproportionate to their abundance.  
They often maintain biodiversity by controlling populations of dominant competitors or prey, which allows other species to coexist.  
Option (A) is incorrect because keystone species generally increase, not reduce, diversity.  
Option (B) describes foundation species (like corals or trees), not necessarily keystone species.  
Option (C) is false — keystone species are often not the most abundant.  
Option (D) matches the classic definition: they can prevent competitive exclusion, thus maintaining species richness.  

Final answer: (D)",(D),(D),True,option_letter,,cot_zs,college_biology,1
134,"Which of the following is a reason that geneticists use mitochondrial DNA (mtDNA) to study the relatedness of animal populations?

Options:
(A)mtDNA mutates at a slower rate than nuclear DNA.
(B)mtDNA is passed from mother to child and is free from recombination that occurs between pairs of chromosomes.
(C)There are few single nucleotide polymorphisms in the hypervariable, noncoding regions.
(D)All mitochondrial proteins are coded for by mitochondrial genes.
",(B),"Mitochondrial DNA is maternally inherited and does not undergo recombination, unlike nuclear DNA, which makes it particularly useful for tracing maternal lineages and studying population relatedness without the complication of genetic shuffling.  

Final answer: (B)",(B),(B),True,option_letter,,cot_zs,college_biology,1
135,"A quote from a natural resources text states: ""Whenever the original ecosystem becomes restructured by man, it tends to become simplified, with a resultant disruption of the stabilizing influences of density-dependent regulatory factors."" This implies that in a disturbed ecosystem

Options:
(A)there exist large populations of a low number of species
(B)population levels of a species are kept at equilibrium through natural regulatory mechanisms
(C)a given prey organism is subject to higher predation rates by more diverse predators
(D)a given prey organism is less likely to undergo a population surge
",(A),"Let’s break this down.  

The quote says that when humans restructure an ecosystem, it becomes **simplified** and loses **density-dependent regulatory factors** that normally stabilize populations.  

- **Density-dependent factors** include competition, predation, parasitism — things that depend on population density and tend to keep populations in balance.  
- If these are disrupted, populations are no longer regulated as effectively by such factors.  
- This means populations can grow more easily without the usual checks — so a given prey organism is **more** likely to undergo a population surge, not less.  

Looking at the options:  

**(A)** ""large populations of a low number of species"" — This describes simplified ecosystems, but the question asks what the disruption of density-dependent factors implies specifically. This option describes the structure but not the direct implication about regulation.  

**(B)** This is the opposite — it describes an undisturbed ecosystem with equilibrium via natural regulatory mechanisms.  

**(C)** ""higher predation rates by more diverse predators"" — But the ecosystem is simplified, so predator diversity is reduced, not increased.  

**(D)** ""a given prey organism is less likely to undergo a population surge"" — No, with density-dependent factors disrupted, surges are **more** likely, so this is false.  

Actually, re-reading: If density-dependent regulation is disrupted, populations are **less** controlled, so a prey organism is **more** likely to surge. But the question says ""implies that in a disturbed ecosystem"" — and option (D) says ""less likely to undergo a population surge,"" which is wrong.  

So none of the options directly say ""more likely to surge,"" but the implication of disrupted density-dependent factors is that populations fluctuate more, and surges can happen.  

But let’s check (A) again: ""large populations of a low number of species"" — simplified ecosystems often have a few species that become very abundant because their natural controls are gone. That fits both the simplification and the loss of density-dependent regulation.  

Between (A) and (D), (D) is clearly false (it’s the opposite of the implication). (A) is consistent with the idea: simplified system → few species dominate in large numbers because regulation is disrupted.  

So the best answer is **(A)**.  

Final answer: (A)",(A),(A),True,option_letter,,cot_zs,college_biology,1
136,"A female fruit fly bearing linked genes that produce the phenotype gray body and normal wings mates with a male fruit fly of phenotype black body and vestigial wings. The presence of gray-bodied, vestigialwinged flies among the progeny is best explained by

Options:
(A)crossing over
(B)independent assortment
(C)segregation of alleles
(D)penetrance
",(A),"Let’s reason through this step by step.  

1. The female has **gray body** and **normal wings**, and these genes are **linked** — meaning they are on the same chromosome and normally inherited together.  
2. The male has **black body** and **vestigial wings** (likely homozygous recessive for both traits).  
3. Without recombination, the female would produce only two types of gametes if the genes were completely linked: gray-normal and black-vestigial (depending on parental chromosomes), but here the male is homozygous recessive so he contributes only recessive alleles.  
4. If the genes were completely linked, the offspring would only show the parental phenotypes: gray-normal and black-vestigial.  
5. However, the appearance of **gray body, vestigial wings** in the offspring means a recombinant phenotype occurred — the combination of gray (dominant) and vestigial (recessive) must come from a gamete from the female that had alleles recombined.  
6. This recombination happens because of **crossing over** during meiosis, which exchanges segments between homologous chromosomes and produces new allele combinations in linked genes.  

Thus, the best explanation is **crossing over**.  

Final answer: (A)",(A),(A),True,option_letter,,cot_zs,college_biology,1
137,"Which of the following active pools of carbon is the largest on Earth and contributes the most to carbon cycling?

Options:
(A)The atmosphere
(B)Rain-forest vegetation
(C)Recoverable fossil fuels
(D)The oceans
",(D),"Let’s reason through this step by step.  

1. The question asks for the largest *active* pool of carbon that contributes most to carbon cycling.  
2. ""Active"" means it exchanges carbon with other pools on relatively short timescales (years to centuries), so fossil fuels, though large, are not considered ""active"" in the short-term carbon cycle unless extracted and burned.  
3. Known carbon reservoir sizes (in gigatons of carbon, GtC):  
   - Atmosphere: ~750–850 GtC  
   - Rainforest vegetation: ~300–500 GtC  
   - Fossil fuels (recoverable): ~1000–5000 GtC (but mostly inactive in natural cycling)  
   - Oceans: ~38,000–40,000 GtC (most in deep ocean, but surface ocean actively exchanges with atmosphere)  
4. The ocean is by far the largest active pool in terms of both total carbon and annual exchange with other pools.  

Thus, the largest active pool contributing to carbon cycling is the oceans.  

Final answer: (D)",(D),(D),True,option_letter,,cot_zs,college_biology,1
138,"Charles Darwin's proposed conditions for natural selection encompass all of the following with regard to a given population EXCEPT

Options:
(A)inheritance of both ""fit"" and ""unfit"" genes
(B)differential survival and reproductive success
(C)competition for limited resources
(D)overproduction of offspring
",(A),"Let’s break this down.  

Darwin’s theory of natural selection requires:  

1. **Variation** in traits among individuals in a population.  
2. **Inheritance** of traits from parents to offspring.  
3. **Overproduction** of offspring leading to a struggle for existence (competition for limited resources).  
4. **Differential survival and reproduction** based on traits that confer an advantage in that environment.  

Looking at the options:  

- **(B)** *differential survival and reproductive success* — Yes, this is essential.  
- **(C)** *competition for limited resources* — Yes, this follows from overproduction.  
- **(D)** *overproduction of offspring* — Yes, this is part of Darwin’s reasoning.  

- **(A)** *inheritance of both ""fit"" and ""unfit"" genes* — Darwin didn’t know about genes, but he did know traits are inherited. However, natural selection acts on heritable variation; it doesn’t require that *both* “fit” and “unfit” genes be inherited — just that there is heritable variation. The phrase “inheritance of both ‘fit’ and ‘unfit’” is not a stated *condition* for natural selection; it’s just a consequence of variation and inheritance. More importantly, Darwin’s mechanism doesn’t depend on unfit genes being passed on — in fact, unfit traits tend to decrease over generations. So this is the one that is **not** a proposed condition for natural selection.  

Thus, the EXCEPT answer is (A).  

Final answer: (A)",(B),(A),False,option_letter,,cot_zs,college_biology,1
139,"Which of the following is a correct statement about the cohesion-tension theory for the ascent of water in the xylem?

Options:
(A)The evaporation of water from leaf mesophyll cells generates tension in the water column.
(B)Water moves from a source region with high hydrostatic pressure to a sink region with low hydrostatic pressure.
(C)The cohesion of water molecules is responsible for the formation of embolisms (air bubbles) in the water column.
(D)Living cells of the xylem provide the main conduit for an ascent of water.
",(A),"Let’s go through each option step by step.  

- **(A)** *The evaporation of water from leaf mesophyll cells generates tension in the water column.*  
  This is correct — transpiration from leaves creates negative pressure (tension) that pulls water upward through the xylem according to cohesion-tension theory.  

- **(B)** *Water moves from a source region with high hydrostatic pressure to a sink region with low hydrostatic pressure.*  
  This describes pressure-flow hypothesis for phloem transport, not xylem water ascent.  

- **(C)** *The cohesion of water molecules is responsible for the formation of embolisms (air bubbles) in the water column.*  
  Incorrect — cohesion helps maintain the water column; embolisms occur when the column breaks, often due to cavitation, not because of cohesion itself.  

- **(D)** *Living cells of the xylem provide the main conduit for an ascent of water.*  
  Incorrect — water moves through tracheids and vessel elements, which are dead at maturity.  

Thus, only **(A)** is consistent with cohesion-tension theory.  

Final answer: (A)",(B),(A),False,option_letter,,cot_zs,college_biology,1
140,"In fungi, cell walls are reinforced by which of the following?

Options:
(A)Chitin
(B)Silica
(C)Lignin
(D)Collagen fibers
",(A),"Fungi are eukaryotic organisms with cell walls that differ from those in plants. Plant cell walls are primarily made of cellulose, while fungal cell walls contain chitin, the same polysaccharide found in the exoskeletons of arthropods.  
Silica is found in the cell walls of diatoms, lignin is a key component in wood (plant cell walls), and collagen fibers are found in animal connective tissues, not fungi.  

Final answer: (A)",(A),(A),True,option_letter,,cot_zs,college_biology,1
141,"In plants, proton pumps are involved in the process of loading sugars into the phloem for transport. Which of the following is true about this process?

Options:
(A)It is passive.
(B)It depends on DNA.
(C)It requires ATP.
(D)It translocates starch.
",(C),"Let’s reason through this.  

Proton pumps use ATP to move protons (H⁺) across a membrane against their concentration gradient.  
In phloem loading (especially via the symplastic or apoplastic routes involving sucrose transporters), proton pumping creates an electrochemical gradient that drives sucrose uptake into sieve tubes via cotransport with protons.  
Since proton pumps require ATP, the process of loading sugars into the phloem indirectly requires ATP as well.  

- (A) It is passive → False, because proton pumps make it active.  
- (B) It depends on DNA → False, DNA is not directly involved in the transport mechanism.  
- (C) It requires ATP → True, because proton pumps need ATP.  
- (D) It translocates starch → False, starch is not transported in phloem; sucrose is the main transport sugar.  

Final answer: (C)",(A),(C),False,option_letter,,cot_zs,college_biology,1
142,"Which of the following characteristics is predicted for an early-successional plant community?

Options:
(A)High niche divergence among co-occurring species
(B)High ratios of primary production to standing-crop biomass
(C)High frequency of K-selected species
(D)High detrital biomass
",(B),"Early-successional plant communities are typically characterized by rapid growth, high reproductive rates, and efficient resource use.  
They often consist of r-selected species, which have high productivity relative to biomass because they invest heavily in growth and reproduction rather than long-term structure.  
This leads to a high ratio of primary production to standing-crop biomass.  

- (A) High niche divergence is more typical of later stages with increased competition.  
- (C) K-selected species dominate later stages, not early succession.  
- (D) High detrital biomass accumulates later as communities mature and more biomass turns over.  

Thus, the correct prediction is (B).  

Final answer: (B)",(A),(B),False,option_letter,,cot_zs,college_biology,1
143,"Which of the following is the symplastic pathway for the movement of sucrose from the site of photosynthesis in mesophyll cells into the phloem?

Options:
(A)Fibers, phloem parenchyma, companion cell, sieve tube
(B)Phloem parenchyma, fibers, bundle sheath, tracheids
(C)Companion cells, phloem parenchyma, fibers, sieve tube
(D)Bundle sheath, phloem parenchyma, companion cell, sieve tube
",(D),"Let’s reason through this.  

The **symplastic pathway** means movement occurs through the **cytoplasm** via **plasmodesmata**, without crossing membranes.  

Sucrose produced in **mesophyll cells** moves into the **phloem** for translocation.  
In many plants, the route is:  

1. **Mesophyll cells** →  
2. **Bundle sheath cells** (in leaves, part of the vascular bundle) →  
3. **Phloem parenchyma** →  
4. **Companion cell** (connected via plasmodesmata to sieve tube) →  
5. **Sieve tube element**  

Looking at the options:  

- (A) Fibers, phloem parenchyma, companion cell, sieve tube — fibers are not part of symplastic sucrose transport.  
- (B) Phloem parenchyma, fibers, bundle sheath, tracheids — tracheids are xylem, wrong tissue; fibers irrelevant.  
- (C) Companion cells, phloem parenchyma, fibers, sieve tube — order is wrong (companion cell too early) and fibers irrelevant.  
- (D) Bundle sheath, phloem parenchyma, companion cell, sieve tube — matches the known symplastic route.  

So the correct sequence is **Bundle sheath → Phloem parenchyma → Companion cell → Sieve tube**.  

Final answer: (D)",(A),(D),False,option_letter,,cot_zs,college_biology,1
