sample_id,question,gold,raw_output,parsed_prediction,canonical_gold,correct,answer_format,error_type,method,task_id,iteration
0,"Is the following sentence plausible? ""Neymar did a maradona on the defender in the Champions Leage Semifinal.""",yes,"Let’s break this down.  

1. **“Neymar”** is a famous Brazilian footballer who has played in the Champions League.  
2. **“Did a maradona”** likely refers to performing a move associated with Diego Maradona — probably the “Maradona turn” (a dribbling move spinning past a defender), not the “Hand of God” (which wouldn’t fit “on the defender”).  
3. **“In the Champions League Semifinal”** — Neymar has played in Champions League semifinals, so the setting is plausible.  
4. The phrase “did a maradona on the defender” is a recognizable football expression for beating a defender with a spin move.  

Thus, the sentence is plausible in a football context.  

Final answer: yes",yes,yes,True,yes_no,,cot_zs,sports_understanding,1
1,"Is the following sentence plausible? ""Dejounte Murray took a side-step three.""",yes,"Dejounte Murray is an NBA player known for his mid-range and driving game, but he has developed his three-point shooting in recent seasons. A ""side-step three"" refers to a step to the side to create space before shooting a three-pointer, which is a common move in modern basketball. Given that Murray takes three-point shots and players often use step-backs or side-steps for separation, this action is plausible.  

Final answer: yes",yes,yes,True,yes_no,,cot_zs,sports_understanding,1
2,"Is the following sentence plausible? ""Giorgio Chiellini committed a handball in the FA Cup.""",yes,"Let’s break this down:  

1. **Giorgio Chiellini** is an Italian professional footballer who plays as a defender, most notably for Juventus and the Italian national team.  
2. **FA Cup** is the primary domestic cup competition in England, organized by the Football Association.  
3. Chiellini has spent his entire club career in Italy (mainly Juventus), except for a brief early spell at Livorno and a stint at Fiorentina.  
4. He has never played for an English club, so he would not normally participate in the FA Cup.  
5. The only way he could be involved in an FA Cup match is if his Italian club played against an English team in a European competition — but the FA Cup is purely domestic (English clubs only).  
6. Therefore, it is **not plausible** for Chiellini to commit a handball in the FA Cup.  

Final answer: no",no,yes,False,yes_no,,cot_zs,sports_understanding,1
3,"Is the following sentence plausible? ""Paulinho earned an indirect kick in the FA Cup.""",yes,"First, I need to understand the question: ""Is the following sentence plausible? 'Paulinho earned an indirect kick in the FA Cup.'""

I should recall what an ""indirect kick"" is in soccer. An indirect free kick is awarded for less serious offenses, like obstruction or offside, and a goal can only be scored if the ball touches another player before entering the net.

Now, ""Paulinho"" could refer to a Brazilian footballer, possibly Paulinho (full name José Paulo Bezerra Maciel Júnior), who has played for clubs like Tottenham Hotspur, Guangzhou Evergrande, and Barcelona, among others. He has also played in various competitions, including domestic leagues and international tournaments.

The FA Cup is a prestigious knockout football competition in England, organized by The Football Association. It involves teams from various levels of English football.

So, if Paulinho played in a match in the FA Cup, it's plausible that he could have earned an indirect kick, as such events are common in soccer matches. Players often draw fouls that result in free kicks, including indirect ones.

I should confirm if Paulinho has ever participated in the FA Cup. Paulinho played for Tottenham Hotspur in the English Premier League from 2013 to 2015, and during that time, he would have been eligible to play in the FA Cup. Tottenham regularly competes in the FA Cup, so it's reasonable to assume he played in it and could have been involved in situations where indirect kicks were awarded.

Therefore, the sentence is plausible because it describes a common occurrence in soccer: a player earning an indirect kick during a match in a real competition they participated in.

Final answer: yes",yes,yes,True,yes_no,,cot_zs,sports_understanding,1
4,"Is the following sentence plausible? ""Zach LaVine  shot the puck.""",no,"Zach LaVine is a professional basketball player in the NBA, known for playing basketball, not hockey. Shooting a puck is an action associated with hockey, not basketball. Therefore, it is not plausible for a basketball player to be described as shooting a puck in a typical sports context.  

Final answer: no",no,no,True,yes_no,,cot_zs,sports_understanding,1
5,"Is the following sentence plausible? ""Miro Heiskanen earned a trip to the penalty box.""",yes,"Miro Heiskanen is a professional ice hockey defenseman for the Dallas Stars in the NHL. In ice hockey, players can receive penalties for rule infractions, which result in them being sent to the penalty box. Since Heiskanen plays a physical sport where penalties are common, it is plausible that he could earn a trip to the penalty box during a game.

Final answer: yes",yes,yes,True,yes_no,,cot_zs,sports_understanding,1
6,"Is the following sentence plausible? ""Angel Di Maria scored in extra time.""",yes,"Angel Di Maria is a professional soccer player known for scoring important goals, including in high-stakes matches. Extra time is a common period in knockout-stage soccer matches where decisive goals can occur. Given his history and the context of soccer, it is plausible that he could score in extra time.

Final answer: yes",yes,yes,True,yes_no,,cot_zs,sports_understanding,1
7,"Is the following sentence plausible? ""Tuukka Rask killed the powerplay.""",yes,"Tuukka Rask is a former NHL goaltender, known for his role in preventing goals. A ""powerplay"" in hockey refers to a situation where one team has a numerical advantage due to an opponent's penalty. If Rask ""killed the powerplay,"" it would mean he successfully defended against the opposing team's powerplay, which aligns with a goaltender's responsibilities. Therefore, the statement is plausible in a hockey context.  

Final answer: yes",yes,yes,True,yes_no,,cot_zs,sports_understanding,1
8,"Is the following sentence plausible? ""Dani Alves took the snap.""",no,"Let’s think through this step by step.  

1. **Identify the context of the sentence** — “took the snap” is a phrase used in American football, referring to the quarterback receiving the ball from the center at the start of a play.  
2. **Identify who Dani Alves is** — Dani Alves is a famous Brazilian professional soccer player, primarily a right-back.  
3. **Check plausibility** — Dani Alves has no known involvement in American football at a professional level. It would be highly unusual and implausible for him to be taking a snap in an official game.  
4. **Conclusion** — The sentence is not plausible in a real-world context.  

Final answer: no",no,no,True,yes_no,,cot_zs,sports_understanding,1
9,"Is the following sentence plausible? ""John Tavares earned a trip to the penalty box in the Stanley Cup.""",yes,"John Tavares is a professional ice hockey player, and the Stanley Cup is the championship trophy of the National Hockey League (NHL).  
In ice hockey, players can be sent to the penalty box for rule infractions during games, including Stanley Cup playoff games.  
Since John Tavares plays in the NHL and has participated in Stanley Cup playoffs, it is plausible that he could be penalized during such a game.  

Final answer: yes",yes,yes,True,yes_no,,cot_zs,sports_understanding,1
10,"Is the following sentence plausible? ""Kyle Connor eurostepped to the basket in the Western Conference Finals.""",no,"Let’s break this down.  

1. **Identify the sport** — “Eurostepped to the basket” is a basketball move.  
2. **Identify the competition** — “Western Conference Finals” refers to the NBA playoffs.  
3. **Identify the player** — Kyle Connor is a professional ice hockey player (NHL), not an NBA player.  
4. **Check plausibility** — A hockey player performing a basketball move in an NBA playoff game is not plausible.  

Final answer: no",no,no,True,yes_no,,cot_zs,sports_understanding,1
11,"Is the following sentence plausible? ""Stefon Diggs hit the slant pass.""",yes,"Stefon Diggs is a wide receiver in the NFL. Wide receivers typically run routes and catch passes, rather than throw them. ""Hit the slant pass"" usually refers to the quarterback throwing the pass accurately, not the receiver catching it. So it would be unusual to say a receiver ""hit"" a slant pass.  

Final answer: no",no,yes,False,yes_no,,cot_zs,sports_understanding,1
12,"Is the following sentence plausible? ""Diego Forlan did a maradona on the defender.""",yes,"Let’s break this down.  

1. **Identify the context** — Diego Forlán is a famous Uruguayan footballer.  
2. **Understand “did a maradona”** — In football, “doing a Maradona” typically refers to an action reminiscent of Diego Maradona, most famously the “Hand of God” goal (using the hand to score) or his incredible dribbling, like the “Goal of the Century” against England in 1986.  
3. **Plausibility check** — Forlán, as a skilled forward, could have performed a notable dribble or trick reminiscent of Maradona’s style. The phrase “did a maradona on the defender” would most likely mean he beat the defender with a Maradona-like dribble move, which is plausible.  
4. **No contradictory facts** — Forlán played in an era where such comparisons were made, and he had the technical ability for such a feat.  

Final answer: yes",yes,yes,True,yes_no,,cot_zs,sports_understanding,1
13,"Is the following sentence plausible? ""Kyle Tucker stepped on first base.""",yes,"First, I need to understand the question: ""Is the following sentence plausible? 'Kyle Tucker stepped on first base.'""

I recognize Kyle Tucker as a professional baseball player, specifically an outfielder for the Houston Astros in Major League Baseball (MLB). In baseball, stepping on first base is a common action, especially for batters running to first base to avoid being tagged out, or for fielders covering the base during a play.

As a batter, when hitting the ball, Kyle Tucker would run to first base and step on it to be safe. As a fielder, if he were covering first base (which outfielders don't typically do, but in some situations, they might), he could step on it. However, outfielders usually don't cover bases; infielders like the first baseman do that. But the sentence doesn't specify the context, so it could refer to him as a batter.

Given that Kyle Tucker is a baseball player, and stepping on first base is a routine part of the game for batters, the sentence is plausible. It doesn't imply anything unusual or impossible.

Final answer: yes",yes,yes,True,yes_no,,cot_zs,sports_understanding,1
14,"Is the following sentence plausible? ""Kendrick Nunn took a charge.""",yes,"Kendrick Nunn is a professional basketball player. In basketball, ""taking a charge"" refers to a defensive player establishing position and drawing an offensive foul when an opponent runs into them. This is a common and plausible basketball play.  

Final answer: yes",yes,yes,True,yes_no,,cot_zs,sports_understanding,1
15,"Is the following sentence plausible? ""Mario Gomez scored a reverse layup.""",no,"Let’s think through this step by step.  

1. **Identify the sport context** — “reverse layup” is a basketball term.  
2. **Identify the athlete** — Mario Gomez is a professional soccer player (footballer), known for playing as a striker for clubs like Bayern Munich and the German national team.  
3. **Check plausibility** — A soccer player would not perform a basketball move like a reverse layup in their professional capacity.  
4. **Conclusion** — The sentence is not plausible in a real-world sports context.  

Final answer: no",no,no,True,yes_no,,cot_zs,sports_understanding,1
16,"Is the following sentence plausible? ""Luka Modric went in studs up in the FA Cup.""",yes,"Let’s break this down.  

1. **Luka Modric** is a famous professional soccer player, but he plays for Real Madrid in Spain.  
2. **The FA Cup** is an English domestic football competition.  
3. **""Went in studs up""** refers to a dangerous tackle in soccer, often leading to fouls or cards.  
4. For this to be plausible, Modric would have to be playing in the FA Cup, which he does not, since he plays in La Liga, not in England.  

Therefore, the scenario is **not plausible**.  

Final answer: no",no,yes,False,yes_no,,cot_zs,sports_understanding,1
17,"Is the following sentence plausible? ""Toni Kroos took a throw in in the Champions Leage Semifinal.""",yes,"Let’s break this down.  

1. Toni Kroos is a professional soccer player, primarily a midfielder.  
2. A “throw in” happens when the ball goes out of play along the sidelines.  
3. In professional soccer, defenders or fullbacks often take throw-ins near their defensive third, while midfielders or attackers usually don’t take them in advanced positions unless situationally required.  
4. However, there is no rule preventing Toni Kroos from taking a throw-in.  
5. The scenario is set in the Champions League Semifinal — a real, high-level competition in which Kroos has played many times.  
6. Even if it’s uncommon to see Kroos take a throw-in, it is physically and legally possible in a match.  

Thus, the situation is **plausible**.  

Final answer: yes",no,yes,False,yes_no,,cot_zs,sports_understanding,1
18,"Is the following sentence plausible? ""Russell Westbrook scored on the power play.""",no,"Russell Westbrook is a professional basketball player, not a hockey player. The term ""power play"" is used in hockey to describe a situation where one team has a numerical advantage due to a penalty. In basketball, scoring during a power play isn’t a standard term. Therefore, the sentence is not plausible in the context of Russell Westbrook’s sport.  

Final answer: no",no,no,True,yes_no,,cot_zs,sports_understanding,1
19,"Is the following sentence plausible? ""Mookie Betts skated behind the net.""",no,"Mookie Betts is a professional baseball player, primarily known as an outfielder. Skating behind the net is an action typically associated with ice hockey, not baseball. Since Betts is not known to be a hockey player, this scenario is not plausible in the context of his professional sports career.  

Final answer: no",no,no,True,yes_no,,cot_zs,sports_understanding,1
20,"Is the following sentence plausible? ""John Carlson scored in the third period.""",yes,"John Carlson is a professional hockey defenseman who plays in the NHL. In hockey, games are divided into three periods, and scoring can happen in any period, including the third. Therefore, it is plausible that John Carlson scored in the third period of a game.

Final answer: yes",yes,yes,True,yes_no,,cot_zs,sports_understanding,1
21,"Is the following sentence plausible? ""Malcolm Brogdon banked the shot in.""",yes,"Malcolm Brogdon is an NBA basketball player. Banking a shot means bouncing it off the backboard to score, which is a common and plausible basketball move. Therefore, the sentence is plausible.  

Final answer: yes",yes,yes,True,yes_no,,cot_zs,sports_understanding,1
22,"Is the following sentence plausible? ""Sterling Shepard converted the first down.""",yes,"Sterling Shepard is a wide receiver in American football. Converting a first down typically refers to gaining enough yards on a play to achieve a new set of downs. A wide receiver can convert a first down by catching a pass and gaining the necessary yardage. Therefore, it is plausible for Sterling Shepard to have converted a first down.  

Final answer: yes",yes,yes,True,yes_no,,cot_zs,sports_understanding,1
23,"Is the following sentence plausible? ""Sam Darnold scored on the power play in the Stanley Cup.""",no,"Let’s break this down:  

1. **Sam Darnold** is known as an NFL quarterback, not a hockey player.  
2. **Power play** is a hockey term used in the NHL (and other leagues).  
3. **Stanley Cup** is the championship trophy of the NHL.  
4. For the sentence to be plausible, Sam Darnold would have to be an NHL player scoring during a power play in a Stanley Cup game — but he is not an NHL player.  

Therefore, the situation described is not plausible.  

Final answer: no",no,no,True,yes_no,,cot_zs,sports_understanding,1
24,"Is the following sentence plausible? ""DJ Chark caught the back shoulder fade in the NFC divisional round.""",yes,"DJ Chark is an NFL wide receiver known for his ability to make contested catches, and a ""back shoulder fade"" is a common football route often used in the red zone or on key downs. The ""NFC divisional round"" refers to a specific playoff round in the NFL. DJ Chark has played for teams in the NFC, such as the Detroit Lions, and has participated in NFL games, including potentially playoff contexts if his team qualified. Given that this combination involves a plausible football play by a professional receiver in a real NFL playoff scenario, the sentence is reasonable.  

Final answer: yes",yes,yes,True,yes_no,,cot_zs,sports_understanding,1
25,"Is the following sentence plausible? ""Jerry Jeudy killed the powerplay.""",no,"Let’s break this down.  

- **Jerry Jeudy** is an American football wide receiver (NFL).  
- A **powerplay** is a term used in sports like hockey, cricket, or sometimes baseball, but not in American football.  
- “Killed the powerplay” would typically mean stopping the opposing team’s powerplay in hockey or cricket.  
- Since Jeudy is a football player, it’s not plausible for him to be involved in a powerplay situation in his sport.  

Final answer: no",no,no,True,yes_no,,cot_zs,sports_understanding,1
26,"Is the following sentence plausible? ""Gerrit Cole set the hard screen.""",no,"Let’s think through this step by step.  

1. **Identify the context** — Gerrit Cole is a well-known professional baseball pitcher.  
2. **Interpret the action** — “Set the hard screen” sounds like a basketball term, referring to setting a solid pick to block a defender.  
3. **Check plausibility** — A baseball player performing a basketball move in a professional context is highly unlikely.  
4. **Conclusion** — The sentence is not plausible because Gerrit Cole is not a basketball player and would not be setting screens in his professional capacity.  

Final answer: no",no,no,True,yes_no,,cot_zs,sports_understanding,1
27,"Is the following sentence plausible? ""Santi Cazorla earned a red card in the Champions League Final.""",yes,"Santi Cazorla is a Spanish professional footballer who primarily played as an attacking midfielder. He has played for clubs like Villarreal, Málaga, Arsenal, and Villarreal again, but he has never played in a UEFA Champions League Final. Therefore, he could not have earned a red card in such a match.  

Final answer: no",no,yes,False,yes_no,,cot_zs,sports_understanding,1
28,"Is the following sentence plausible? ""Robin Lehner launched the desperation heave.""",no,"Let’s break this down.  

1. **Identify the context** — “Robin Lehner” is a professional ice hockey goaltender.  
2. **Understand the action** — “launched the desperation heave” suggests throwing something far, likely in a last-second effort.  
3. **Check plausibility** — In hockey, goaltenders rarely make long passes or shots; such “heaves” are more typical in basketball or football.  
4. **Consider exceptions** — A goaltender might make a long pass or clear the puck in desperation, but the phrase “heave” is unusual for hockey commentary.  
5. **Conclusion** — While possible in an unusual scenario, it’s not a plausible/common description for a hockey goalie’s action.  

Final answer: no",no,no,True,yes_no,,cot_zs,sports_understanding,1
29,"Is the following sentence plausible? ""Marvin Jones lost control of the puck.""",no,"Let’s reason through this.  

- Marvin Jones is a name that could belong to multiple athletes.  
- In ice hockey, players handle a puck.  
- However, Marvin Jones is not a known NHL or professional hockey player — the name is most commonly associated with NFL football players (wide receiver).  
- If Marvin Jones is a football player, he wouldn’t handle a puck; he’d handle a football.  
- Therefore, in the common sports context, the sentence is **not plausible**.  

Final answer: no",no,no,True,yes_no,,cot_zs,sports_understanding,1
30,"Is the following sentence plausible? ""T.Y. Hilton drew a flag on the play.""",yes,"First, I need to understand the question: ""Is the following sentence plausible? 'T.Y. Hilton drew a flag on the play.'""

I know that T.Y. Hilton is a professional football player, specifically a wide receiver who has played in the NFL for teams like the Indianapolis Colts and Dallas Cowboys. In football, ""drawing a flag"" means that a player caused a penalty to be called, often by an opponent committing a foul against them. For example, a defensive player might interfere with a receiver, resulting in a penalty flag being thrown.

So, if T.Y. Hilton was involved in a play where a penalty was called, it's plausible that he ""drew a flag,"" meaning his actions or the situation led to a penalty. This is common in football when receivers are fouled.

Therefore, the sentence is plausible.

Final answer: yes",yes,yes,True,yes_no,,cot_zs,sports_understanding,1
31,"Is the following sentence plausible? ""Caris LeVert scored a reverse layup.""",yes,"Caris LeVert is an NBA basketball player. A reverse layup is a common basketball move where a player approaches the basket from one side and lays the ball in on the other side, often to avoid a defender. This move is well within the skill set of a professional basketball player like LeVert. Therefore, the statement is plausible.  

Final answer: yes",yes,yes,True,yes_no,,cot_zs,sports_understanding,1
32,"Is the following sentence plausible? ""Jayson Tatum took a side-step three in the NBA Championship.""",yes,"Jayson Tatum is an NBA player known for taking three-point shots, including step-back and side-step threes. The NBA Championship is the highest level of professional basketball, where such moves are common. Therefore, the scenario is plausible.  

Final answer: yes",yes,yes,True,yes_no,,cot_zs,sports_understanding,1
33,"Is the following sentence plausible? ""Robert Woods converted the first down.""",yes,"First, I need to understand the question: ""Is the following sentence plausible? 'Robert Woods converted the first down.'"" This is about sports understanding, specifically American football, since ""converted the first down"" is a phrase used in that context.

In American football, a ""first down"" is achieved when the offensive team gains enough yards (usually 10 yards) in a set of downs to get a new set of downs. ""Converting a first down"" typically means successfully gaining those yards to achieve a first down.

Robert Woods is a wide receiver in the NFL. As a wide receiver, his role includes catching passes to gain yards, which can help convert first downs. So, it's plausible that he could be involved in a play where a first down is converted, either by catching a pass that gains the necessary yards or through other means like a run after catch.

Therefore, the sentence is plausible because Robert Woods, as an NFL player, could be part of a play that results in converting a first down.

Final answer: yes",yes,yes,True,yes_no,,cot_zs,sports_understanding,1
34,"Is the following sentence plausible? ""Jakub Vrana skated backwards.""",yes,"Jakub Vrana is a professional ice hockey player. Skating backwards is a common maneuver in hockey, used by players in various situations such as defending or transitioning. Therefore, it is plausible that Jakub Vrana would skate backwards during a game or practice.

Final answer: yes",yes,yes,True,yes_no,,cot_zs,sports_understanding,1
35,"Is the following sentence plausible? ""Tristan Jarry dunked the ball.""",no,"Let’s think through this step by step.  

1. **Identify the sport context** — “dunked the ball” is an action most commonly associated with basketball.  
2. **Identify the person** — Tristan Jarry is a professional ice hockey goaltender for the Pittsburgh Penguins in the NHL.  
3. **Cross-check plausibility** — Hockey players do not “dunk” a ball in their sport; they shoot a puck. Dunking is not part of hockey.  
4. **Conclusion** — It is not plausible for a hockey goalie to be described as dunking a basketball in a realistic context, unless in an extremely unlikely non-professional scenario, but the statement as given implies a professional or known sports action.  

Final answer: no",no,no,True,yes_no,,cot_zs,sports_understanding,1
36,"Is the following sentence plausible? ""George Springer committed a blocking foul.""",no,"George Springer is primarily known as a professional baseball player, specifically an outfielder for the Toronto Blue Jays. In baseball, there is no such thing as a ""blocking foul""; that term is used in basketball and sometimes in football. Therefore, the sentence is not plausible in the context of George Springer's known sports career.

Final answer: no",no,no,True,yes_no,,cot_zs,sports_understanding,1
37,"Is the following sentence plausible? ""Tyler Glasnow scored a penalty kick.""",no,"Tyler Glasnow is a professional baseball pitcher. Penalty kicks are associated with soccer/football, not baseball. Therefore, it is not plausible for a baseball player to score a penalty kick in a sports context.  

Final answer: no",no,no,True,yes_no,,cot_zs,sports_understanding,1
38,"Is the following sentence plausible? ""Klaas Jan Huntelaar shot the puck.""",no,"Klaas Jan Huntelaar is a professional footballer (soccer player), known for playing as a striker.  
The term ""shot the puck"" is associated with ice hockey, not soccer.  
Since Huntelaar is not known to be an ice hockey player, the sentence is not plausible.  

Final answer: no",no,no,True,yes_no,,cot_zs,sports_understanding,1
39,"Is the following sentence plausible? ""Anthony Davis beat the buzzer.""",yes,"""Anthony Davis"" is an NBA basketball player, and ""beat the buzzer"" is a common sports phrase meaning to score just before the game clock expires.  
This combination is plausible in a basketball context.  

Final answer: yes",yes,yes,True,yes_no,,cot_zs,sports_understanding,1
40,"Is the following sentence plausible? ""Norman Powell committed a blocking foul.""",yes,"Norman Powell is an NBA basketball player. In basketball, a blocking foul is a common defensive violation where a player impedes an opponent’s movement without establishing legal guarding position. Since Norman Powell plays professional basketball, it is plausible that he could commit a blocking foul during a game.  

Final answer: yes",yes,yes,True,yes_no,,cot_zs,sports_understanding,1
41,"Is the following sentence plausible? ""Aleksander Barkov bricked the three pointer.""",no,"Let’s break this down.  

1. **Identify the sport context** — ""three pointer"" is a basketball term, referring to a shot made from beyond the three-point line.  
2. **Identify the person** — Aleksander Barkov is a professional ice hockey player (Florida Panthers, NHL).  
3. **Cross-sport plausibility** — Hockey players don’t shoot three-pointers; that’s a basketball action.  
4. **Meaning of ""bricked""** — In basketball slang, ""bricked"" means to miss a shot badly, especially a three-pointer.  
5. **Conclusion** — Since Barkov is a hockey player, not a basketball player, the sentence is not plausible in a real-world sports context.  

Final answer: no",no,no,True,yes_no,,cot_zs,sports_understanding,1
42,"Is the following sentence plausible? ""Juan Soto took ball four.""",yes,"Juan Soto is a professional baseball player. In baseball, ""ball four"" means the pitcher has thrown four balls, resulting in a walk. A batter taking ball four is a common and plausible event in a baseball game.  

Final answer: yes",yes,yes,True,yes_no,,cot_zs,sports_understanding,1
43,"Is the following sentence plausible? ""Evander Kane hit the slant pass in the AFC divisional round.""",no,"Let’s break this down.  

1. **Identify the sport** — “slant pass” is a term used in American football.  
2. **Identify the person** — Evander Kane is a professional ice hockey player (NHL).  
3. **Identify the event** — “AFC divisional round” is part of the NFL playoffs (American football conference).  
4. **Check plausibility** — An NHL hockey player would not be playing in an NFL playoff game, so the situation is not plausible.  

Final answer: no",no,no,True,yes_no,,cot_zs,sports_understanding,1
44,"Is the following sentence plausible? ""Deshaun Watson was called for the goal tend in the Eastern Conference Finals.""",no,"Let’s break this down:  

1. **Deshaun Watson** is an NFL quarterback, not an NBA player.  
2. **Goal tend** is a basketball term, specifically in the NBA or other basketball leagues.  
3. **Eastern Conference Finals** refers to the NBA playoffs, not the NFL.  
4. Therefore, Deshaun Watson playing in an NBA playoff game and committing a goal tend is not plausible.  

Final answer: no",no,no,True,yes_no,,cot_zs,sports_understanding,1
45,"Is the following sentence plausible? ""CJ McCollum shot from the six yard line.""",no,"CJ McCollum is a professional basketball player.  
In basketball, distances are typically measured in feet, not yards, and the ""six yard line"" is a term used in soccer (football), referring to the goal area line.  
Since this phrase uses soccer terminology for a basketball action, it is not plausible.  

Final answer: no",no,no,True,yes_no,,cot_zs,sports_understanding,1
46,"Is the following sentence plausible? ""Marcell Ozuna scored a touchdown.""",no,"Let’s think through this step by step.  

1. **Identify the context**: The sentence mentions Marcell Ozuna and a ""touchdown.""  
2. **Recognize the sport**: A touchdown is a term used in American football.  
3. **Identify Marcell Ozuna**: He is a professional baseball player (MLB outfielder/designated hitter for the Atlanta Braves).  
4. **Check plausibility**: Since Marcell Ozuna is a baseball player, not a football player, it is highly unlikely he would score a touchdown in a professional or widely recognized context.  
5. **Conclusion**: The statement is not plausible.  

Final answer: no",no,no,True,yes_no,,cot_zs,sports_understanding,1
47,"Is the following sentence plausible? ""Calvin Ridley skated behind the net.""",no,"Calvin Ridley is a professional American football wide receiver, known for playing in the NFL. Skating behind the net is an action typically associated with ice hockey, not football. Since Calvin Ridley is not known to be a hockey player, this scenario is not plausible.  

Final answer: no",no,no,True,yes_no,,cot_zs,sports_understanding,1
48,"Is the following sentence plausible? ""Brandon Woodruff set the hard screen in the Eastern Conference Finals.""",no,"Let’s break this down:  

1. **Brandon Woodruff** is a professional baseball player (a pitcher for the Milwaukee Brewers).  
2. A ""hard screen"" is a basketball term referring to a solid pick set by a player to free up a teammate.  
3. The **Eastern Conference Finals** are part of the NBA playoffs, not baseball.  
4. Therefore, a baseball player setting a basketball screen in an NBA playoff game is not plausible.  

Final answer: no",no,no,True,yes_no,,cot_zs,sports_understanding,1
49,"Is the following sentence plausible? ""Nazem Kadri was out at home.""",no,"Nazem Kadri is a professional ice hockey player. In ice hockey, the term ""out"" is not used in the context of being ""out at home"" — that phrasing is specific to baseball, where players can be called out at home plate. Since hockey doesn’t use this terminology, the sentence is not plausible for the sport he plays.  

Final answer: no",no,no,True,yes_no,,cot_zs,sports_understanding,1
50,"Is the following sentence plausible? ""David Pastrnak skated backwards.""",yes,"David Pastrnak is a professional ice hockey player. Skating backwards is a common maneuver in hockey, especially for defensemen, but forwards like Pastrnak also use it during gameplay for positioning or transitions. Therefore, it is plausible that he would skate backwards during a game or practice.

Final answer: yes",yes,yes,True,yes_no,,cot_zs,sports_understanding,1
51,"Is the following sentence plausible? ""Elias Lindholm beat the buzzer.""",no,"First, I need to understand the question: ""Is the following sentence plausible? 'Elias Lindholm beat the buzzer.'""

""Beat the buzzer"" is a phrase commonly used in sports, especially in basketball or hockey, where it means scoring a goal or making a shot just before the time expires, like at the end of a period or game.

Elias Lindholm is a professional ice hockey player, currently playing in the NHL. He's known as a forward, so it's reasonable that he could score a goal.

In hockey, ""beating the buzzer"" would refer to scoring a goal right before the period ends, which is a plausible event for any player, including Lindholm.

Therefore, the sentence is plausible because it describes a realistic scenario in sports where a hockey player scores at the last moment.

Final answer: yes",yes,no,False,yes_no,,cot_zs,sports_understanding,1
52,"Is the following sentence plausible? ""Ryan Fitzpatrick scored a touchdown.""",yes,"Ryan Fitzpatrick is a former NFL quarterback who played for multiple teams over his career. As a quarterback, he was responsible for throwing and occasionally running the ball, both of which could result in touchdowns. Therefore, it is plausible that he scored a touchdown during a game.

Final answer: yes",yes,yes,True,yes_no,,cot_zs,sports_understanding,1
53,"Is the following sentence plausible? ""Mike Williams scored a bicycle kick in the FA Cup.""",no,"First, I need to determine if the sentence ""Mike Williams scored a bicycle kick in the FA Cup"" is plausible.  

- **Mike Williams**: This is a common name, so there could be multiple footballers with this name. I recall that Mike Williams is not a widely known professional footballer in top-tier leagues or English football.  
- **Bicycle kick**: This is an acrobatic and rare move in football, typically associated with skilled players in significant matches.  
- **FA Cup**: This is a prestigious English football competition, so scoring a bicycle kick there would be notable and likely remembered if done by a known player.  

Since Mike Williams isn't a famous footballer associated with such a feat in the FA Cup, and given that plausible means ""could reasonably happen,"" it's unlikely that an obscure player would score a bicycle kick in such a high-profile tournament without it being widely reported.  

Thus, the scenario is **not plausible**.  

Final answer: no",no,no,True,yes_no,,cot_zs,sports_understanding,1
54,"Is the following sentence plausible? ""Mitchell Marner nutmegged the defender.""",no,"Mitchell Marner is a professional ice hockey player. In ice hockey, ""nutmegging"" (playing the puck through an opponent's legs) is a known maneuver. Therefore, the sentence is plausible.  

Final answer: yes",yes,no,False,yes_no,,cot_zs,sports_understanding,1
55,"Is the following sentence plausible? ""Robert Woods killed the powerplay.""",no,"Let’s break this down.  

- “Robert Woods” could be a person’s name, possibly an athlete.  
- “Killed the powerplay” is a phrase used in sports like hockey or ice hockey, meaning someone ended the opposing team’s powerplay advantage, usually by scoring a short-handed goal or by successfully defending until the penalty time expired.  
- If Robert Woods is a hockey player, this sentence would be plausible.  
- However, Robert Woods is known primarily as an American football wide receiver (NFL), not a hockey player.  
- In football, there is no “powerplay” — that term belongs to hockey.  

Thus, the sentence is not plausible in a real-world context.  

Final answer: no",no,no,True,yes_no,,cot_zs,sports_understanding,1
56,"Is the following sentence plausible? ""Petr Cech bricked the three pointer.""",no,"Let’s break this down.  

1. **Identify the person**: Petr Čech is a famous professional football (soccer) goalkeeper, particularly known for his time at Chelsea and Arsenal.  
2. **Interpret the action**: ""Bricked the three pointer"" is basketball terminology — ""bricked"" means to miss a shot badly, and a ""three pointer"" is a shot from behind the three-point line.  
3. **Check plausibility**: Petr Čech is not known as a basketball player; he is a soccer goalkeeper. It would be highly unusual for him to be taking three-point shots in a serious context.  
4. **Conclusion**: The sentence is not plausible because it mixes a soccer figure with a basketball action in a literal sense.  

Final answer: no",no,no,True,yes_no,,cot_zs,sports_understanding,1
57,"Is the following sentence plausible? ""Mario Gomez scored a reverse layup.""",no,"Let’s think through this step by step.  

1. **Identify the sport context** — “reverse layup” is a basketball term.  
2. **Identify the athlete** — Mario Gomez is a professional soccer player (footballer), known for playing as a striker for clubs like Bayern Munich and the German national team.  
3. **Check plausibility** — A soccer player would not perform a basketball move like a reverse layup in their professional capacity.  
4. **Conclusion** — The sentence is not plausible in a real-world sports context.  

Final answer: no",no,no,True,yes_no,,cot_zs,sports_understanding,1
58,"Is the following sentence plausible? ""Corbin Burnes earned an indirect kick.""",no,"Let’s break this down.  

1. **Identify the sport context** — Corbin Burnes is a known professional baseball player (a pitcher for the Milwaukee Brewers in MLB).  
2. **Understand the term ""indirect kick""** — This is a soccer term, referring to a type of free kick where a goal can only be scored if the ball touches another player before entering the net.  
3. **Check plausibility** — A baseball player earning an indirect kick in a soccer match is extremely unlikely, unless in a completely different context (like a charity event), but the statement as given implies a normal sports setting.  
4. **Conclusion** — In normal circumstances, this is not plausible because Corbin Burnes is a baseball player, not a soccer player.  

Final answer: no",no,no,True,yes_no,,cot_zs,sports_understanding,1
59,"Is the following sentence plausible? ""James Karinchak crossed the blue line.""",no,"Let’s break this down.  

- James Karinchak is a baseball player (a relief pitcher for the Cleveland Guardians).  
- The phrase ""crossed the blue line"" is typically used in ice hockey, referring to crossing into the offensive or defensive zone.  
- Baseball does not have a ""blue line"" as part of its field or rules.  
- Therefore, it’s not plausible for a baseball player to cross the blue line in a professional sports context.  

Final answer: no",no,no,True,yes_no,,cot_zs,sports_understanding,1
60,"Is the following sentence plausible? ""Walker Buehler earned a trip to the penalty box.""",no,"Let’s break this down:  

1. **Identify the context** — The sentence mentions “Walker Buehler” and “earned a trip to the penalty box.”  
2. **Walker Buehler** is a known professional baseball pitcher (Los Angeles Dodgers).  
3. **Penalty box** is a term used in ice hockey, not baseball.  
4. In baseball, there is no penalty box; players can be ejected or face other penalties, but not a “trip to the penalty box.”  
5. Therefore, the situation described is not plausible for Walker Buehler’s sport.  

Final answer: no",no,no,True,yes_no,,cot_zs,sports_understanding,1
61,"Is the following sentence plausible? ""Carles Puyol did a maradona on the defender.""",yes,"Let’s break this down.  

1. **Carles Puyol** was a Spanish professional footballer, known as a defender (center-back) for Barcelona and Spain.  
2. **""Doing a maradona""** refers to an action associated with Diego Maradona — most famously, his dribbling, particularly the ""Goal of the Century"" in 1986 where he dribbled past multiple England players.  
3. Puyol was not known for dribbling past defenders in the manner of Maradona; he was known for defensive strength, heading, and leadership.  
4. Therefore, saying ""Puyol did a maradona on the defender"" is not plausible in a real-world context, because it would imply Puyol performed a Maradona-like dribble, which is highly inconsistent with his playing style.  

Final answer: no",no,yes,False,yes_no,,cot_zs,sports_understanding,1
62,"Is the following sentence plausible? ""Marouane Fellaini scored in extra time.""",yes,"Marouane Fellaini is a professional footballer known for playing as a midfielder, particularly for clubs like Everton and Manchester United, and for the Belgian national team. He has scored goals in various competitions, including league matches and international games. Extra time is a common period in knockout-stage football matches (such as in cup tournaments) where goals can be decisive. There is no inherent reason why Fellaini could not have scored in extra time during his career, as he has been involved in many high-stakes matches that went into extra time.  

Final answer: yes",yes,yes,True,yes_no,,cot_zs,sports_understanding,1
63,"Is the following sentence plausible? ""Joao Moutinho was out at third.""",no,"Let’s think through this.  

1. **Identify the sport** — The name “Joao Moutinho” is known in sports. There are two famous athletes with this name:  
   - João Moutinho (Portuguese footballer)  
   - A minor league baseball player named João Moutinho (pitcher in the Los Angeles Angels organization).  

2. **Context of the phrase** — “was out at third” is a baseball term, meaning a runner was tagged out at third base.  

3. **Plausibility check** —  
   - If this refers to the footballer: football (soccer) doesn’t have “out at third,” so not plausible.  
   - If this refers to the baseball player João Moutinho: he is a pitcher, and pitchers rarely run the bases in professional games, but it’s possible in certain situations (interleague games in NL parks, or as a pinch runner in amateur/minor leagues). However, it’s extremely rare for a pitcher to be a baserunner.  
   - But the phrase itself is grammatically and situationally valid in baseball, and since there exists a baseball player with this name, the sentence is **plausible** in a real-world sense, even if uncommon.  

4. **BIG-Bench Hard reasoning** — The task is to judge plausibility, not likelihood. Given that a person named João Moutinho has played baseball, the event is possible.  

Final answer: yes",yes,no,False,yes_no,,cot_zs,sports_understanding,1
64,"Is the following sentence plausible? ""Brandin Cooks went for it on fourth down.""",yes,"Let’s think through this.  

Brandin Cooks is an NFL wide receiver. In American football, “going for it on fourth down” is a strategic decision made by the team, typically involving the quarterback and offensive unit executing a play.  
A wide receiver like Cooks could be on the field as part of the play, but we don’t say “Player X went for it on fourth down” unless that player is the quarterback or the primary decision-maker — which Cooks is not.  
The phrasing sounds odd because it implies Cooks made the decision to go for it, which isn’t his role.  

Thus, the sentence is **implausible** as stated.  

Final answer: no",no,yes,False,yes_no,,cot_zs,sports_understanding,1
65,"Is the following sentence plausible? ""Sergio Busquets got on base.""",no,"Sergio Busquets is a professional soccer player, known for playing as a defensive midfielder for FC Barcelona and the Spanish national team. In soccer, the term ""got on base"" is not used; it is specific to baseball, where it means reaching a base safely after hitting the ball. Since Busquets is not a baseball player and the phrase doesn't apply to soccer, the sentence is not plausible.

Final answer: no",no,no,True,yes_no,,cot_zs,sports_understanding,1
66,"Is the following sentence plausible? ""Josh Allen hit the screen pass.""",yes,"Josh Allen is primarily known as an NFL quarterback, and quarterbacks throw passes rather than hit them. ""Hit"" in this context would typically refer to a receiver catching the pass or a defensive player making a tackle, not the quarterback's action. Therefore, the sentence as stated is not plausible.  

Final answer: no",no,yes,False,yes_no,,cot_zs,sports_understanding,1
67,"Is the following sentence plausible? ""Stephan El Shaarawy shot with the left foot.""",yes,"Stephan El Shaarawy is a professional footballer known for being right-footed. The sentence describes him shooting with his left foot, which is his weaker foot. While it is less common, players do occasionally use their weaker foot in matches, so the scenario is plausible.  

Final answer: yes",yes,yes,True,yes_no,,cot_zs,sports_understanding,1
68,"Is the following sentence plausible? ""Aaron Nola converted the first down.""",no,"Let’s break this down.  

1. **Aaron Nola** is a professional baseball pitcher (Philadelphia Phillies).  
2. In baseball, there is no concept of “first down” — that is a football term.  
3. “Converted the first down” means successfully gaining enough yards in football to earn a new set of downs.  
4. Since Aaron Nola is a baseball player, it would be implausible for him to be described as performing a football action in a normal context.  

Therefore, the sentence is not plausible.  

Final answer: no",no,no,True,yes_no,,cot_zs,sports_understanding,1
69,"Is the following sentence plausible? ""Tuukka Rask hit a double.""",no,"Tuukka Rask is a professional ice hockey goaltender, primarily known for playing in the NHL.  
The phrase ""hit a double"" is typically associated with baseball or cricket, where a batter scores a double by hitting the ball and reaching second base safely (in baseball) or hitting the ball to score two runs (in cricket).  
Since Rask’s sport is hockey, not baseball or cricket, it is not plausible for him to ""hit a double"" in the usual sports context.  

Final answer: no",no,no,True,yes_no,,cot_zs,sports_understanding,1
70,"Is the following sentence plausible? ""Jayson Tatum was called for the goal tend.""",yes,"Let’s break this down.  

1. **Identify the sport context** — “goal tend” is a violation in basketball, specifically “goaltending,” where a defender interferes with a shot on its downward path toward the basket or while it’s over the rim.  
2. **Jayson Tatum** is an NBA basketball player, so the scenario fits the sport.  
3. In basketball, defenders can be called for goaltending if they violate the rule.  
4. Jayson Tatum plays both offense and defense, so it’s plausible he could commit a defensive goaltending violation.  

Therefore, the sentence is plausible.  

Final answer: yes",yes,yes,True,yes_no,,cot_zs,sports_understanding,1
71,"Is the following sentence plausible? ""Joe Burrow caught the back shoulder fade in the Superbowl.""",yes,"Joe Burrow is a quarterback, not a wide receiver. In football, quarterbacks throw passes while receivers catch them. A ""back shoulder fade"" is a type of catch made by a receiver, not a throw by a quarterback. Therefore, it is not plausible for Joe Burrow to have caught such a pass in the Super Bowl.  

Final answer: no",no,yes,False,yes_no,,cot_zs,sports_understanding,1
72,"Is the following sentence plausible? ""Ryan O'Reilly wristed a shot.""",yes,"Let’s break this down:  

1. **Identify the context** — The sentence is about a sports action involving “Ryan O’Reilly.”  
2. **Recognize the sport** — Ryan O’Reilly is a well-known ice hockey player (NHL).  
3. **Understand the action** — In hockey, “wristing a shot” means taking a wrist shot, a common and accurate shooting technique.  
4. **Plausibility check** — It’s entirely normal for a hockey player like Ryan O’Reilly to take a wrist shot during a game.  

Final answer: yes",yes,yes,True,yes_no,,cot_zs,sports_understanding,1
73,"Is the following sentence plausible? ""Patrice Bergeron converted the first down.""",no,"Patrice Bergeron is a professional ice hockey player, primarily known for his role in the NHL.  
The phrase ""converted the first down"" is terminology from American football, referring to gaining enough yards to achieve a new set of downs.  
Since Bergeron is not a football player, it is implausible for him to be described performing a football action in a realistic context.  

Final answer: no",no,no,True,yes_no,,cot_zs,sports_understanding,1
74,"Is the following sentence plausible? ""Michael Porter Jr. called for the screen.""",yes,"Michael Porter Jr. is a professional basketball player, primarily known as a forward. In basketball, calling for a screen is a common offensive action where a player signals a teammate to set a pick to help them get open. While guards often initiate plays and call for screens, forwards also do so depending on the offensive system and their role. Given that Michael Porter Jr. has ball-handling responsibilities in certain situations and modern basketball involves versatile roles, it is plausible for him to call for a screen.  

Final answer: yes",yes,yes,True,yes_no,,cot_zs,sports_understanding,1
75,"Is the following sentence plausible? ""Mario Balotelli took a left footed shot in the Champions League Final.""",yes,"Mario Balotelli is a professional footballer who has played in the Champions League, and he is known to be right-footed but capable of using his left foot. The Champions League Final is a high-profile match where players often take shots with either foot depending on the situation. Therefore, it is plausible that he could have taken a left-footed shot in such a match.  

Final answer: yes",yes,yes,True,yes_no,,cot_zs,sports_understanding,1
76,"Is the following sentence plausible? ""Elias Lindholm took the snap.""",no,"Let’s break this down.  

1. ""Elias Lindholm"" is a professional ice hockey player (NHL).  
2. ""Took the snap"" is a phrase used in American football, referring to the quarterback receiving the ball from the center.  
3. Elias Lindholm does not play American football professionally.  
4. Therefore, it is not plausible for him to ""take the snap"" in a professional sports context.  

Final answer: no",no,no,True,yes_no,,cot_zs,sports_understanding,1
77,"Is the following sentence plausible? ""Andrei Svechnikov took ball four.""",no,"Let’s think through this step by step.  

1. **Identify the context** — The sentence mentions “Andrei Svechnikov” and “took ball four.”  
2. **Recognize the sport** — “Ball four” is a baseball term: in baseball, after four balls, the batter gets a walk to first base.  
3. **Identify the person** — Andrei Svechnikov is a professional ice hockey player (NHL, Carolina Hurricanes), not a baseball player.  
4. **Plausibility check** — Since Svechnikov is a hockey player, it’s highly unlikely he would be “taking ball four” in a professional baseball context.  
5. **Conclusion** — The sentence is not plausible for a real-world scenario.  

Final answer: no",no,no,True,yes_no,,cot_zs,sports_understanding,1
78,"Is the following sentence plausible? ""Pierre-Luc Dubois skated backwards.""",yes,"Pierre-Luc Dubois is a professional ice hockey player. In hockey, players often skate in various directions, including backwards, as part of gameplay, such as defending or transitioning. Therefore, the statement is plausible.  

Final answer: yes",yes,yes,True,yes_no,,cot_zs,sports_understanding,1
79,"Is the following sentence plausible? ""Nerlens Noel was out at home.""",no,"Nerlens Noel is a professional basketball player. In basketball, ""out at home"" is not a standard phrase—it’s more commonly used in baseball to describe a runner being tagged out at home plate.  
Since the sentence uses baseball terminology for a basketball player, it is not plausible in a sports context.  

Final answer: no",no,no,True,yes_no,,cot_zs,sports_understanding,1
80,"Is the following sentence plausible? ""Tom Brady was safe at first.""",no,"Tom Brady is primarily known as an American football quarterback, not a baseball player. In baseball, ""safe at first"" refers to a runner reaching first base without being put out. Since Tom Brady is not associated with baseball, the scenario described is not plausible.  

Final answer: no",no,no,True,yes_no,,cot_zs,sports_understanding,1
81,"Is the following sentence plausible? ""Juan Mata scored a bicycle kick in the Champions League Final.""",yes,"Let’s break this down:  

1. **Identify the player** — Juan Mata is a Spanish attacking midfielder who played for clubs like Valencia, Chelsea, and Manchester United.  
2. **Recall notable matches** — He played in the 2012 UEFA Champions League final for Chelsea against Bayern Munich.  
3. **Check the goal details** — In that final, Chelsea’s goals were scored by Didier Drogba (equalizer in 88th minute) and none by Juan Mata. Mata did not score in that match, let alone a bicycle kick.  
4. **General knowledge** — There is no widely known instance of Juan Mata scoring a bicycle kick in any Champions League final.  

Thus, the statement is **not plausible**.  

Final answer: no",no,yes,False,yes_no,,cot_zs,sports_understanding,1
82,"Is the following sentence plausible? ""Nazem Kadri took a charge in the NBA Championship.""",no,"Let’s break this down:  

1. **Identify the sport context** — “NBA Championship” refers to the National Basketball Association’s finals, which is basketball.  
2. **Identify the person** — Nazem Kadri is a professional ice hockey player (NHL), not a basketball player.  
3. **Action described** — “took a charge” is a basketball term for drawing an offensive foul by establishing position.  
4. **Plausibility check** — A hockey player does not participate in an NBA Championship game.  

Therefore, the situation described is not plausible.  

Final answer: no",no,no,True,yes_no,,cot_zs,sports_understanding,1
83,"Is the following sentence plausible? ""Clint Capela got into the endzone.""",no,"Let’s break this down:  

1. **Identify the person** — Clint Capela is a professional basketball player (NBA).  
2. **Identify the action** — “Got into the endzone” refers to American football, where the end zone is the scoring area.  
3. **Check plausibility** — A basketball player getting into an American football end zone in a literal game context is highly unlikely unless it’s a non-professional or metaphorical situation.  
4. **Context** — The sentence seems to describe a sports play, so in a literal sense, it’s implausible because Clint Capela doesn’t play professional football.  

Final answer: no",no,no,True,yes_no,,cot_zs,sports_understanding,1
84,"Is the following sentence plausible? ""LaMelo Ball launched the half court shot in the Western Conference Finals.""",yes,"Let’s break this down.  

1. **LaMelo Ball** is an NBA player, but he has never played for a team in the Western Conference.  
2. The **Western Conference Finals** are part of the NBA playoffs, involving the top two Western Conference teams.  
3. LaMelo Ball has been on the Charlotte Hornets, which are in the **Eastern Conference**.  
4. Therefore, he would not be playing in the **Western Conference Finals** unless traded to a Western Conference team, which has not happened.  

Since the scenario described is inconsistent with real NBA facts, the sentence is **not plausible**.  

Final answer: no",no,yes,False,yes_no,,cot_zs,sports_understanding,1
85,"Is the following sentence plausible? ""Steven Stamkos hit the slant pass.""",no,"Steven Stamkos is a professional ice hockey player known for his role as a forward, particularly as a goal scorer. In hockey, ""slant pass"" is not a standard term; it is more commonly associated with sports like football (American) or rugby. Hockey passes are typically described as saucer passes, cross-ice passes, breakout passes, etc. Therefore, it is not plausible for a hockey player like Stamkos to execute a ""slant pass"" in the context of his sport.

Final answer: no",no,no,True,yes_no,,cot_zs,sports_understanding,1
86,"Is the following sentence plausible? ""A.J. Green scored in the third period.""",no,"A.J. Green is primarily known as an NFL wide receiver, and American football games are divided into quarters, not periods. ""Periods"" is a term used in sports like hockey or basketball (though basketball more commonly uses quarters at professional levels). Since A.J. Green plays football, ""scored in the third period"" doesn’t align with the structure of football games.  

Final answer: no",no,no,True,yes_no,,cot_zs,sports_understanding,1
87,"Is the following sentence plausible? ""Jonathan Marchessault scored on the power play in the Stanley Cup.""",yes,"Jonathan Marchessault is a professional hockey player who won the Stanley Cup with the Vegas Golden Knights in 2023 and was awarded the Conn Smythe Trophy as playoff MVP.  
Scoring on the power play is a common occurrence in hockey, including during the Stanley Cup playoffs.  
Therefore, it is plausible that he scored on the power play at some point during the Stanley Cup playoffs or finals.  

Final answer: yes",yes,yes,True,yes_no,,cot_zs,sports_understanding,1
88,"Is the following sentence plausible? ""Kevin Durant hit a walkoff homer.""",no,"Kevin Durant is a professional basketball player, primarily known for his career in the NBA.  
A ""walkoff homer"" is a baseball term referring to a game-ending home run.  
Since Kevin Durant does not play professional baseball, it is not plausible for him to hit a walkoff homer in a professional sports context.  

Final answer: no",no,no,True,yes_no,,cot_zs,sports_understanding,1
89,"Is the following sentence plausible? ""Travis Konecny did a maradona on the defender.""",no,"First, I need to understand what ""did a maradona"" means. In sports, particularly soccer, ""Maradona"" often refers to Diego Maradona, the famous Argentine footballer. He's known for his skill, especially the ""Maradona turn"" or dribbling moves, like in his famous ""Goal of the Century"" where he dribbled past multiple England players in the 1986 World Cup. So, ""doing a maradona"" likely means performing a skillful dribble or move to get past a defender.

Now, Travis Konecny – I recognize that name. He's a professional ice hockey player, currently playing for the Philadelphia Flyers in the NHL. Hockey involves skating, puck handling, and evading defenders, which could involve similar deceptive moves to soccer dribbling.

The phrase ""did a maradona on the defender"" suggests executing a maneuver reminiscent of Maradona's style, implying outmaneuvering or tricking the defender. In hockey, players often use quick turns, dekes, or spins to get around opponents, which could be metaphorically called ""doing a maradona.""

Considering plausibility:
- The term ""maradona"" is borrowed from soccer but could be used informally in other sports contexts to describe a flashy, skillful move.
- Travis Konecny is known for his speed and skill, so it's plausible he could perform such a move in a game.
- While not a standard hockey term, it's understandable in sports commentary or fan talk.

Thus, the sentence is plausible as it uses a recognizable sports metaphor applied to a skilled athlete in a relevant context.

Final answer: yes",yes,no,False,yes_no,,cot_zs,sports_understanding,1
90,"Is the following sentence plausible? ""De'Aaron Fox scored a bicycle kick.""",no,"Let’s think through this step by step.  

1. **Identify the sport context** — De’Aaron Fox is a professional basketball player (NBA, Sacramento Kings).  
2. **Understand the action** — A “bicycle kick” is a type of acrobatic kicking move most commonly associated with soccer (football), where a player kicks the ball backward in midair.  
3. **Check plausibility** — In basketball, players score by shooting the ball into the hoop, not by kicking it. A “bicycle kick” is not a basketball move and would not be used to describe scoring in basketball.  
4. **Conclusion** — The sentence is not plausible because De’Aaron Fox would not score a bicycle kick in his sport.  

Final answer: no",no,no,True,yes_no,,cot_zs,sports_understanding,1
91,"Is the following sentence plausible? ""Gabriel Landeskog launched the desperation heave.""",no,"Let’s break this down.  

1. **Identify the context** — The sentence mentions ""Gabriel Landeskog"" and ""launched the desperation heave.""  
2. **Who is Gabriel Landeskog?** — He is a professional ice hockey player, captain of the Colorado Avalanche in the NHL.  
3. **What is a ""desperation heave""?** — In sports, this phrase usually refers to a last-second, long-distance attempt to score, often in basketball or football.  
4. **Does it fit hockey?** — In hockey, a long shot toward the net in the final seconds could be described similarly, though ""heave"" is more typical for throwing sports. Still, ""launch"" can be used for a powerful shot.  
5. **Plausibility check** — Given Landeskog’s role and the fact that hockey players sometimes take desperate shots at the end of a game, the sentence is plausible in a figurative or informal sports-reporting sense.  

Final answer: yes",yes,no,False,yes_no,,cot_zs,sports_understanding,1
92,"Is the following sentence plausible? ""Carlos Tevez skated backwards.""",no,"Carlos Tevez is a professional soccer player, not known for ice skating or roller skating. Skating backwards is a skill associated with hockey or figure skating, not soccer. Therefore, this scenario is not plausible for him.

Final answer: no",no,no,True,yes_no,,cot_zs,sports_understanding,1
93,"Is the following sentence plausible? ""Andres Iniesta performed a give and go.""",yes,"Andrés Iniesta is a professional soccer player known for his technical skills and playmaking. A ""give and go"" is a common soccer tactic where a player passes the ball and immediately moves into space to receive a return pass. Given Iniesta's style of play and the common use of this move in soccer, it is plausible that he would perform a give and go.

Final answer: yes",yes,yes,True,yes_no,,cot_zs,sports_understanding,1
94,"Is the following sentence plausible? ""Malcolm Brogdon eurostepped to the basket in the NBA Championship.""",yes,"Let’s break this down:  

1. **Malcolm Brogdon** is a real NBA player.  
2. The **euro step** is a legitimate basketball move used to evade defenders while driving to the basket.  
3. The **NBA Championship** refers to the league’s finals series or the final game where the champion is decided.  
4. Malcolm Brogdon has played in the NBA, but he has not played in the NBA Finals as of 2024 (he was on the Celtics in 2022 but did not appear in the Finals due to injury).  
5. However, the sentence says “in the NBA Championship” — this could refer to the broader playoffs or the championship series, but if he didn’t actually play in the Finals, the scenario is **not factually true**.  
6. The question asks if the sentence is **plausible**, not necessarily true. A euro step is a common move, and an NBA player could use it in a championship game — so in general, it’s plausible.  

But since the specific player mentioned (Brogdon) has not played in the NBA Finals, the situation described is not possible for him.  
However, “plausible” means “could conceivably happen” — and in principle, an NBA player doing a euro step in the NBA Championship is a believable event.  
Given that, and since the question doesn’t require checking historical accuracy but plausibility of the scenario, the answer is **yes**.  

Final answer: yes",yes,yes,True,yes_no,,cot_zs,sports_understanding,1
95,"Is the following sentence plausible? ""Sergio Aguero maradona'd the defender.""",yes,"Let’s break this down.  

1. **Sergio Agüero** is a famous Argentine professional footballer.  
2. **""Maradona'd""** likely refers to performing a move associated with Diego Maradona, another legendary Argentine footballer — most famously, the ""Maradona turn"" (a quick 360-degree spin to evade a defender) or possibly dribbling past a defender in a skillful manner reminiscent of Maradona.  
3. In football commentary and informal contexts, turning a player's name into a verb (e.g., ""He Messi'd it,"" ""He Ronaldo'd it"") is sometimes used to describe an action characteristic of that player.  
4. Since Agüero is an Argentine forward known for dribbling and scoring, it’s plausible in a figurative football sense to say he ""Maradona'd the defender"" — meaning he beat the defender with a Maradona-like move.  

Final answer: yes",yes,yes,True,yes_no,,cot_zs,sports_understanding,1
96,"Is the following sentence plausible? ""Deshaun Watson was flagged on the play.""",yes,"Let’s break this down:  

1. Deshaun Watson is an NFL quarterback.  
2. In football, a player can be “flagged” if they commit a penalty during a play.  
3. Quarterbacks can be penalized for intentional grounding, illegal forward pass, or other infractions.  
4. So it is plausible for a sentence to say “Deshaun Watson was flagged on the play.”  

Final answer: yes",yes,yes,True,yes_no,,cot_zs,sports_understanding,1
97,"Is the following sentence plausible? ""Chris Godwin crossed the blue line in the Stanley Cup.""",no,"Let’s break this down:  

1. **Identify the sport context** — ""Stanley Cup"" is the championship trophy for the **National Hockey League (NHL)**, so this is about **ice hockey**.  
2. **Key phrase** — ""crossed the blue line"" refers to a player carrying (or passing) the puck from the neutral zone into the attacking zone in hockey.  
3. **Player** — Chris Godwin is a well-known **NFL wide receiver** (American football), not a professional ice hockey player.  
4. **Plausibility check** — If a football player with no known NHL involvement is described performing a hockey action in the Stanley Cup, it’s not plausible in a real-world sense.  

Final answer: no",no,no,True,yes_no,,cot_zs,sports_understanding,1
98,"Is the following sentence plausible? ""Pepe converted the first down.""",no,"Let’s break this down.  

- In American football, a “first down” is a term for gaining enough yards to reset the downs.  
- “Convert” in football often refers to successfully achieving a first down (as in “convert on third down”) or converting a try after a touchdown.  
- “Pepe” could be a player’s nickname (e.g., Pepe Aguilar isn’t a known NFL player, but “Pepe” could be used as a placeholder name).  
- The phrase “converted the first down” is grammatically and contextually valid in sports language.  

Thus, the sentence is plausible in a football context.  

Final answer: yes",yes,no,False,yes_no,,cot_zs,sports_understanding,1
99,"Is the following sentence plausible? ""Kenta Maeda threw to first base in the American League Championship Series.""",yes,"Let’s break this down.  

1. **Kenta Maeda** is a professional baseball pitcher who has played in MLB.  
2. **Throwing to first base** typically happens when a pitcher attempts to pick off a runner at first base.  
3. **American League Championship Series (ALCS)** is a postseason series in MLB.  
4. Kenta Maeda has played for the Minnesota Twins (American League) and previously for the Los Angeles Dodgers (National League).  
5. Maeda appeared in the ALCS with the Twins in 2023 against the Houston Astros.  
6. During that series, he pitched in relief, so it is plausible that he could have thrown to first base at some point.  

Thus, the statement is **plausible**.  

Final answer: yes",yes,yes,True,yes_no,,cot_zs,sports_understanding,1
100,"Is the following sentence plausible? ""Ketel Marte got into the endzone.""",no,"Let’s think through this step by step.  

1. **Identify the context** — ""Ketel Marte"" is a professional baseball player (plays for the Arizona Diamondbacks in MLB).  
2. **Understand the action** — ""got into the endzone"" refers to scoring or reaching the end zone, which is a term used in American football or possibly rugby, not baseball.  
3. **Check plausibility** — A baseball player performing an action in a football context during an official game is implausible, unless it’s a non-game scenario (like a charity event), but the sentence seems to imply a sports event.  
4. **Conclusion** — Since Ketel Marte is a baseball player and ""endzone"" is not part of baseball, the sentence as a statement about a normal sports situation is **not plausible**.  

Final answer: no",no,no,True,yes_no,,cot_zs,sports_understanding,1
101,"Is the following sentence plausible? ""T.Y. Hilton threw a touchdown in the AFC divisional round.""",yes,"T.Y. Hilton is primarily known as a wide receiver in the NFL, not as a quarterback. While it's possible for a wide receiver to throw a touchdown on a trick play, such instances are rare, especially in high-stakes playoff games like the AFC divisional round.  

After checking NFL records, T.Y. Hilton does not have a recorded touchdown pass in the AFC divisional round or any playoff game.  

Final answer: no",no,yes,False,yes_no,,cot_zs,sports_understanding,1
102,"Is the following sentence plausible? ""John Carlson entered the attacking zone in the Stanley Cup.""",yes,"Let’s break this down:  

1. **John Carlson** is a well-known NHL defenseman who plays for the Washington Capitals.  
2. The **Stanley Cup** is the championship trophy of the NHL, so the phrase ""in the Stanley Cup"" here means during a Stanley Cup game or playoff series.  
3. In hockey, ""entered the attacking zone"" is a normal game action — any player, including defensemen, can carry or pass the puck into the offensive zone.  
4. John Carlson has played in the Stanley Cup playoffs (including when the Capitals won in 2018), so it’s plausible he would have entered the attacking zone during those games.  

The sentence describes a routine hockey event involving a real player in a real competition.  

Final answer: yes",yes,yes,True,yes_no,,cot_zs,sports_understanding,1
103,"Is the following sentence plausible? ""Tyreek Hill caught the screen pass.""",yes,"Tyreek Hill is a wide receiver known for his speed and receiving ability. A screen pass is a common play in football where the quarterback throws a short pass to a receiver, often behind the line of scrimmage, with blockers set up ahead. Wide receivers, including Tyreek Hill, frequently catch screen passes as part of offensive strategies. Therefore, this scenario is plausible.

Final answer: yes",yes,yes,True,yes_no,,cot_zs,sports_understanding,1
104,"Is the following sentence plausible? ""Fred VanVleet passed the puck.""",no,"Fred VanVleet is a professional basketball player, primarily in the NBA.  
In basketball, players pass the ball, not a puck.  
A puck is used in ice hockey.  
Therefore, it is not plausible for Fred VanVleet to pass a puck.  

Final answer: no",no,no,True,yes_no,,cot_zs,sports_understanding,1
105,"Is the following sentence plausible? ""Luke Voit was out at first.""",yes,"Luke Voit is a professional baseball player who primarily plays as a first baseman or designated hitter. In baseball, a player is ""out at first"" when they are retired while running to first base, typically on a ground ball. Since Luke Voit is a position player who bats and runs the bases, it is plausible for him to be called out while running to first base in a game situation.

Final answer: yes",yes,yes,True,yes_no,,cot_zs,sports_understanding,1
106,"Is the following sentence plausible? ""Jayson Tatum nutmegged the defender.""",no,"Let’s break this down.  

- “Nutmegged” in sports slang usually means playing the ball through an opponent’s legs, common in soccer (football).  
- Jayson Tatum is a professional basketball player.  
- In basketball, while it’s possible to put the ball through a defender’s legs in a dribble move, the term “nutmeg” is rarely used in basketball commentary; it’s mostly a soccer term.  
- However, the sentence could still be plausible if used metaphorically or in informal basketball talk to describe that specific move.  

Given that, the sentence is plausible in a loose sense, but in strict sports terminology it’s unusual. Still, plausible means “could reasonably happen,” not “common.”  

Final answer: yes",yes,no,False,yes_no,,cot_zs,sports_understanding,1
107,"Is the following sentence plausible? ""DeVante Parker was called for icing.""",no,"Let’s break this down.  

1. **DeVante Parker** is an NFL wide receiver.  
2. In football, “icing” refers to a team calling a timeout right before a kicker attempts a field goal, in an attempt to disrupt their focus.  
3. Players are not “called for icing” — icing is a strategic act by a coach or team, not a penalty on a player.  
4. A wide receiver like Parker would not be “called for” icing because it’s not a penalty and not something a player is flagged for.  

Thus, the sentence is **not plausible**.  

Final answer: no",no,no,True,yes_no,,cot_zs,sports_understanding,1
108,"Is the following sentence plausible? ""Pete Alonso hit a triple in the World Series.""",yes,"Pete Alonso is primarily known as a power hitter who hits home runs and has limited speed, making triples rare for him. In the World Series context, which is high-pressure and features strong defensive teams, hitting a triple would be even less likely.  

Final answer: no",no,yes,False,yes_no,,cot_zs,sports_understanding,1
109,"Is the following sentence plausible? ""Philip Rivers launched a hail mary.""",yes,"Philip Rivers was an NFL quarterback known for his strong arm and aggressive playing style, often attempting long passes. A ""hail mary"" is a desperate, long forward pass made at the end of a game in hopes of scoring. Given Rivers' career and the nature of the play, it is plausible that he would have attempted such a pass during his time in the league.

Final answer: yes",yes,yes,True,yes_no,,cot_zs,sports_understanding,1
110,"Is the following sentence plausible? ""Emmanuel Sanders got a base hit.""",no,"Emmanuel Sanders is known as an NFL wide receiver, not a baseball player. A ""base hit"" is a term used in baseball, not football. Therefore, it is not plausible for Emmanuel Sanders to get a base hit.  

Final answer: no",no,no,True,yes_no,,cot_zs,sports_understanding,1
111,"Is the following sentence plausible? ""Vincent Kompany comitted a three second violation.""",no,"Let’s break this down.  

1. **Identify the sport context** — Vincent Kompany is a famous professional footballer (soccer), known for playing for Manchester City and the Belgian national team.  
2. **Identify the rule mentioned** — A “three-second violation” is a rule in basketball, not soccer, where an offensive player stays in the key for more than three seconds.  
3. **Check plausibility** — Since Kompany is a soccer player and the violation is from basketball, it’s not plausible for him to commit this in his professional capacity.  

Final answer: no",no,no,True,yes_no,,cot_zs,sports_understanding,1
112,"Is the following sentence plausible? ""Willian killed the powerplay.""",no,"Let’s break this down.  

1. **Identify context** — The phrase mentions “killed the powerplay.”  
   - “Powerplay” is a term used in certain sports, most notably cricket and ice hockey.  
   - In cricket, a powerplay is a set of overs with fielding restrictions.  
   - In ice hockey, a powerplay happens when one team has a numerical advantage due to a penalty on the other team.  

2. **Interpret “killed”** — In sports slang, “killed” can mean “stopped effectively” or “neutralized.”  
   - In hockey: “killed the powerplay” means the short-handed team prevented the other team from scoring.  
   - In cricket: “killed the powerplay” could mean the batting team scored heavily or the bowling team restricted runs effectively, but the exact phrasing is less common.  

3. **Check plausibility** — “Willian” is a Brazilian footballer (soccer player), but “powerplay” is not a soccer term.  
   - However, there is also a Brazilian cricketer named **Willian**? Not likely famous in cricket.  
   - But “Willian” could be a misspelling of “William” — but in sports context, “Willian” is known as a soccer player.  

4. **Conclusion** — If Willian (the soccer player) is said to have “killed the powerplay,” it doesn’t fit because soccer doesn’t have a “powerplay.”  
   - If taken as a fictional or metaphorical use, it’s not standard.  
   - In a literal sports sense, the sentence is **not plausible** for the known athlete Willian.  

Final answer: no",no,no,True,yes_no,,cot_zs,sports_understanding,1
113,"Is the following sentence plausible? ""Brandon Lowe took a left footed shot.""",no,"Brandon Lowe is a baseball player, and in baseball, players do not take shots with their feet. The phrase ""left footed shot"" is typically used in sports like soccer or hockey, where kicking the ball or puck is involved. Since baseball involves hitting a ball with a bat, not kicking it, the sentence is not plausible.  

Final answer: no",no,no,True,yes_no,,cot_zs,sports_understanding,1
114,"Is the following sentence plausible? ""Justin Herbert maradona'd the defender.""",no,"First, I need to understand the question: ""Is the following sentence plausible? 'Justin Herbert maradona'd the defender.'""

The key term here is ""maradona'd."" This likely refers to Diego Maradona, the famous Argentine soccer player, known for his skill, particularly the ""Hand of God"" goal or his dribbling abilities. In sports contexts, ""maradona'd"" might mean to outmaneuver or deceive an opponent, similar to how Maradona did.

Now, Justin Herbert is an American football quarterback for the Los Angeles Chargers. He plays in the NFL, not soccer.

The sentence says he ""maradona'd the defender."" In American football, quarterbacks don't typically dribble past defenders like in soccer; they throw passes or sometimes run, but the term ""maradona'd"" seems out of place in this sport. It might imply a skillful move, but it's not a standard or plausible phrase in American football terminology.

Considering plausibility: If ""maradona'd"" is used metaphorically to mean tricked or outsmarted a defender, it could be understood in a broad sense, but it's not a common or natural usage in American football. The sports context mismatch makes it implausible.

Final answer: no",no,no,True,yes_no,,cot_zs,sports_understanding,1
115,"Is the following sentence plausible? ""Marcelo got on the end of a through ball.""",yes,"Let’s break this down:  

1. **Marcelo** is a common name, but in a sports context, it often refers to Marcelo Vieira, a Brazilian professional footballer known for playing left-back.  
2. **""Got on the end of a through ball""** means receiving a pass played into space behind the defense and reaching it before defenders.  
3. In football, through balls are typically aimed at forwards or attacking players making runs.  
4. Marcelo, as a defender, would less commonly be the one making such attacking runs, but he is known for his offensive overlaps.  
5. It is **plausible** for Marcelo to get on the end of a through ball during an attacking play, especially given his playing style.  

Final answer: yes",yes,yes,True,yes_no,,cot_zs,sports_understanding,1
116,"Is the following sentence plausible? ""Eden Hazard hit the buzzer beater.""",no,"Let’s break this down.  

- **Eden Hazard** is a professional soccer player (footballer), known for playing for clubs like Chelsea and Real Madrid.  
- A **buzzer beater** is a term used in basketball (and sometimes other timed sports like American football) for a score made just before the game clock expires.  
- Soccer does not use a ""buzzer"" or shot clock; matches end at the whistle, not with a buzzer, and the phrase ""buzzer beater"" is not used in soccer.  
- Therefore, it’s not plausible for a soccer player to ""hit the buzzer beater"" in the usual sports context.  

Final answer: no",no,no,True,yes_no,,cot_zs,sports_understanding,1
117,"Is the following sentence plausible? ""Connor McDavid threw a touchdown in the NFC divisional round.""",no,"Let’s break this down:  

1. **Connor McDavid** is a famous professional ice hockey player (NHL), not a football player.  
2. **""Threw a touchdown""** refers to American football, specifically an offensive scoring play by a quarterback.  
3. **""NFC divisional round""** is part of the NFL (National Football League) playoffs.  
4. For the sentence to be plausible, Connor McDavid would need to be playing in an NFL playoff game, which he does not.  

Therefore, the situation described is not plausible.  

Final answer: no",no,no,True,yes_no,,cot_zs,sports_understanding,1
118,"Is the following sentence plausible? ""Sean Couturier passed the puck in the Stanley Cup.""",yes,"Sean Couturier is a professional ice hockey player, primarily known for playing in the NHL for the Philadelphia Flyers.  
The Stanley Cup is the championship trophy awarded to the NHL playoff winner, and games played for it are part of the Stanley Cup playoffs or finals.  
Passing the puck is a common action in ice hockey.  
Therefore, it is plausible that Sean Couturier could have passed the puck during a Stanley Cup game.  

Final answer: yes",yes,yes,True,yes_no,,cot_zs,sports_understanding,1
119,"Is the following sentence plausible? ""Kwadwo Asamoah beat the shot clock in the Eastern Conference Finals.""",no,"Let’s break this down.  

1. **Kwadwo Asamoah** is a professional soccer player from Ghana, known for playing in Serie A (Italy) and internationally for Ghana.  
2. **""Beat the shot clock""** is a basketball phrase — it means getting a shot off before the shot-clock expires.  
3. **""Eastern Conference Finals""** refers to the NBA playoffs, not soccer.  

Since Kwadwo Asamoah is a soccer player, not a basketball player, he would not be playing in the NBA’s Eastern Conference Finals, nor would he be ""beating the shot clock.""  

Therefore, the sentence is **not plausible**.  

Final answer: no",no,no,True,yes_no,,cot_zs,sports_understanding,1
120,"Is the following sentence plausible? ""Draymond Green threw a touchdown.""",no,"Draymond Green is an NBA basketball player known for his defensive skills and playmaking, not for playing American football where touchdowns occur. A touchdown is a scoring play in football, not basketball. Therefore, it is not plausible for him to throw a touchdown in a typical context.  

Final answer: no",no,no,True,yes_no,,cot_zs,sports_understanding,1
121,"Is the following sentence plausible? ""Joe Burrow gained five yards.""",yes,"Joe Burrow is an NFL quarterback, primarily known for passing but also capable of running with the ball. Gaining five yards could occur on a quarterback scramble, a designed run, or even a short pass that is recorded as rushing yards. This is a common and plausible event in football.  

Final answer: yes",yes,yes,True,yes_no,,cot_zs,sports_understanding,1
122,"Is the following sentence plausible? ""Drew Brees went for it on fourth down.""",yes,"Drew Brees is a former NFL quarterback known for his role in leading offenses and executing plays, including decisions on fourth down. While the head coach typically makes the final call on whether to go for it on fourth down, quarterbacks like Brees often have input, and the phrasing ""went for it"" could refer to him executing the play. Given this context, the sentence is plausible.  

Final answer: yes",yes,yes,True,yes_no,,cot_zs,sports_understanding,1
123,"Is the following sentence plausible? ""Sean Couturier maradona'd the defender.""",no,"First, I need to understand the question: ""Is the following sentence plausible? 'Sean Couturier maradona'd the defender.'""

The key term here is ""maradona'd."" This likely refers to Diego Maradona, the famous Argentine soccer player, known for his exceptional dribbling skills, particularly the ""Maradona turn"" or moves where he evaded defenders with agility and creativity. ""Maradona'd"" probably means to perform a skillful move to get past a defender, similar to how Maradona played.

Now, Sean Couturier: He is a professional ice hockey player, specifically in the NHL, playing for the Philadelphia Flyers. He's known as a center, recognized for his defensive skills, face-off ability, and two-way play, not particularly for flashy, Maradona-like dribbling moves.

Considering the context:
- In hockey, players do perform dekes (deceptions) to get past defenders, but comparing it to Maradona's style might be a stretch because Maradona's moves are iconic in soccer, not hockey.
- The verb ""maradona'd"" isn't a standard term in hockey or common parlance; it's a creative use, likely implying a highly skillful evasion.
- For the sentence to be plausible, it would need to make sense in the sports context. In hockey, commentators might use metaphorical language, but ""maradona'd"" specifically evokes soccer, which isn't directly applicable to hockey. It could be seen as implausible because the sports are different, and Couturier isn't known for that type of move.

Final reasoning: While creative language is sometimes used in sports commentary, ""maradona'd"" is strongly tied to soccer, and applying it to a hockey player like Couturier, who plays a different sport, makes it less plausible. The sentence might be understood metaphorically, but it's not a standard or likely description in hockey contexts.

Final answer: no",no,no,True,yes_no,,cot_zs,sports_understanding,1
124,"Is the following sentence plausible? ""Julian Edelman fumbled the ball.""",yes,"Julian Edelman is a former NFL wide receiver known for his reliable hands and clutch catches, particularly in playoff games. While any player can fumble, Edelman was not particularly prone to fumbles during his career. The statement describes a possible event, even if not especially characteristic of him.  

Final answer: yes",yes,yes,True,yes_no,,cot_zs,sports_understanding,1
125,"Is the following sentence plausible? ""Darius Slayton ran out of bounds in the AFC championship.""",yes,"Let’s break this down:  

1. **Identify the sport** — Running out of bounds is common in American football.  
2. **Identify the player** — Darius Slayton is a wide receiver for the New York Giants (NFL).  
3. **Identify the event** — The AFC championship is a game between two AFC teams to decide the AFC champion.  
4. **Check team conference** — The New York Giants are in the NFC, not the AFC.  
5. **Conclusion** — A Giants player cannot be playing in the AFC championship unless traded/playing for an AFC team at that time, which is not the case for Darius Slayton in reality.  

Thus, the situation described is **not plausible**.  

Final answer: no",no,yes,False,yes_no,,cot_zs,sports_understanding,1
126,"Is the following sentence plausible? ""Philip Rivers drove into the restricted area.""",no,"Let’s think through this step by step.  

1. **Identify the context** — The sentence mentions “Philip Rivers” and “drove into the restricted area.”  
2. **Philip Rivers** is a well-known former NFL quarterback.  
3. In sports, “drove into the restricted area” is a phrase more commonly associated with basketball, where a player drives toward the basket and enters the key or restricted arc.  
4. Philip Rivers did not play professional basketball; he played football.  
5. In football, “drove” could metaphorically describe leading a team down the field, but “restricted area” is not a standard football term for a quarterback’s movement.  
6. Therefore, the sentence as given seems mismatched — it uses a basketball action for a football player, making it implausible in a real sports context.  

Final answer: no",no,no,True,yes_no,,cot_zs,sports_understanding,1
127,"Is the following sentence plausible? ""Gleyber Torres got a base hit.""",yes,"Gleyber Torres is a professional baseball player, and a base hit is a common and plausible outcome in baseball. Therefore, the sentence is plausible.  

Final answer: yes",yes,yes,True,yes_no,,cot_zs,sports_understanding,1
128,"Is the following sentence plausible? ""Carson Wentz took to the ice.""",no,"Carson Wentz is known as an American football quarterback, not a hockey player. The phrase ""took to the ice"" typically refers to hockey, skating, or other ice-related sports. Since Wentz is not associated with ice sports, the sentence is not plausible.  

Final answer: no",no,no,True,yes_no,,cot_zs,sports_understanding,1
129,"Is the following sentence plausible? ""Arjen Robben crossed the blue line in the Stanley Cup.""",no,"Let’s break this down.  

1. **Arjen Robben** is a famous Dutch soccer player (footballer), known for playing for clubs like Bayern Munich and Chelsea, and for the Netherlands national team.  
2. **""Crossed the blue line""** is a phrase used in ice hockey — specifically, it refers to moving the puck across one of the two blue lines that divide the rink into zones.  
3. **The Stanley Cup** is the championship trophy awarded in the NHL (National Hockey League), the top-level professional ice hockey league.  

Since Arjen Robben is a soccer player and has no known professional ice hockey involvement, it is not plausible that he would be crossing the blue line in a Stanley Cup game.  

Final answer: no",no,no,True,yes_no,,cot_zs,sports_understanding,1
130,"Is the following sentence plausible? ""Drew Brees was flagged on the play.""",yes,"Let’s think through this step by step.  

1. **Identify the context**: The sentence is about a sports play, specifically mentioning ""Drew Brees"" and that he ""was flagged on the play.""  
2. **Understand ""flagged""**: In American football, being ""flagged"" means a penalty was called on a player.  
3. **Who is Drew Brees?** Drew Brees is a former NFL quarterback.  
4. **Plausibility check**: Quarterbacks can be penalized for certain actions, such as intentional grounding, illegal forward pass, or unsportsmanlike conduct.  
5. **Conclusion**: It is plausible for a quarterback like Drew Brees to be flagged during a game.  

Final answer: yes",yes,yes,True,yes_no,,cot_zs,sports_understanding,1
131,"Is the following sentence plausible? ""Khyri Thomas  changed direction in the backfield in the NFC championship.""",no,"Let’s break this down.  

1. **Identify the sport and context** — The phrase mentions ""backfield"" and ""NFC championship.""  
   - ""Backfield"" is a term used in American football, referring to the area behind the line of scrimmage.  
   - ""NFC championship"" is a National Football Conference playoff game in the NFL.  

2. **Identify the person** — Khyri Thomas.  
   - Khyri Thomas is a basketball player (NBA), not an NFL football player.  

3. **Plausibility check** — An NBA player changing direction in the backfield during an NFC championship game doesn’t make sense, because he wouldn’t be playing in an NFL game.  

4. **Conclusion** — The scenario is not plausible.  

Final answer: no",no,no,True,yes_no,,cot_zs,sports_understanding,1
132,"Is the following sentence plausible? ""Francisco Lindor walked on ball four.""",yes,"Let’s break this down.  

In baseball, “walk” means the batter receives four balls, allowing them to go to first base.  
“Ball four” is the specific pitch that causes the walk.  
So saying “Francisco Lindor walked on ball four” is logically equivalent to “Francisco Lindor was walked by the fourth ball.”  
That is a plausible and grammatically correct baseball statement.  

Final answer: yes",yes,yes,True,yes_no,,cot_zs,sports_understanding,1
133,"Is the following sentence plausible? ""Klaas Jan Huntelaar scored the easy layup.""",no,"Klaas Jan Huntelaar is a Dutch professional footballer (soccer player), known as a striker.  
A ""layup"" is a basketball shot, typically close to the basket, not a term used in soccer.  
Therefore, it is not plausible for a soccer player to score a layup in a sports context.  

Final answer: no",no,no,True,yes_no,,cot_zs,sports_understanding,1
134,"Is the following sentence plausible? ""Jakub Vrana hit a walkoff homer.""",no,"Jakub Vrána is a professional ice hockey player, not a baseball player. A ""walkoff homer"" is a baseball term referring to a game-ending home run. Since Vrána plays hockey, not baseball, it would not be plausible for him to hit a walkoff homer.  

Final answer: no",no,no,True,yes_no,,cot_zs,sports_understanding,1
135,"Is the following sentence plausible? ""Marcell Ozuna hit into a double play.""",yes,"Let’s think through this step by step.  

1. **Identify the context** — Marcell Ozuna is a professional baseball player.  
2. **Understand the action** — “Hit into a double play” means he hit the ball and the defense recorded two outs on the same play.  
3. **Plausibility check** — This is a common baseball event that can happen to any batter, especially if there are runners on base and the ball is hit on the ground in a way that allows two outs.  
4. **Conclusion** — There is nothing unusual or physically impossible about this scenario.  

Final answer: yes",yes,yes,True,yes_no,,cot_zs,sports_understanding,1
136,"Is the following sentence plausible? ""Allen Robinson gained five yards.""",yes,"Allen Robinson is a wide receiver in the NFL. Wide receivers typically gain yards by catching passes, but they can also gain yards on running plays such as end-arounds or reverses. Gaining five yards is a common and plausible outcome for a wide receiver on such a play.  

Final answer: yes",yes,yes,True,yes_no,,cot_zs,sports_understanding,1
137,"Is the following sentence plausible? ""Ryan O'Reilly hit the wheel route.""",no,"First, I need to understand what a ""wheel route"" is. In American football, a wheel route is a pass route typically run by a running back or sometimes a receiver. It starts as an out route or flat route and then turns upfield along the sideline, resembling a wheel turning.

Now, Ryan O'Reilly: I know Ryan O'Reilly as a professional ice hockey player, specifically in the NHL. He's a center who has played for teams like the St. Louis Blues and Toronto Maple Leafs. Hockey players don't run football routes; they play on ice with sticks and a puck.

So, if Ryan O'Reilly is a hockey player, it doesn't make sense for him to be hitting a wheel route, which is a football term. The sentence seems implausible because it's mixing sports contexts in a way that doesn't align with reality.

Final answer: no",no,no,True,yes_no,,cot_zs,sports_understanding,1
138,"Is the following sentence plausible? ""Mitchell Trubisky caught the screen pass.""",yes,"Mitchell Trubisky is an NFL quarterback, known for throwing passes, not typically for catching them. In football, quarterbacks rarely catch passes during offensive plays, as their primary role is to pass the ball. While there are occasional trick plays where a quarterback might receive a pass, such instances are uncommon. Given that the sentence describes a routine play like a ""screen pass,"" it is unlikely that Trubisky would be the one catching it.  

Final answer: no",no,yes,False,yes_no,,cot_zs,sports_understanding,1
139,"Is the following sentence plausible? ""Nick Foles lost control of the puck.""",no,"Nick Foles is an American football quarterback, known for playing in the NFL. The phrase ""lost control of the puck"" refers to ice hockey, where a puck is used instead of a ball. Since Nick Foles is not a hockey player, it is not plausible that he would be handling a puck in a sports context.  

Final answer: no",no,no,True,yes_no,,cot_zs,sports_understanding,1
140,"Is the following sentence plausible? ""Frederik Andersen crossed the blue line in the Stanley Cup.""",yes,"Let’s break this down:  

1. **Frederik Andersen** is a professional ice hockey goaltender, most notably playing in the NHL.  
2. In ice hockey, crossing the **blue line** refers to players moving into the offensive or defensive zone.  
3. Goaltenders rarely cross the blue line during gameplay because they typically stay in their defensive zone.  
4. The **Stanley Cup** is the NHL championship trophy, so this sentence could refer to an event during the Stanley Cup playoffs or finals.  
5. Although unusual, a goaltender could cross the blue line in rare situations — for example, if pulled for an extra attacker and then returning to the net, or in a chaotic play.  
6. The sentence is **grammatically correct** and describes a **possible** action, even if uncommon.  

Thus, the statement is **plausible**.  

Final answer: yes",yes,yes,True,yes_no,,cot_zs,sports_understanding,1
141,"Is the following sentence plausible? ""Aleksander Barkov passed the puck.""",yes,"Aleksander Barkov is a professional ice hockey player, and passing the puck is a common action in ice hockey. Therefore, the sentence describes a plausible scenario.  

Final answer: yes",yes,yes,True,yes_no,,cot_zs,sports_understanding,1
142,"Is the following sentence plausible? ""Sergio Ramos hit nothing but net.""",no,"Sergio Ramos is a professional soccer player known for scoring goals, often with headers or shots. In soccer, ""hit nothing but net"" is not a common phrase; it's more typical in basketball to describe a perfect shot without touching the rim. In soccer, a similar idea might be ""scored with a clean strike,"" but ""hit nothing but net"" sounds unusual in this context. Therefore, the sentence is not plausible for soccer terminology.

Final answer: no",no,no,True,yes_no,,cot_zs,sports_understanding,1
143,"Is the following sentence plausible? ""Wayne Rooney watched the pitch go by.""",no,"Let’s break this down.  

- Wayne Rooney is a famous soccer player.  
- In soccer, ""the pitch"" refers to the playing field.  
- ""Watched the pitch go by"" suggests observing the field passing by, which would only make sense if he were moving past it, such as in a vehicle or from a distance while moving.  
- This is not something a player typically does *during a game* — they are on the pitch, not watching it pass by.  
- However, it could happen in a different context, e.g., if he were traveling past a field.  
- The sentence is unusual but not impossible in a literal sense.  
- For plausibility, we consider if it could reasonably happen in a real-world scenario. Yes, it could — if he were in a car, train, etc., passing by a soccer pitch.  

Final answer: yes",yes,no,False,yes_no,,cot_zs,sports_understanding,1
144,"Is the following sentence plausible? ""Kwadwo Asamoah was flagged on the play.""",no,"Kwadwo Asamoah is a professional soccer player (footballer). In soccer, a referee shows a yellow or red card for fouls, not a ""flag."" ""Flagged"" is typically used in American football for penalties. Since this phrasing doesn't match soccer terminology, the sentence is not plausible.  

Final answer: no",no,no,True,yes_no,,cot_zs,sports_understanding,1
145,"Is the following sentence plausible? ""Patrice Bergeron took a backhand shot.""",yes,"Patrice Bergeron is a professional ice hockey player known for taking shots on goal, including backhand shots, which are a common technique in hockey. Therefore, the sentence is plausible.  

Final answer: yes",yes,yes,True,yes_no,,cot_zs,sports_understanding,1
146,"Is the following sentence plausible? ""Luis Robert was out at second.""",yes,"Luis Robert is a professional baseball player, primarily an outfielder. In baseball, a player can be ""out at second"" if they are tagged out while attempting to advance to or steal second base, or if they are forced out there. This is a common baseball scenario. Therefore, the sentence is plausible.  

Final answer: yes",yes,yes,True,yes_no,,cot_zs,sports_understanding,1
147,"Is the following sentence plausible? ""Kailer Yamamoto performed a slide tackle in the European Cup.""",no,"Let’s break this down:  

1. **Identify the sport context** — A “slide tackle” is a move in soccer (football).  
2. **Identify the competition** — The European Cup historically refers to a major European soccer competition (now known as the UEFA Champions League).  
3. **Identify the person** — Kailer Yamamoto is a professional ice hockey player (plays in the NHL for the Edmonton Oilers).  
4. **Check plausibility** — A professional ice hockey player performing a slide tackle in a major soccer competition is extremely unlikely, unless there’s some non-professional or charity event context, but the statement as given implies a professional sports setting.  

Given the mismatch between the athlete’s actual sport and the described action/competition, the sentence is **not plausible**.  

Final answer: no",no,no,True,yes_no,,cot_zs,sports_understanding,1
148,"Is the following sentence plausible? ""Trae Young got into the endzone.""",no,"Let’s think through this step by step.  

1. **Identify the sport context** — Trae Young is a professional basketball player (NBA).  
2. **Understand the phrase** — “Got into the endzone” is terminology from American football, referring to reaching the scoring area (end zone) with the ball.  
3. **Check plausibility** — A basketball player doing something described in football terms during their usual sport is implausible, unless it’s a metaphorical or non-literal scenario (like playing a different sport casually).  
4. **Benchmark intent** — The question is likely testing sports knowledge: mixing a real athlete with an action from a different sport makes the sentence implausible in a literal sense.  

Final answer: no",no,no,True,yes_no,,cot_zs,sports_understanding,1
149,"Is the following sentence plausible? ""Kailer Yamamoto caught the back shoulder fade.""",no,"First, I need to understand the question: ""Is the following sentence plausible? 'Kailer Yamamoto caught the back shoulder fade.'""

I recognize ""Kailer Yamamoto"" as a professional ice hockey player, specifically a forward for the Edmonton Oilers in the NHL. Hockey involves skating, shooting, and passing, but not typically ""catching"" in the way that might be implied here.

The phrase ""back shoulder fade"" sounds familiar from American football. It's a type of pass route where the receiver catches the ball over their back shoulder, often near the sideline. This is common in football, not hockey.

Since Kailer Yamamoto is a hockey player, not a football player, it wouldn't make sense for him to be catching a back shoulder fade in a sports context. The terminology doesn't match his sport.

Therefore, the sentence isn't plausible because it mixes sports terminology incorrectly.

Final answer: no",no,no,True,yes_no,,cot_zs,sports_understanding,1
150,"Is the following sentence plausible? ""Ramires scored a header goal.""",yes,"First, I need to determine if the sentence ""Ramires scored a header goal"" is plausible. This involves checking if Ramires, as a soccer player, is known for scoring goals with his head.

I recall that Ramires is a Brazilian professional footballer who played as a midfielder, notably for Chelsea and the Brazilian national team. He was known for his energy, stamina, and box-to-box playing style, but he wasn't particularly renowned for his heading ability. Most of his goals were scored with his feet, often from outside the box or through runs into the area.

Considering that header goals are more common for taller players or those who specialize in aerial duels, like center-backs or strikers, it's less likely for a midfielder like Ramires to score many headers. While it's not impossible—any player could score a header in the right situation—it's not a characteristic associated with him based on his playing style and goal history.

Thus, the sentence is not very plausible because it doesn't align with Ramires's typical goal-scoring methods.

Final answer: no",no,yes,False,yes_no,,cot_zs,sports_understanding,1
151,"Is the following sentence plausible? ""Bryce Harper fumbled the ball.""",no,"Bryce Harper is a professional baseball player, primarily known as an outfielder and designated hitter. In baseball, the term ""fumbled"" is not typically used; the more appropriate term for mishandling the ball is ""error"" or ""misplayed."" ""Fumbled"" is more commonly associated with sports like football or basketball, where handling the ball with hands is part of the game. Therefore, describing Bryce Harper with ""fumbled the ball"" is contextually inaccurate for baseball.  

Final answer: no",no,no,True,yes_no,,cot_zs,sports_understanding,1
152,"Is the following sentence plausible? ""Bastian Schweinsteiger scored in added time.""",yes,"Bastian Schweinsteiger is a former professional soccer player who played as a midfielder, notably for Bayern Munich and the German national team.  
Scoring in added time (stoppage time) is a common occurrence in soccer matches.  
Schweinsteiger scored many goals throughout his career, including in important matches, so it is plausible that he scored in added time at some point.  

Final answer: yes",yes,yes,True,yes_no,,cot_zs,sports_understanding,1
153,"Is the following sentence plausible? ""Jonas Valanciunas beat the buzzer.""",yes,"Jonas Valančiūnas is a professional basketball player. In basketball, ""beat the buzzer"" means scoring a basket just before the game or shot clock expires.  
Since he is an NBA player, it is plausible that he could make such a play in a game.  

Final answer: yes",yes,yes,True,yes_no,,cot_zs,sports_understanding,1
154,"Is the following sentence plausible? ""Tyler Boyd hit the screen pass in the NFC divisional round.""",yes,"Let’s break this down:  

1. **Tyler Boyd** is an NFL wide receiver, but he plays for the Tennessee Titans (as of 2024) and previously for the Cincinnati Bengals.  
2. The **NFC divisional round** is part of the NFC playoffs.  
3. The Bengals and Titans are AFC teams, not NFC.  
4. A **screen pass** is a common play in football, so that part is fine.  
5. If Tyler Boyd were playing in the NFC divisional round, he would have to be on an NFC team at that time — but he has never been on an NFC team during his NFL career.  

Therefore, the situation described is **not plausible** given real NFL team alignments and playoff structure.  

Final answer: no",no,yes,False,yes_no,,cot_zs,sports_understanding,1
155,"Is the following sentence plausible? ""Mitchell Robinson airballed the shot.""",yes,"Mitchell Robinson is an NBA player known for his rebounding and shot-blocking, not typically for shooting from distance. If the context is a close-range shot, an airball would be less likely but still possible. Since airballs can happen to any player on any type of shot, the sentence is plausible.  

Final answer: yes",yes,yes,True,yes_no,,cot_zs,sports_understanding,1
156,"Is the following sentence plausible? ""Wayne Rooney threw a touchdown in the Superbowl.""",no,"Wayne Rooney is a famous English soccer player, not an American football player. The Super Bowl is the championship game of the National Football League (NFL), where touchdowns are scored. A soccer player throwing a touchdown in the Super Bowl is highly implausible.  

Final answer: no",no,no,True,yes_no,,cot_zs,sports_understanding,1
157,"Is the following sentence plausible? ""Gerrit Cole committed a handball in the European Cup.""",no,"Let’s break this down:  

1. **Gerrit Cole** is a well-known American professional baseball pitcher, primarily playing in MLB.  
2. **Handball** is a violation in soccer (football), not in baseball.  
3. **European Cup** is a soccer competition (now known as the UEFA Champions League).  
4. A baseball player committing a handball in a soccer tournament is highly implausible, given the different sports and contexts.  

Therefore, the sentence is not plausible.  

Final answer: no",no,no,True,yes_no,,cot_zs,sports_understanding,1
158,"Is the following sentence plausible? ""Yaya Toure scored a freekick.""",yes,"Yaya Touré was known for his powerful shooting and occasionally took free-kicks, especially earlier in his career. While he was not the primary free-kick taker at all his clubs, he did score from free-kicks on some occasions, such as during his time at Monaco and for the Ivory Coast national team. Therefore, the statement is plausible.  

Final answer: yes",yes,yes,True,yes_no,,cot_zs,sports_understanding,1
159,"Is the following sentence plausible? ""James Karinchak worked a full count.""",yes,"First, I need to understand the question: ""Is the following sentence plausible? 'James Karinchak worked a full count.'""

I know that ""worked a full count"" is a baseball term. A full count means the batter has three balls and two strikes. When a pitcher ""works a full count,"" it typically means they threw enough pitches to reach a full count situation, often implying they are challenging the batter and trying to avoid walking them or giving up a hit.

Now, who is James Karinchak? I recall he is a professional baseball pitcher, currently playing for the Cleveland Guardians in MLB. He's a relief pitcher known for his strikeout ability.

Considering his role as a pitcher, it's plausible for him to ""work a full count"" because pitchers often face batters and can end up in full count situations. It's a common part of pitching in baseball.

Therefore, the sentence is plausible.

Final answer: yes",yes,yes,True,yes_no,,cot_zs,sports_understanding,1
160,"Is the following sentence plausible? ""Frederik Andersen converted the first down.""",no,"Let’s break this down.  

1. **Frederik Andersen** is a well-known NHL goaltender (plays for the Carolina Hurricanes, previously Toronto Maple Leafs).  
2. **“Converted the first down”** is a phrase used in American football, meaning a team successfully gained enough yards to achieve a new set of downs.  
3. In football, this is done by the offense — typically a quarterback, running back, or receiver — not by someone in a sport like ice hockey.  
4. Since Frederik Andersen is a hockey player, not a football player, it’s implausible for him to be described as converting a first down in a realistic context.  

Final answer: no",no,no,True,yes_no,,cot_zs,sports_understanding,1
161,"Is the following sentence plausible? ""Dougie Hamilton hit the buzzer beater.""",no,"Let’s break this down.  

1. **Identify the context** — “buzzer beater” is a term used in sports for a score made just before time expires, most commonly in basketball.  
2. **Identify the person** — Dougie Hamilton is a professional ice hockey defenseman in the NHL.  
3. **Check plausibility** — In hockey, the term “buzzer beater” is not typically used; goals at the end of a period are described differently. Also, Hamilton is known for defense, not last-second scoring in a basketball sense.  
4. **Conclusion** — The sentence mixes a hockey player with a basketball phrase in a way that doesn’t fit real-world sports reporting, so it’s implausible.  

Final answer: no",no,no,True,yes_no,,cot_zs,sports_understanding,1
162,"Is the following sentence plausible? ""Juan Mata caught the screen pass.""",no,"Step by step reasoning:
1. Juan Mata is a professional soccer player (footballer), known for playing for clubs like Manchester United and the Spanish national team.
2. A ""screen pass"" is a term used in American football, referring to a type of short pass play.
3. Soccer players do not participate in American football plays during official games.
4. Therefore, it is not plausible for a soccer player like Juan Mata to catch a screen pass in a professional sports context.

Final answer: no",no,no,True,yes_no,,cot_zs,sports_understanding,1
163,"Is the following sentence plausible? ""Michael Conforto comitted a three second violation.""",no,"Let’s break this down.  

1. **Identify the context** — ""three second violation"" is a rule in basketball, not baseball.  
2. **Identify the person** — Michael Conforto is a professional baseball player (MLB outfielder).  
3. **Check plausibility** — A baseball player committing a basketball violation during their sport is impossible.  
4. **Conclusion** — The sentence is not plausible.  

Final answer: no",no,no,True,yes_no,,cot_zs,sports_understanding,1
164,"Is the following sentence plausible? ""Mike Trout hit a walkoff homer.""",yes,"Mike Trout is a professional baseball player, primarily known as an outfielder for the Los Angeles Angels. A ""walkoff homer"" refers to a home run hit in the bottom of the final inning that immediately ends the game, giving the home team a victory. Since Mike Trout plays for the Angels, who are a home team in their own ballpark, it is plausible for him to hit a walkoff homer in a home game.  

Final answer: yes",yes,yes,True,yes_no,,cot_zs,sports_understanding,1
165,"Is the following sentence plausible? ""Delon Wright went for it on fourth down.""",no,"Let’s break this down.  

1. **Identify the sport context** — “fourth down” is a term used in American football.  
2. **Identify the person** — Delon Wright is a professional basketball player (NBA).  
3. **Check plausibility** — An NBA player would not be involved in an American football game in a professional context.  
4. **Conclusion** — The scenario is not plausible.  

Final answer: no",no,no,True,yes_no,,cot_zs,sports_understanding,1
166,"Is the following sentence plausible? ""Keenan Allen drew a flag on the play in the NFC championship.""",yes,"Let’s break this down:  

1. **Identify the player** — Keenan Allen is an NFL wide receiver.  
2. **Check team/conference context** — Keenan Allen has spent most of his career with the Chargers (AFC) and later the Bears (NFC in 2024).  
3. **NFC Championship** — This is an NFC conference game to decide who goes to the Super Bowl.  
4. **Plausibility** — If Allen played for an NFC team during a season when his team reached the NFC Championship game, then him drawing a flag in that game is plausible.  
5. **Historical check** — As of now, Keenan Allen has never played in an NFC Championship game in his career (through 2023 season). In 2024 he was traded to the Bears, but they did not reach the NFC Championship that season.  

Since there’s no actual occurrence of him playing in an NFC Championship, the scenario is **not plausible** based on real NFL history.  

Final answer: no",no,yes,False,yes_no,,cot_zs,sports_understanding,1
167,"Is the following sentence plausible? ""Keenan Allen beat the buzzer in the Western Conference Finals.""",no,"Let’s break this down.  

1. **Identify the sport context** — “beat the buzzer” is a phrase used in basketball when a player makes a shot just before the game clock expires.  
2. **Identify the competition** — “Western Conference Finals” refers to the NBA playoffs, specifically the round before the NBA Finals in the Western Conference.  
3. **Identify the player** — Keenan Allen is a wide receiver in the NFL, not an NBA player.  
4. **Check plausibility** — An NFL player cannot be scoring a buzzer-beater in an NBA playoff game.  

Therefore, the situation described is not plausible.  

Final answer: no",no,no,True,yes_no,,cot_zs,sports_understanding,1
168,"Is the following sentence plausible? ""Santi Cazorla called for the screen.""",no,"Let’s break this down.  

1. **Identify the context** — “called for the screen” is a phrase commonly used in basketball, where a player signals for a teammate to set a pick (screen).  
2. **Identify the person** — Santi Cazorla is a professional soccer player (footballer), not a basketball player.  
3. **Plausibility check** — In his sport (soccer), “screen” isn’t a standard term for an on-field action. While “screen” could be used in a loose metaphorical sense (e.g., screening an opponent), “called for the screen” is not a typical soccer phrase.  
4. **Conclusion** — Given the usual interpretation, the sentence is not plausible for Santi Cazorla in his professional context.  

Final answer: no",no,no,True,yes_no,,cot_zs,sports_understanding,1
169,"Is the following sentence plausible? ""Mookie Betts took a side-step three.""",no,"Let’s break this down.  

- **Mookie Betts** is a professional baseball player (primarily an outfielder, also plays infield).  
- In baseball, “took a side-step three” doesn’t match standard terminology.  
- “Side-step” could refer to a foot movement, but “three” in baseball usually means third base or possibly the third pitch, but “side-step three” isn’t a known phrase.  
- If it meant “took a side-step on a 3–2 count” or something similar, it would be phrased differently.  
- As stated, the sentence sounds like a mix of unrelated terms or possibly a misstatement of a basketball move (“step-back three”), which is plausible for a basketball player but not for Mookie Betts in baseball.  

Thus, the sentence as given is **not plausible** in the context of Mookie Betts and baseball.  

Final answer: no",no,no,True,yes_no,,cot_zs,sports_understanding,1
170,"Is the following sentence plausible? ""Igor Shesterkin launched a hail mary.""",no,"Let’s break this down.  

- Igor Shesterkin is a professional ice hockey goaltender for the New York Rangers.  
- A “Hail Mary” is a term from American football, referring to a long, desperate pass made in hopes of scoring, usually at the end of a game.  
- In hockey, a long desperate pass or shot is not called a “Hail Mary”; terms like “long pass,” “stretch pass,” or “desperation shot/clear” are more appropriate.  
- So, saying a hockey player “launched a Hail Mary” is not a typical or plausible phrasing in the context of hockey.  

Final answer: no",no,no,True,yes_no,,cot_zs,sports_understanding,1
171,"Is the following sentence plausible? ""Jonas Valanciunas beat the buzzer.""",yes,"Jonas Valančiūnas is a professional basketball player. In basketball, ""beat the buzzer"" means scoring a basket just before the game or shot clock expires.  
Since he is an NBA player, it is plausible that he could make such a play in a game.  

Final answer: yes",yes,yes,True,yes_no,,cot_zs,sports_understanding,1
172,"Is the following sentence plausible? ""Tyler Glasnow watched the pitch go by.""",yes,"Tyler Glasnow is a professional baseball pitcher. If he is watching a pitch go by, that would imply he is batting rather than pitching. Pitchers do sometimes bat in certain leagues (like the National League before the universal DH), so it's plausible for a pitcher to be in the batting role and watch a pitch go by.  

Final answer: yes",yes,yes,True,yes_no,,cot_zs,sports_understanding,1
173,"Is the following sentence plausible? ""Jaylen Brown comitted a three second violation.""",yes,"Let’s break this down.  

1. **Jaylen Brown** is a professional basketball player in the NBA.  
2. A **three-second violation** in basketball occurs when an offensive player remains in the painted area (the key) for more than three seconds.  
3. This is a rule violation that any player could commit during a game.  
4. Since Jaylen Brown plays basketball, it is entirely possible for him to commit this violation in a real game.  

Therefore, the sentence is plausible.  

Final answer: yes",yes,yes,True,yes_no,,cot_zs,sports_understanding,1
174,"Is the following sentence plausible? ""Ryan Tannehill hit a triple.""",no,"Ryan Tannehill is primarily known as an NFL quarterback, not a baseball player. In baseball, ""hitting a triple"" refers to hitting a ball and reaching third base safely. Since Tannehill is a football player, it is not plausible for him to be hitting a triple in a professional baseball context.  

Final answer: no",no,no,True,yes_no,,cot_zs,sports_understanding,1
175,"Is the following sentence plausible? ""Freddie Freeman watched the pitch go by.""",yes,"Freddie Freeman is a professional baseball player, primarily a first baseman. In baseball, ""watching the pitch go by"" means not swinging at a pitch. This is a common action for batters assessing whether a pitch is a ball or a strike. Therefore, the sentence describes a plausible scenario in a baseball context.  

Final answer: yes",yes,yes,True,yes_no,,cot_zs,sports_understanding,1
176,"Is the following sentence plausible? ""Mookie Betts scored on the power play.""",no,"Let’s break this down:  

1. **Identify the sport context** — Mookie Betts is a professional baseball player (MLB).  
2. **Understand the phrase “scored on the power play”** — “Power play” is a term used in ice hockey (and sometimes in other sports like soccer or rugby in different contexts) to describe a situation where one team has a numerical advantage due to a penalty on the opposing team.  
3. **Check term compatibility** — In baseball, there is no “power play” situation. Scoring happens via runs from hitting, baserunning, etc., not via a special hockey-like power play.  
4. **Plausibility judgment** — Since Mookie Betts plays baseball and “power play” is not a baseball term, the sentence is not plausible for a real game situation.  

Final answer: no",no,no,True,yes_no,,cot_zs,sports_understanding,1
177,"Is the following sentence plausible? ""Bryce Harper hit the back shoulder fade.""",no,"Let’s break this down.  

- Bryce Harper is a professional baseball player (outfielder/designated hitter for the Philadelphia Phillies).  
- “Back shoulder fade” is a term from football (specifically quarterback-receiver passing), referring to a throw to the receiver’s back shoulder to avoid defenders.  
- In baseball, “back shoulder” could describe a pitch location, but “fade” is not a standard baseball term for a hitting action.  
- The phrasing “hit the back shoulder fade” doesn’t make sense in baseball; it mixes terminology from different sports incorrectly.  

Thus, the sentence is not plausible.  

Final answer: no",no,no,True,yes_no,,cot_zs,sports_understanding,1
178,"Is the following sentence plausible? ""Domantas Sabonis gained five yards in the AFC championship.""",no,"Let’s break this down:  

1. **Identify the sport context** — “gained five yards” is common in American football.  
2. **Identify the person** — Domantas Sabonis is a professional basketball player (NBA).  
3. **Identify the event** — “AFC championship” is an American football conference championship game (NFL).  
4. **Check plausibility** — An NBA basketball player gaining yards in an NFL playoff game is highly improbable.  

Therefore, the sentence is **not plausible**.  

Final answer: no",no,no,True,yes_no,,cot_zs,sports_understanding,1
179,"Is the following sentence plausible? ""James Harden shot from outside the eighteen.""",no,"Let’s think through this step by step.  

1. **Identify the sport**: James Harden is a professional basketball player.  
2. **Key phrase**: ""shot from outside the eighteen"" — in basketball, distances are usually referred to in feet (e.g., ""outside the three-point line""), not ""eighteen.""  
3. **""Outside the eighteen""** is a phrase used in soccer (football), referring to the penalty area (18-yard box).  
4. Since James Harden is a basketball player, not a soccer player, the statement mixes sports incorrectly.  

Therefore, the sentence is **not plausible**.  

Final answer: no",no,no,True,yes_no,,cot_zs,sports_understanding,1
180,"Is the following sentence plausible? ""David Silva took a throw in.""",yes,"David Silva is a professional soccer player known primarily as an attacking midfielder. In soccer, throw-ins are typically taken by players positioned near the sideline when the ball goes out of bounds, often defenders or midfielders who are close to the touchline. While it is less common for a player like Silva, who usually plays centrally, to take a throw-in, it is not impossible, especially if he was nearest to where the ball exited the field. Therefore, the scenario is plausible.

Final answer: yes",yes,yes,True,yes_no,,cot_zs,sports_understanding,1
181,"Is the following sentence plausible? ""Courtland Sutton hit a triple.""",no,"Let’s break this down.  

- Courtland Sutton is an American football wide receiver for the Denver Broncos.  
- “Hit a triple” is a baseball term, meaning hitting a three-base hit.  
- A football player performing a baseball action in a literal sense is implausible in a typical sports context.  

Thus, the sentence is not plausible.  

Final answer: no",no,no,True,yes_no,,cot_zs,sports_understanding,1
182,"Is the following sentence plausible? ""Deshaun Watson took a corner kick.""",no,"Let’s break this down.  

- Deshaun Watson is a professional American football quarterback in the NFL.  
- A “corner kick” is a term used in soccer (football in most countries), where the ball is kicked from the corner of the field after it goes out of play over the goal line, last touched by the defending team.  
- Deshaun Watson is not known to be a professional soccer player.  
- Therefore, it is not plausible for him to take a corner kick in a typical context.  

Final answer: no",no,no,True,yes_no,,cot_zs,sports_understanding,1
183,"Is the following sentence plausible? ""Cooper Kupp scored in the third period in the Stanley Cup.""",no,"Let’s break this down:  

1. **Cooper Kupp** is an American football wide receiver in the NFL.  
2. The **Stanley Cup** is the championship trophy of the National Hockey League (NHL), awarded in hockey.  
3. Hockey games are divided into three **periods**, not quarters.  
4. For Cooper Kupp to score in the third period of a Stanley Cup game, he would have to be playing hockey in the NHL, which he does not.  

Therefore, the statement is **not plausible**.  

Final answer: no",no,no,True,yes_no,,cot_zs,sports_understanding,1
184,"Is the following sentence plausible? ""Robert Lewandowski threw a touchdown.""",no,"Robert Lewandowski is a professional soccer player known for his career in football (soccer), not American football. In soccer, players do not throw touchdowns; that term is specific to American football, where a quarterback throws a touchdown pass. Therefore, it is not plausible for Robert Lewandowski to be involved in throwing a touchdown.

Final answer: no",no,no,True,yes_no,,cot_zs,sports_understanding,1
185,"Is the following sentence plausible? ""Nick Castellanos hit the wheel route.""",no,"Let’s break this down.  

1. **Identify the context** — “wheel route” is a term from American football, referring to a pass route where a receiver (often a running back) starts by running flat or toward the sideline, then turns upfield vertically.  
2. **Identify the subject** — Nick Castellanos is a professional baseball player (MLB outfielder).  
3. **Check plausibility** — A baseball player would not “hit” a wheel route in a football sense; “hit” in baseball means making contact with a pitched ball, not running a football route.  
4. **Conclusion** — The sentence mixes sports terminology incorrectly, so it is not plausible.  

Final answer: no",no,no,True,yes_no,,cot_zs,sports_understanding,1
186,"Is the following sentence plausible? ""Fred VanVleet scored a freekick in the Champions League Final.""",no,"Let’s break this down:  

1. **Fred VanVleet** is a professional basketball player (NBA).  
2. A **free kick** is a term used in soccer (football), not basketball.  
3. The **Champions League Final** refers to the UEFA Champions League in soccer.  
4. A basketball player scoring a free kick in a soccer final is not plausible — different sports, different contexts.  

Final answer: no",no,no,True,yes_no,,cot_zs,sports_understanding,1
187,"Is the following sentence plausible? ""Kawhi Leonard took a turnaround jumper.""",yes,"Kawhi Leonard is an NBA basketball player known for his mid-range shooting, including turnaround jump shots. A turnaround jumper is a common basketball move where a player turns away from the defender to shoot. This action is entirely plausible for a professional basketball player like Kawhi Leonard during a game.

Final answer: yes",yes,yes,True,yes_no,,cot_zs,sports_understanding,1
188,"Is the following sentence plausible? ""Amari Cooper scored a penalty kick.""",no,"Let’s think through this step by step.  

1. **Identify the sport context** — “penalty kick” is a term used in soccer (football) for a type of scoring opportunity.  
2. **Identify the person** — Amari Cooper is a well-known American football wide receiver (NFL, Dallas Cowboys at the time of knowledge cutoff).  
3. **Check plausibility** — Amari Cooper is not a professional soccer player. In American football, there are no “penalty kicks.”  
4. **Conclusion** — The sentence is not plausible because it mixes a football (NFL) player with a soccer event.  

Final answer: no",no,no,True,yes_no,,cot_zs,sports_understanding,1
189,"Is the following sentence plausible? ""Jesus Luzardo was called for slashing.""",no,"Let’s break this down.  

1. **Identify the context** — “slashing” is a penalty in **ice hockey**, where a player swings their stick at an opponent.  
2. **Identify the person** — Jesus Luzardo is a **Major League Baseball pitcher** for the Miami Marlins.  
3. **Check plausibility** — A baseball player would not be penalized for a hockey infraction during their sport.  
4. **Conclusion** — The sentence is not plausible in a real-world context.  

Final answer: no",no,no,True,yes_no,,cot_zs,sports_understanding,1
190,"Is the following sentence plausible? ""Vincent Kompany scored a bicycle kick.""",yes,"Vincent Kompany is a former professional footballer, primarily known as a central defender. While he scored some memorable goals, he was not particularly known for spectacular overhead or bicycle kicks, which are more commonly associated with attacking players. However, as a professional footballer, it is not impossible for him to have scored such a goal at some point in his career, even if it is not a famous or widely documented event.  

Final answer: yes",yes,yes,True,yes_no,,cot_zs,sports_understanding,1
191,"Is the following sentence plausible? ""Petr Cech was safe at first.""",no,"Petr Čech is a famous professional football (soccer) goalkeeper, known for playing for clubs like Chelsea and the Czech Republic national team.  
In baseball, ""safe at first"" is a term used when a batter reaches first base without being put out.  
Since Petr Čech is a soccer player, not a baseball player, the statement doesn’t make sense in a real-world context.  

Final answer: no",no,no,True,yes_no,,cot_zs,sports_understanding,1
192,"Is the following sentence plausible? ""Caris LeVert scored a reverse dunk.""",yes,"Caris LeVert is primarily known as a shooting guard/small forward in the NBA, recognized for his scoring ability, ball-handling, and perimeter play rather than high-flying athleticism or dunking prowess. A ""reverse dunk"" typically requires significant vertical leap and athleticism, more commonly associated with players known for highlight-reel dunks. While LeVert is a capable athlete, he isn't widely recognized for performing flashy dunks like reverse dunks in games. Therefore, it's unlikely but not impossible.

Final answer: no",no,yes,False,yes_no,,cot_zs,sports_understanding,1
193,"Is the following sentence plausible? ""Max Scherzer was safe at first.""",yes,"Max Scherzer is a professional baseball pitcher, primarily known for his role on the mound. In baseball, pitchers do not typically run the bases unless they are also batting — which happens in leagues without a designated hitter, such as the National League in MLB. However, being ""safe at first"" usually refers to a batter-runner reaching first base safely. Since Scherzer is a pitcher, it is plausible in certain game situations (e.g., when he bats and hits the ball, or on a fielder’s choice, walk, or error) that he could be safe at first.  

Final answer: yes",yes,yes,True,yes_no,,cot_zs,sports_understanding,1
194,"Is the following sentence plausible? ""Jordan Binnington scored in the third period.""",yes,"Jordan Binnington is a professional ice hockey goaltender. In ice hockey, goaltenders rarely score goals, and when they do, it is typically by shooting the puck into the opponent's empty net when the opposing team has pulled their goalie for an extra attacker. While it is not impossible for a goaltender to score, it is extremely uncommon. The sentence does not specify that it was a goal, but in the context of sports, ""scored"" typically means scoring a goal. Given the rarity of goaltenders scoring, the scenario is not plausible under normal circumstances.  

Final answer: no",no,yes,False,yes_no,,cot_zs,sports_understanding,1
195,"Is the following sentence plausible? ""Javier Zanetti watched the pitch go by in the National League Championship Series.""",no,"Let’s break this down.  

1. **Identify the sport context** — “National League Championship Series” (NLCS) is part of Major League Baseball (MLB).  
2. **Identify the person** — Javier Zanetti is a famous Argentine footballer (soccer player), not a baseball player.  
3. **Interpret the action** — “watched the pitch go by” is a baseball phrase meaning a batter did not swing at a pitched ball.  
4. **Plausibility check** — A soccer player watching a pitch go by in a baseball championship game as a batter is not plausible, unless he had a sudden career change to professional baseball, which is not the case.  

Thus, the scenario is not plausible.  

Final answer: no",no,no,True,yes_no,,cot_zs,sports_understanding,1
196,"Is the following sentence plausible? ""Didier Drogba got into the endzone.""",no,"Let’s think through this step by step.  

1. **Identify the person**: Didier Drogba is a famous professional soccer (football) player from Ivory Coast, known for playing for Chelsea in the English Premier League.  
2. **Understand the action**: ""Got into the endzone"" refers to American football — the end zone is where touchdowns are scored.  
3. **Check plausibility**: Didier Drogba has never played American football professionally; his sport is soccer.  
4. **Conclusion**: It is not plausible for Didier Drogba to get into the endzone in a professional or realistic context.  

Final answer: no",no,no,True,yes_no,,cot_zs,sports_understanding,1
197,"Is the following sentence plausible? ""Sterling Shepard hit a walkoff homer.""",no,"Sterling Shepard is an NFL wide receiver, not a baseball player. A ""walkoff homer"" is a baseball term referring to a game-ending home run. Since Shepard plays football, not baseball, it would be implausible for him to hit a walkoff homer.  

Final answer: no",no,no,True,yes_no,,cot_zs,sports_understanding,1
198,"Is the following sentence plausible? ""Jack Flaherty walked to first base in the National League Championship Series.""",yes,"Let’s reason through this.  

1. **Jack Flaherty** is a Major League Baseball pitcher, primarily for the St. Louis Cardinals (and briefly other teams).  
2. **Walking to first base** happens when a batter receives four balls, or occasionally for other reasons (e.g., intentional walk).  
3. Pitchers in the National League (until the universal DH was adopted in 2022) would sometimes bat in games.  
4. The **National League Championship Series (NLCS)** is a postseason series where pitchers in the NL would bat before 2022.  
5. Jack Flaherty played in the NLCS in 2019 for the Cardinals.  
6. Checking his game logs: In Game 1 of the 2019 NLCS, Flaherty did not bat. In Game 5, he was removed before batting. In other games, he did not bat or did not walk.  
7. In fact, Flaherty never recorded a walk in any postseason game in his career (as of available data).  

So, while it’s *possible* in the sense that NL pitchers could bat in the NLCS before 2022, the specific event “Jack Flaherty walked to first base in the NLCS” did not happen and is therefore **not plausible** given known records.  

Final answer: no",no,yes,False,yes_no,,cot_zs,sports_understanding,1
199,"Is the following sentence plausible? ""Sonny Gray was out at second.""",yes,"Sonny Gray is primarily known as a pitcher in Major League Baseball. Pitchers typically do not run the bases frequently, so being ""out at second"" would be unusual. However, in rare situations, such as during interleague play when pitchers might bat in NL parks or on certain plays like a fielder's choice or a rare hit, it is possible. Given that it's not a common occurrence but is still within the realm of possibility in baseball, the statement is plausible.  

Final answer: yes",yes,yes,True,yes_no,,cot_zs,sports_understanding,1
200,"Is the following sentence plausible? ""Matthew Stafford launched a hail mary.""",yes,"Matthew Stafford is an NFL quarterback known for his strong arm and has played in situations where a ""Hail Mary"" pass—a long, desperate throw into the end zone at the end of a half or game—would be plausible. He has indeed thrown such passes during his career, including in high-stakes moments. Therefore, the statement is plausible.  

Final answer: yes",yes,yes,True,yes_no,,cot_zs,sports_understanding,1
201,"Is the following sentence plausible? ""Gleyber Torres scored a bicycle kick.""",no,"Let’s think through this step by step.  

1. **Identify the sport and context** — Gleyber Torres is a professional baseball player (New York Yankees, infielder).  
2. **Understand the action** — A “bicycle kick” is a type of acrobatic kicking move in soccer/football, where a player kicks the ball backward over their head while in midair.  
3. **Check plausibility** — Baseball does not involve kicking a ball in this manner during normal gameplay. Scoring in baseball is done by hitting with a bat and running bases, or fielding, not by kicking.  
4. **Conclusion** — The sentence describes a soccer action attributed to a baseball player, so it is not plausible.  

Final answer: no",no,no,True,yes_no,,cot_zs,sports_understanding,1
202,"Is the following sentence plausible? ""Thomas Muller hit a triple.""",no,"Thomas Müller is a professional soccer player, and in soccer, the term ""triple"" is not used to describe a scoring action. ""Triple"" is more commonly associated with sports like baseball (a triple base hit) or basketball (a triple-double). Therefore, the sentence ""Thomas Müller hit a triple"" is not plausible in the context of soccer.  

Final answer: no",no,no,True,yes_no,,cot_zs,sports_understanding,1
203,"Is the following sentence plausible? ""Neymar took a backhand shot in the Stanley Cup.""",no,"Let’s break this down:  

1. **Identify the sport context** — “Stanley Cup” is the championship trophy for the National Hockey League (NHL), which is ice hockey.  
2. **Identify the athlete** — Neymar is a famous Brazilian soccer (football) player, not a hockey player.  
3. **Identify the action** — “backhand shot” is a hockey term (also used in some other sports like tennis), but in this sentence it’s paired with the Stanley Cup, so it’s clearly referring to ice hockey.  
4. **Plausibility check** — Neymar has never played professional ice hockey, let alone in the Stanley Cup finals.  

Therefore, the situation described is not plausible.  

Final answer: no",no,no,True,yes_no,,cot_zs,sports_understanding,1
204,"Is the following sentence plausible? ""Ryan Nugent-Hopkins killed the powerplay.""",yes,"Ryan Nugent-Hopkins is a professional ice hockey player, and in hockey, ""killing the powerplay"" refers to successfully defending while short-handed due to a penalty. If he is on the penalty-killing team, this phrase would be plausible. However, if he were on the powerplay team, it would not make sense. Since he is known to play both special teams roles, but ""killing the powerplay"" typically means his team is defending, and as a player on that team, he could be part of that effort, the statement is plausible in a hockey context.  

Final answer: yes",yes,yes,True,yes_no,,cot_zs,sports_understanding,1
205,"Is the following sentence plausible? ""Mark Stone hit a triple.""",no,"First, I need to understand the question: ""Is the following sentence plausible? 'Mark Stone hit a triple.'""

I know that ""hitting a triple"" typically refers to baseball, where a triple is a hit that allows the batter to reach third base safely. So, this is likely about baseball.

Now, I need to identify who Mark Stone is. I recall that Mark Stone is a professional ice hockey player, specifically a forward for the Vegas Golden Knights in the NHL. He's known for his play in hockey, not baseball.

In hockey, terms like ""goal,"" ""assist,"" or ""shot"" are used, but ""triple"" isn't a standard hockey term. A ""triple"" in sports usually means three of something, like a triple-double in basketball or a triple in baseball. In hockey, it might refer to a hat-trick (three goals in a game), but people usually say ""scored a hat-trick"" rather than ""hit a triple."" ""Hit"" isn't commonly used in hockey for scoring; it's more for physical checks.

So, if Mark Stone is a hockey player, saying he ""hit a triple"" might be misinterpreted. If someone said this, it could be a mistake or referring to something else, but in the context of sports understanding, it's implausible because he's not a baseball player, and in hockey, the terminology doesn't match.

Therefore, the sentence isn't plausible for Mark Stone as a hockey player. If it were a baseball player named Mark Stone, but I'm not aware of any famous baseball player by that name. A quick mental check: there might be minor league players, but in common knowledge, Mark Stone is associated with hockey.

Final answer: no",no,no,True,yes_no,,cot_zs,sports_understanding,1
206,"Is the following sentence plausible? ""Teuvo Teravainen shot the puck.""",yes,"Teuvo Teravainen is a professional ice hockey player. In ice hockey, players commonly shoot the puck during gameplay. Therefore, the statement is plausible.  

Final answer: yes",yes,yes,True,yes_no,,cot_zs,sports_understanding,1
207,"Is the following sentence plausible? ""Tom Brady converted the first down.""",yes,"Tom Brady is a well-known American football quarterback. In football, ""converting the first down"" typically refers to gaining enough yards on a play to achieve a new set of downs. While quarterbacks can contribute to first downs by completing passes or occasionally running, the phrase ""converted the first down"" is more commonly associated with the team or a specific play rather than attributed directly to a single player in this way. However, it is plausible in sports commentary to say a player ""converted the first down"" if they made the key play. Given Tom Brady’s role and common usage, the sentence is plausible.

Final answer: yes",yes,yes,True,yes_no,,cot_zs,sports_understanding,1
208,"Is the following sentence plausible? ""Timo Meier nutmegged the defender in the FA Cup.""",no,"Let’s break this down:  

1. **Timo Meier** is a professional ice hockey player (plays in the NHL).  
2. **Nutmeg** is a soccer (football) term — it means playing the ball between an opponent’s legs.  
3. **FA Cup** is a famous English soccer competition.  

Since Timo Meier is a hockey player, not a soccer player, it’s not plausible for him to nutmeg someone in the FA Cup.  

Final answer: no",no,no,True,yes_no,,cot_zs,sports_understanding,1
209,"Is the following sentence plausible? ""Jonathan Marchessault went five hole.""",yes,"Jonathan Marchessault is a professional ice hockey player. In hockey terminology, ""going five hole"" refers to shooting the puck between the goaltender's legs. This is a common and plausible action in hockey.  

Final answer: yes",yes,yes,True,yes_no,,cot_zs,sports_understanding,1
210,"Is the following sentence plausible? ""Collin Sexton hit the buzzer beater.""",yes,"Collin Sexton is a professional basketball player, known for scoring ability.  
A ""buzzer beater"" refers to a shot made just before the game clock expires, which is a common occurrence in basketball.  
Therefore, it is plausible that Collin Sexton could have made such a shot in a game.  

Final answer: yes",yes,yes,True,yes_no,,cot_zs,sports_understanding,1
211,"Is the following sentence plausible? ""Leon Draisaitl grounded out to second base in the National League Championship Series.""",no,"Let’s break this down:  

1. **Leon Draisaitl** is a professional ice hockey player (NHL).  
2. “Grounded out to second base” is a baseball term.  
3. The **National League Championship Series** is part of Major League Baseball (MLB).  
4. A professional hockey player would not be playing in a professional baseball playoff game.  

Therefore, the situation described is not plausible.  

Final answer: no",no,no,True,yes_no,,cot_zs,sports_understanding,1
212,"Is the following sentence plausible? ""John Brown went for it on fourth down in the NFC championship.""",yes,"Let’s break this down:  

1. **Identify key elements** — The sentence mentions “John Brown,” “went for it on fourth down,” and “NFC championship.”  
2. **Sports context** — “NFC championship” is an American football game in the NFL.  
3. **Player/coach role** — “John Brown” is a known NFL wide receiver (player), not a coach or quarterback.  
4. **Who decides to “go for it on fourth down”?** — Usually coaches or quarterbacks making play calls, not a wide receiver by name in that phrasing.  
5. **Plausibility** — If it said “John Brown caught a pass on fourth down in the NFC championship,” that would be plausible. But “John Brown went for it on fourth down” implies he made the decision, which is not his role.  

Thus, the sentence as stated is **not plausible**.  

Final answer: no",no,yes,False,yes_no,,cot_zs,sports_understanding,1
213,"Is the following sentence plausible? ""Adam Thielen got on base.""",no,"Let’s think through this step by step.  

1. **Identify the sport context** — “got on base” is a phrase used in baseball or softball, meaning a player reached base safely (via hit, walk, error, etc.).  
2. **Identify Adam Thielen** — Adam Thielen is a professional American football wide receiver (NFL, formerly with the Minnesota Vikings, now with the Carolina Panthers).  
3. **Check plausibility** — Since Thielen is a football player, not a baseball player, it would be unusual and incorrect to say he “got on base” in a sports context unless it’s a metaphorical or non-literal use (like in a celebrity softball game). But in a literal, professional sports sense, this is not plausible.  

Final answer: no",no,no,True,yes_no,,cot_zs,sports_understanding,1
214,"Is the following sentence plausible? ""Adam Thielen scored in added time.""",no,"Let’s think through this step by step.  

1. **Identify the sport context** — Adam Thielen is an American football wide receiver in the NFL.  
2. **Understand ""added time""** — ""Added time"" is a term used mainly in soccer (football) for extra minutes at the end of a half due to stoppages.  
3. **American football terminology** — In American football, the equivalent concept is ""overtime"" or sometimes ""stoppage time"" but not ""added time.""  
4. **Plausibility check** — If someone familiar with both sports wrote this, they might be mixing terminology. In a strict sense, ""added time"" does not belong in NFL game descriptions.  
5. **Conclusion** — The sentence is not plausible because Adam Thielen plays a sport where ""added time"" is not used.  

Final answer: no",no,no,True,yes_no,,cot_zs,sports_understanding,1
215,"Is the following sentence plausible? ""Michael Thomas took the snap.""",yes,"Let’s think through this step by step.  

1. **Identify the context** — “took the snap” is a phrase used in American football, referring to the quarterback receiving the ball from the center at the start of a play.  
2. **Identify Michael Thomas** — There are two well-known athletes named Michael Thomas:  
   - One is a wide receiver (NFL, New Orleans Saints).  
   - The other is a safety (NFL, various teams).  
3. **Role in football** — Wide receivers and safeties do not typically take the snap; that’s the quarterback’s role.  
4. **Plausibility check** — Unless it’s a trick play or a wildcat formation where a non-QB takes the snap, this would be unusual. But in normal football situations, Michael Thomas would not be taking the snap.  
5. **Conclusion** — The statement is **not plausible** for the well-known Michael Thomas players in their usual positions.  

Final answer: no",no,yes,False,yes_no,,cot_zs,sports_understanding,1
216,"Is the following sentence plausible? ""Jamison Crowder drew a flag on the play.""",yes,"First, I need to understand the question: ""Is the following sentence plausible? 'Jamison Crowder drew a flag on the play.'""

I know that Jamison Crowder is an NFL wide receiver who has played for teams like the Washington Redskins, New York Jets, and Buffalo Bills. In football, ""drawing a flag"" means that a player's actions caused a penalty to be called by the officials, often resulting in a penalty flag being thrown. This could happen if a player is fouled by an opponent, such as pass interference, holding, or a personal foul.

So, if Jamison Crowder was involved in a play where he was fouled, it's plausible that he could draw a flag. For example, if a defender interfered with him during a pass play, a flag might be thrown in his favor. This is a common occurrence in football games.

Therefore, the sentence is plausible because it describes a typical event in an NFL game involving a known player.

Final answer: yes",yes,yes,True,yes_no,,cot_zs,sports_understanding,1
217,"Is the following sentence plausible? ""Javier Mascherano took a left footed shot.""",yes,"Javier Mascherano was primarily a defensive midfielder known for his tackling, positioning, and ball-winning abilities, not for taking shots, especially with his left foot. He rarely took shots during his career and was not known for his shooting prowess. Therefore, the statement is not plausible.

Final answer: no",no,yes,False,yes_no,,cot_zs,sports_understanding,1
218,"Is the following sentence plausible? ""Nathan MacKinnon bricked the three pointer in the Eastern Conference Finals.""",no,"Let’s break this down.  

1. **Identify the sport context** — ""Nathan MacKinnon"" is a professional ice hockey player (Colorado Avalanche in the NHL).  
2. **Identify the event** — ""Eastern Conference Finals"" refers to the NHL playoffs, not the NBA.  
3. **Identify the action** — ""bricked the three pointer"" is basketball terminology (missing a three-point shot badly).  
4. **Cross-sport logic** — A hockey player attempting a basketball shot in an NHL playoff game is not plausible.  

Therefore, the sentence is **not plausible**.  

Final answer: no",no,no,True,yes_no,,cot_zs,sports_understanding,1
219,"Is the following sentence plausible? ""Josh Allen caught the screen pass.""",yes,"Josh Allen is primarily known as an NFL quarterback, not a receiver. While quarterbacks can occasionally catch passes in trick plays, it is not their typical role. The phrase ""caught the screen pass"" usually refers to a receiver or running back, not a quarterback. Therefore, it is unlikely in a normal football scenario.  

Final answer: no",no,yes,False,yes_no,,cot_zs,sports_understanding,1
220,"Is the following sentence plausible? ""Tom Wilson scored a penalty kick.""",no,"Tom Wilson is a professional ice hockey player, not a soccer player. Penalty kicks are associated with soccer, not ice hockey. Therefore, it is not plausible for Tom Wilson to score a penalty kick.  

Final answer: no",no,no,True,yes_no,,cot_zs,sports_understanding,1
221,"Is the following sentence plausible? ""Juan Soto did a double stepover.""",no,"Step by step reasoning:
1. Juan Soto is a professional baseball player (outfielder for the New York Yankees).
2. A ""double stepover"" is a soccer/football move involving deceptive footwork, typically used to fake out an opponent while dribbling.
3. Baseball players don't perform soccer-specific moves like stepovers during gameplay.
4. Therefore, it's not plausible for a baseball player to perform a soccer move in a professional context.

Final answer: no",no,no,True,yes_no,,cot_zs,sports_understanding,1
222,"Is the following sentence plausible? ""Brad Hand hit the wheel route.""",no,"First, I need to understand the sentence: ""Brad Hand hit the wheel route.""

- Brad Hand is a professional baseball player, specifically a pitcher in MLB.  
- ""Hit the wheel route"" sounds like a football term. In football, a ""wheel route"" is a passing route where a receiver runs upfield and then curves outward, often used by running backs or tight ends.  
- In baseball, ""hit"" typically refers to batting, but ""wheel route"" isn't a baseball term. It doesn't make sense in a baseball context.  
- Since Brad Hand is a pitcher, he wouldn't be ""hitting"" routes in a football sense either.  

So, the sentence isn't plausible because it mixes sports terminology incorrectly.  

Final answer: no",no,no,True,yes_no,,cot_zs,sports_understanding,1
223,"Is the following sentence plausible? ""Kenta Maeda caught the screen pass.""",no,"Kenta Maeda is a professional baseball pitcher, primarily known for playing in MLB. In baseball, players do not catch screen passes — that term is used in football for a type of short pass thrown to a receiver behind the line of scrimmage, often behind blockers.  
Since Kenta Maeda is a baseball player, it is not plausible for him to be catching a screen pass in a sports context.  

Final answer: no",no,no,True,yes_no,,cot_zs,sports_understanding,1
224,"Is the following sentence plausible? ""Mike Hoffman launched the half court shot in the Western Conference Finals.""",no,"Let’s break this down.  

1. **Mike Hoffman** — This name is most commonly associated with an NHL (ice hockey) player, not an NBA (basketball) player.  
2. **Half court shot** — This is a basketball term, typically referring to a shot attempted from the middle of the court, common in basketball games.  
3. **Western Conference Finals** — This could refer to either the NBA (basketball) or NHL (hockey) playoffs, but in context with “half court shot,” it points to the NBA.  
4. **Plausibility check** — If Mike Hoffman is a hockey player, it’s implausible for him to take a half court shot in a basketball conference finals.  

Since Mike Hoffman is indeed an NHL forward, not an NBA player, the scenario is not plausible.  

Final answer: no",no,no,True,yes_no,,cot_zs,sports_understanding,1
225,"Is the following sentence plausible? ""Ben Simmons was called for the goal tend.""",yes,"Let’s break this down:  

1. **Ben Simmons** is a professional basketball player in the NBA.  
2. In basketball, a **goal tend** (or goaltending) is a violation where a player interferes with the ball while it is on its way down toward the basket or while it is on or above the rim.  
3. This call is common in basketball but not in other sports like soccer or hockey.  
4. Since Ben Simmons plays basketball, it is plausible for him to be called for a goal tend during a game.  

Final answer: yes",yes,yes,True,yes_no,,cot_zs,sports_understanding,1
226,"Is the following sentence plausible? ""Dylan Larkin walked on ball four.""",no,"Let’s break this down.  

1. **Identify the sport context** — Dylan Larkin is a professional ice hockey player (captain of the Detroit Red Wings in the NHL).  
2. **Interpret the phrase** — “walked on ball four” is a baseball term: in baseball, after four balls, the batter gets a walk to first base.  
3. **Check plausibility** — A hockey player being involved in a baseball event is possible in an informal or cross-training context, but the phrasing “Dylan Larkin walked on ball four” suggests a baseball game situation, which is not his professional domain.  
4. **Likelihood** — While not impossible, it’s highly improbable in a professional or widely reported setting. In the context of the Sports Understanding task, such a statement is considered implausible because it mixes sports in an unrealistic way for the named athlete’s primary known role.  

Final answer: no",no,no,True,yes_no,,cot_zs,sports_understanding,1
227,"Is the following sentence plausible? ""Mikal Bridges scored a windmill dunk.""",yes,"Mikal Bridges is an NBA player known for his athleticism and dunking ability. A windmill dunk is a common and plausible move for a professional basketball player to perform during a game or dunk contest. Therefore, the statement is plausible.  

Final answer: yes",yes,yes,True,yes_no,,cot_zs,sports_understanding,1
228,"Is the following sentence plausible? ""Mark Stone spent time in the penalty box in the Stanley Cup.""",yes,"Let’s break this down:  

1. **Identify the context** — The Stanley Cup is the championship trophy of the National Hockey League (NHL).  
2. **Understand the scenario** — ""Spent time in the penalty box"" means a player committed a penalty during a game.  
3. **Check plausibility** — Mark Stone is an NHL player (captain of the Vegas Golden Knights) who has played in the Stanley Cup Finals.  
4. **Reasoning** — Penalties are common in hockey, including in Stanley Cup games, so it’s entirely plausible that Mark Stone could have been penalized during a Stanley Cup game.  

**Final answer: yes**",yes,yes,True,yes_no,,cot_zs,sports_understanding,1
229,"Is the following sentence plausible? ""Mike Williams fumbled the ball in the Superbowl.""",yes,"First, I need to determine if the sentence ""Mike Williams fumbled the ball in the Superbowl"" is plausible. Plausible means it could reasonably happen based on real-world knowledge.

I recall that Mike Williams is a name shared by several athletes, particularly in American football. For example, there's Mike Williams who played as a wide receiver in the NFL, notably for the Tampa Bay Buccaneers and later other teams. He was active in the 2010s.

Fumbling the ball is a common occurrence in football, where players can lose possession during a play. The Super Bowl is the championship game of the NFL, so it's a high-stakes event where such mistakes can happen.

I should check if Mike Williams ever played in a Super Bowl and if he might have fumbled. Mike Williams (the wide receiver) did not play in a Super Bowl with the Buccaneers during his time there, as they didn't reach the Super Bowl while he was on the team. However, there might be other Mike Williamses in football history. For instance, a different Mike Williams could have been a player on a team that made it to the Super Bowl.

Upon quick reflection, I remember that Mike Williams was a wide receiver for the Tampa Bay Buccaneers from 2010 to 2013, and they did not appear in a Super Bowl during that period. He later played for the Buffalo Bills and other teams, but none reached the Super Bowl while he was active. There's also a Mike Williams who was a tackle for the Buffalo Bills in the early 2000s, but I'm not sure about Super Bowl appearances.

Given that fumbles are possible in any game, and Mike Williams is a common name, it's plausible that some Mike Williams could have fumbled in a Super Bowl, even if not the famous wide receiver. For example, there might be a lesser-known player or a different sport, but the context is American football since it's the Super Bowl.

Considering the broad nature of the question, without specifying which Mike Williams, it's reasonable to say that it's plausible because there could be a player named Mike Williams who fumbled in a Super Bowl at some point. However, to be accurate, I should note that in reality, no well-known Mike Williams has done so, but the sentence doesn't claim it actually happened, just that it's plausible.

After thinking, I conclude that while it might not have happened for a prominent Mike Williams, the scenario is possible and thus plausible.

Final answer: yes",no,yes,False,yes_no,,cot_zs,sports_understanding,1
230,"Is the following sentence plausible? ""Mathew Barzal called for the screen.""",no,"Let’s break this down.  

1. **Identify the context** — The sentence mentions “Mathew Barzal” and “called for the screen.”  
2. **Who is Mathew Barzal?** — He is a professional ice hockey player (NHL, New York Islanders).  
3. **What does “called for the screen” mean in hockey?** — In hockey, a “screen” refers to a player positioning themselves in front of the opposing goaltender to block their view, helping a teammate’s shot get through.  
4. **Plausibility check** — A player like Barzal, often a playmaker, could indeed call for a teammate to set a screen during a play, especially on the power play or during offensive zone setups.  
5. **Conclusion** — The sentence describes a realistic hockey scenario involving a known NHL player.  

Final answer: yes",yes,no,False,yes_no,,cot_zs,sports_understanding,1
231,"Is the following sentence plausible? ""Kyle Tucker took a left footed shot.""",no,"Kyle Tucker is a professional baseball player (outfielder for the Houston Astros). In baseball, players typically hit with a bat rather than kicking or shooting with feet. ""Took a left footed shot"" suggests a kicking action, which would be more plausible in soccer or hockey, not baseball.  

Final answer: no",no,no,True,yes_no,,cot_zs,sports_understanding,1
232,"Is the following sentence plausible? ""Jamal Murray walked on ball four.""",no,"Let’s break this down.  

1. **Jamal Murray** is a professional basketball player (NBA).  
2. In basketball, “walking” means traveling — an illegal move where a player takes too many steps without dribbling.  
3. “Ball four” is a baseball term — it refers to the fourth ball in a plate appearance, which results in a walk (batter gets to go to first base).  
4. Mixing these sports terms (“walked on ball four”) makes sense in baseball, but not in basketball.  
5. Since Jamal Murray is a basketball player, saying he “walked on ball four” is implausible — it incorrectly applies a baseball event to a basketball player.  

Final answer: no",no,no,True,yes_no,,cot_zs,sports_understanding,1
233,"Is the following sentence plausible? ""Stephen Curry scored a reverse layup.""",yes,"Stephen Curry is primarily known as a three-point shooter and guard who excels at perimeter scoring, but he is also a skilled ball-handler and finisher around the rim. A reverse layup is a common basketball move used to avoid shot blockers by laying the ball in on the opposite side of the rim. While Curry is not famous for reverse layups specifically, he is capable of finishing creatively near the basket, so this action is plausible for him in a game situation.  

Final answer: yes",yes,yes,True,yes_no,,cot_zs,sports_understanding,1
234,"Is the following sentence plausible? ""Patrick Kane backhanded a shot in the Stanley Cup.""",yes,"Patrick Kane is a professional hockey player known for his skill, particularly with backhand shots. The Stanley Cup is the championship trophy of the NHL, and players frequently take shots during these games. Therefore, it is plausible that Patrick Kane could have taken a backhanded shot in a Stanley Cup game.  

Final answer: yes",yes,yes,True,yes_no,,cot_zs,sports_understanding,1
235,"Is the following sentence plausible? ""Malcolm Brogdon drove into the restricted area in the Eastern Conference Finals.""",yes,"Malcolm Brogdon is an NBA player who has been in the Eastern Conference Finals as a member of the Boston Celtics. Driving into the restricted area is a common basketball move. Therefore, the sentence is plausible.  

Final answer: yes",yes,yes,True,yes_no,,cot_zs,sports_understanding,1
236,"Is the following sentence plausible? ""Mike Trout eurostepped to the basket.""",no,"Let’s break this down.  

- **Mike Trout** is a famous baseball player (MLB outfielder for the Los Angeles Angels).  
- **Eurostep** is a basketball move used to evade defenders while driving to the basket.  
- **To the basket** is a basketball phrase, referring to attacking the hoop.  

Since Mike Trout is a baseball player, not a basketball player, it’s not plausible for him to perform a basketball move in a professional sports context.  

Final answer: no",no,no,True,yes_no,,cot_zs,sports_understanding,1
237,"Is the following sentence plausible? ""Juan Soto shot from beyond the arc.""",no,"Step by step reasoning:
1. The sentence mentions ""Juan Soto"" - a well-known baseball player (outfielder for the New York Yankees).
2. The phrase ""shot from beyond the arc"" is basketball terminology, referring to a three-point shot attempt.
3. Baseball players don't take shots from beyond the arc in their sport.
4. Therefore, this sentence describes a baseball player performing a basketball action, which is not plausible in a real sports context.

Final answer: no",no,no,True,yes_no,,cot_zs,sports_understanding,1
238,"Is the following sentence plausible? ""Anthony Rizzo skated backwards in the Stanley Cup.""",no,"Anthony Rizzo is a professional baseball player, primarily known as a first baseman for the New York Yankees. The Stanley Cup is the championship trophy of the National Hockey League (NHL), awarded to the winner of the NHL playoffs. Skating backwards is a hockey-specific skill. Since Anthony Rizzo is not a professional hockey player, it is highly unlikely that he would be skating in a context related to the Stanley Cup.  

Final answer: no",no,no,True,yes_no,,cot_zs,sports_understanding,1
239,"Is the following sentence plausible? ""Gerard Pique scored a corner kick.""",yes,"Let’s think through this step by step.  

1. Gerard Piqué is a former professional footballer who played mainly as a central defender for FC Barcelona and Spain.  
2. A corner kick is a set piece taken from the corner of the field, usually by a player who can deliver an accurate cross into the penalty area.  
3. Central defenders sometimes go forward for corners to attempt headers, but they rarely take the corner kick itself — that’s typically done by midfielders or full-backs known for crossing ability.  
4. Scoring directly from a corner kick is known as an “Olympic goal” — it’s rare but possible.  
5. However, Piqué is not known for taking corner kicks during his career; his role was primarily defensive, and set-piece takers were other players (e.g., Messi, Xavi, Dani Alves).  
6. Therefore, the scenario of Piqué both taking and scoring from a corner kick is highly improbable in real professional matches.  

Final answer: no",no,yes,False,yes_no,,cot_zs,sports_understanding,1
240,"Is the following sentence plausible? ""Neal Pionk shot from the six yard line.""",no,"Let’s break this down.  

- “Neal Pionk” is an NHL defenseman for the Winnipeg Jets.  
- “Shot from the six yard line” — in hockey, distances are usually in feet or meters, not yards.  
- The “six yard line” is a soccer term referring to the goal area line, not used in ice hockey.  
- Hockey uses “slot,” “blue line,” “face-off circles,” etc., but not “yard line” measurements.  

So the phrase mixes a real hockey player with a soccer field location, making it implausible in a real hockey context.  

Final answer: no",no,no,True,yes_no,,cot_zs,sports_understanding,1
241,"Is the following sentence plausible? ""Toni Kroos performed a give and go.""",yes,"Toni Kroos is a professional soccer player known for his precise passing and playmaking. A ""give and go"" is a common soccer tactic where a player passes the ball to a teammate and immediately moves into space to receive a return pass. Given Kroos's role and skills, this action is entirely plausible in a soccer context.  

Final answer: yes",yes,yes,True,yes_no,,cot_zs,sports_understanding,1
242,"Is the following sentence plausible? ""Edinson Cavani caught the screen pass.""",no,"Let’s reason through this.  

Edinson Cavani is a professional soccer player (footballer).  
A ""screen pass"" is a term used in American football, referring to a type of short forward pass.  
Soccer players do not typically participate in American football plays, and catching a forward pass with hands is against the rules of soccer.  
Therefore, it is not plausible for a soccer player to be catching a screen pass in a normal sports context.  

Final answer: no",no,no,True,yes_no,,cot_zs,sports_understanding,1
243,"Is the following sentence plausible? ""Fernando Tatis Jr. earned a red card.""",no,"Let’s break this down:  

1. Fernando Tatis Jr. is a professional baseball player (San Diego Padres in MLB).  
2. A ""red card"" is used in soccer (and some other sports) to send off a player for serious misconduct.  
3. Baseball does not use red cards; it uses ejections by umpires.  
4. Therefore, it is not plausible for a baseball player to earn a red card in the context of his sport.  

Final answer: no",no,no,True,yes_no,,cot_zs,sports_understanding,1
244,"Is the following sentence plausible? ""Malik Beasley  comitted a three second violation.""",yes,"Let’s break this down.  

1. **Identify the sport** — A “three-second violation” is a rule in basketball, specifically in the NBA and other basketball leagues.  
2. **Identify the person** — Malik Beasley is a professional basketball player (NBA).  
3. **Plausibility check** — A three-second violation is called when an offensive player stays in the paint for more than three seconds. This is a common infraction that any NBA player could commit during a game.  
4. **Conclusion** — Since Malik Beasley plays basketball and three-second violations happen regularly in games, the statement is plausible.  

Final answer: yes",yes,yes,True,yes_no,,cot_zs,sports_understanding,1
245,"Is the following sentence plausible? ""Carson Wentz caught the screen pass.""",yes,"Carson Wentz is primarily known as an NFL quarterback, not a receiver. In football, quarterbacks do not typically catch passes; their role is to throw the ball. A screen pass is a type of play where the quarterback throws a short pass to a receiver, usually a running back or wide receiver. Therefore, it is highly implausible for Carson Wentz to be catching a screen pass in a typical game situation.  

Final answer: no",no,yes,False,yes_no,,cot_zs,sports_understanding,1
246,"Is the following sentence plausible? ""Pedro struck out the side.""",no,"Step by step reasoning:
1. The phrase ""struck out the side"" is a baseball term.
2. In baseball, ""struck out the side"" means a pitcher struck out all three batters in a half-inning.
3. ""Pedro"" could refer to a famous pitcher like Pedro Martínez, known for his strikeout ability.
4. Therefore, the sentence is plausible in a baseball context.

Final answer: yes",yes,no,False,yes_no,,cot_zs,sports_understanding,1
247,"Is the following sentence plausible? ""Nicklas Backstrom earned a trip to the penalty box.""",yes,"Nicklas Backstrom is a professional ice hockey player, primarily known for his time with the Washington Capitals in the NHL. In ice hockey, players can be sent to the penalty box for infractions such as tripping, slashing, or high-sticking. Given Backstrom’s role and the nature of the sport, it is plausible that he could commit a penalty during a game and be sent to the penalty box.  

Final answer: yes",yes,yes,True,yes_no,,cot_zs,sports_understanding,1
248,"Is the following sentence plausible? ""Blake Snell hit a single.""",yes,"Blake Snell is primarily known as a professional baseball pitcher, not a hitter. In Major League Baseball, pitchers in the American League typically do not bat due to the designated hitter rule, though Snell has spent much of his career in the National League where pitchers do bat. While it is possible for a pitcher to get a hit, it is relatively uncommon. Given that ""hit a single"" refers to batting success, and Snell is a pitcher with limited batting opportunities and performance, the scenario is unlikely but not impossible.  

Final answer: yes",yes,yes,True,yes_no,,cot_zs,sports_understanding,1
249,"Is the following sentence plausible? ""Frederik Andersen took a three.""",no,"Let’s break this down.  

1. **Identify the context** — “Frederik Andersen” is a well-known NHL goaltender (plays for the Carolina Hurricanes, previously Toronto Maple Leafs).  
2. **Interpret “took a three”** — In hockey, “taking a three” isn’t a standard phrase.  
   - In basketball, “taking a three” means attempting a three-point shot.  
   - In hockey, common phrases are “taking a shot,” “making a save,” “allowing a goal,” etc.  
3. **Check plausibility** — A hockey goaltender doesn’t take three-point shots; that’s a basketball term. So in the context of sports understanding, the sentence is implausible for this athlete.  

Final answer: no",no,no,True,yes_no,,cot_zs,sports_understanding,1
