sample_id,question,gold,raw_output,parsed_prediction,canonical_gold,correct,answer_format,error_type,method,task_id,iteration
0,not False and not not True and True is,True,"Let’s break it down step by step:  

1. **not False** → True  
2. **not not True** → not (not True) → not False → True  
3. So we have: **True and True and True**  
4. **True and True** → True  
5. **True and True** → True  

Final answer: True",true,true,True,boolean,,cot_fs,boolean_expressions,1
1,False and ( not False ) or False is,False,"Let’s break it down step by step:  

**Expression:**  
False and ( not False ) or False  

1. Evaluate `not False`:  
   `not False` = True  

2. Replace in the expression:  
   False and True or False  

3. Evaluate `False and True`:  
   `False and True` = False  

4. Replace again:  
   False or False  

5. Evaluate `False or False`:  
   = False  

Final answer: false",false,false,True,boolean,,cot_fs,boolean_expressions,1
2,not False and False and False or False is,False,"Let's evaluate step by step:  

Expression: `not False and False and False or False`  

1. `not False` → `True`  
2. Now: `True and False and False or False`  
3. `True and False` → `False`  
4. Now: `False and False or False`  
5. `False and False` → `False`  
6. Now: `False or False` → `False`  

Final answer: false",false,false,True,boolean,,cot_fs,boolean_expressions,1
3,not False and False or True or False is,True,"Let’s break it down step by step:  

Expression:  
`not False and False or True or False`  

1. **Evaluate `not False`**:  
   `not False` = `True`  

2. **Evaluate `True and False`**:  
   `True and False` = `False`  

3. **Now we have**:  
   `False or True or False`  

4. **Evaluate `False or True`**:  
   `False or True` = `True`  

5. **Evaluate `True or False`**:  
   `True or False` = `True`  

Final result: **True**  

Final answer: true",true,true,True,boolean,,cot_fs,boolean_expressions,1
4,False and not ( not not True ) is,False,"Let’s evaluate step by step:  

**Expression:**  
False and not ( not not True )

1. **Innermost negation:**  
   not True → False  

2. **Next negation:**  
   not False → True  

3. **Next negation:**  
   not True → False  

4. Now the expression is:  
   False and not (False)  
   → False and True  

5. **Conjunction:**  
   False and True → False  

Final answer: false",false,false,True,boolean,,cot_fs,boolean_expressions,1
5,( not ( True or False ) ) is,False,"Let’s break it down step by step.  

1. Inside the parentheses:  
   \( \text{True or False} \) → True (since OR gives True if at least one is True).  

2. Apply the **not**:  
   \( \text{not (True)} \) → False.  

So the whole expression simplifies to **False**.  

Final answer: false",false,false,True,boolean,,cot_fs,boolean_expressions,1
6,not not ( True ) or not True is,True,"Let’s break it down step by step:  

1. **not not ( True )**  
   - `not True` → `False`  
   - `not False` → `True`  
   So `not not ( True )` = `True`.  

2. **not True**  
   - `not True` = `False`.  

3. **Combine with `or`**  
   `True or False` → `True`.  

Final answer: true",true,true,True,boolean,,cot_fs,boolean_expressions,1
7,not not False or False and not True is,False,"Let’s break it down step by step:  

Expression: **not not False or False and not True**  

1. **Innermost negation**:  
   - `not False` → `True`  
   - `not True` → `False`  

   So the expression becomes:  
   `not True or False and False`  

2. **Next negation**:  
   `not True` → `False`  

   Expression now:  
   `False or False and False`  

3. **Operator precedence**: `and` before `or`  
   - `False and False` → `False`  

   Expression now:  
   `False or False`  

4. **Final evaluation**:  
   `False or False` → `False`  

**Final answer: false**",true,false,False,boolean,,cot_fs,boolean_expressions,1
8,True and not False and True or True is,True,"Let’s break it down step by step:  

Expression:  
**True and not False and True or True**  

1. **not False** = True  
   → Expression becomes: **True and True and True or True**  

2. **True and True** = True  
   → Now: **True and True or True**  

3. **True and True** = True  
   → Now: **True or True**  

4. **True or True** = True  

Final answer: True",true,true,True,boolean,,cot_fs,boolean_expressions,1
9,True and ( False ) or not False is,True,"Let’s break it down step by step:  

Expression:  
**True and ( False ) or not False**  

1. Evaluate **not False**:  
   not False = True  

2. Replace in the expression:  
   True and ( False ) or True  

3. Evaluate **True and ( False )**:  
   True and False = False  

4. Replace again:  
   False or True  

5. Evaluate **False or True**:  
   False or True = True  

Final answer: True",true,true,True,boolean,,cot_fs,boolean_expressions,1
10,True or False and not False and True is,True,"Let’s break it down step by step:  

Expression:  
**True or False and not False and True**  

Operator precedence: `not` > `and` > `or`  

1. Handle `not False`:  
   `not False` = `True`  

   Expression becomes:  
   `True or False and True and True`  

2. Evaluate `False and True and True` from left to right:  
   `False and True` = `False`  
   `False and True` = `False`  

   So `False and True and True` = `False`  

3. Now we have:  
   `True or False`  

4. `True or False` = `True`  

Final answer: True",false,true,False,boolean,,cot_fs,boolean_expressions,1
11,( True or not not not False ) is,True,"Let’s break it down step by step:  

1. **Innermost negation**:  
   `not not not False`  
   - `not False` → `True`  
   - `not True` → `False`  
   - `not False` → `True`  

   So `not not not False` = `True`.  

2. **Parentheses**:  
   `(True or not not not False)` = `(True or True)`  

3. **`or` operation**:  
   `True or True` → `True`  

Final answer: true",false,true,False,boolean,,cot_fs,boolean_expressions,1
12,False or not ( True ) and False is,False,"Let’s break it down step by step:  

Expression:  
**False or not ( True ) and False**  

1. Evaluate `not ( True )`:  
   `not True` = `False`  

   So the expression becomes:  
   **False or False and False**  

2. Order of operations: `and` before `or`.  
   `False and False` = `False`  

3. Now we have:  
   **False or False**  

4. `False or False` = `False`  

Final answer: false",false,false,True,boolean,,cot_fs,boolean_expressions,1
13,not ( True ) and ( True ) is,False,"First, evaluate the expression: not ( True ) and ( True )  

- not ( True ) = False  
- False and ( True ) = False  

Final answer: false",false,false,True,boolean,,cot_fs,boolean_expressions,1
14,not False or False or ( False ) is,True,"Let’s break it down step by step:  

**Expression:**  
not False or False or ( False )  

1. **not False** = True  
2. So the expression becomes:  
   True or False or False  

3. **True or False** = True (short-circuit: once True is found, the whole ""or"" chain is True)  
4. True or False = True  

So the final result is **True**.  

Final answer: true",true,true,True,boolean,,cot_fs,boolean_expressions,1
15,not not not not True or not True is,True,"Let’s break it down step by step.  

**Expression:**  
`not not not not True or not True`

1. Start with the left side: `not not not not True`  
   - `not True` → False  
   - `not False` → True  
   - `not True` → False  
   - `not False` → True  
   So `not not not not True` = **True**.

2. Right side: `not True` = **False**.

3. Combine with `or`:  
   `True or False` → **True**.

Final answer: true",true,true,True,boolean,,cot_fs,boolean_expressions,1
16,False and not ( ( True ) ) is,False,"Let’s break it down step by step.  

The expression is:  
**False and not ( ( True ) )**

1. **Evaluate innermost parentheses**:  
   ( True ) → True  

2. **Apply `not`**:  
   not (True) → False  

3. **Now the expression is**:  
   False and False  

4. **Evaluate `and`**:  
   False and False → False  

Final answer: false",false,false,True,boolean,,cot_fs,boolean_expressions,1
17,True and not False or ( True ) is,True,"Let’s evaluate step by step:  

Expression: `True and not False or ( True )`  

1. `not False` = `True`  
2. `True and True` = `True`  
3. `True or ( True )` = `True`  

Final answer: true",true,true,True,boolean,,cot_fs,boolean_expressions,1
18,not False or True or True and False is,True,"Let’s break it down step by step:  

Expression:  
**not False or True or True and False**  

1. **Operator precedence**: `not` > `and` > `or`  
   So first handle `not`, then `and`, then `or`.  

2. **`not False`** = `True`  

   Expression becomes:  
   `True or True or (True and False)`  

3. **`True and False`** = `False`  

   Expression becomes:  
   `True or True or False`  

4. **`True or True`** = `True` (left to right)  
   `True or False` = `True`  

So the whole expression evaluates to **True**.  

Final answer: true",false,true,False,boolean,,cot_fs,boolean_expressions,1
19,True or False or not True and True is,True,"Let’s break it down step by step:  

Expression:  
**True or False or not True and True**  

Operator precedence: **not** > **and** > **or**  

1. Handle **not True**:  
   not True = False  

   Expression becomes:  
   True or False or (False and True)  

2. Handle **False and True**:  
   False and True = False  

   Expression becomes:  
   True or False or False  

3. Evaluate left to right (or is associative):  
   True or False → True  
   True or False → True  

So the result is **True**.  

Final answer: True",true,true,True,boolean,,cot_fs,boolean_expressions,1
20,( not False and ( True ) ) is,True,"First, evaluate the inner expression:  
( not False and ( True ) )  

- not False = True  
- True and True = True  

So the entire expression simplifies to True.  

Final answer: true",true,true,True,boolean,,cot_fs,boolean_expressions,1
21,not ( False and True ) and True is,True,"Let’s break it down step by step.  

The expression is:  
not ( False and True ) and True  

1. Evaluate inside parentheses:  
   False and True → False  

2. Apply the **not**:  
   not (False) → True  

3. Now we have:  
   True and True → True  

Final answer: true",true,true,True,boolean,,cot_fs,boolean_expressions,1
22,( False ) and not False and True is,False,"Let’s evaluate step by step:  

Expression:  
( False ) and not False and True  

1. **Parentheses first**:  
( False ) → False  

2. **Evaluate ""not False""**:  
not False → True  

3. **Substitute back**:  
False and True and True  

4. **Left to right**:  
False and True → False  
False and True → False  

So the whole expression is **False**.  

Final answer: false",false,false,True,boolean,,cot_fs,boolean_expressions,1
23,not False or True and False or False is,True,"Let’s break it down step by step:  

Expression:  
not False or True and False or False  

1. **Order of operations**: In Boolean logic, `not` has the highest precedence, then `and`, then `or`.  
   So:  
   not False → True  

   Rewrite:  
   True or True and False or False  

2. **Evaluate `and` before `or`**:  
   True and False → False  

   Now:  
   True or False or False  

3. **Evaluate left to right for `or`**:  
   True or False → True  
   True or False → True  

Final result: **True**  

Final answer: true",false,true,False,boolean,,cot_fs,boolean_expressions,1
24,( True or False ) or not True is,True,"Let’s evaluate step by step:  

( True or False ) or not True  

1. **Parentheses first**:  
   True or False → True  

2. **Replace parentheses result**:  
   True or not True  

3. **Evaluate not True**:  
   not True → False  

4. **Final expression**:  
   True or False → True  

Final answer: true",true,true,True,boolean,,cot_fs,boolean_expressions,1
25,not not True and not False or True is,True,"Let’s break it down step by step:  

**Expression:**  
not not True and not False or True  

1. **Evaluate innermost logical constants:**  
   - `not not True` → `not False` → `True`  
   - `not False` → `True`  

   So the expression becomes:  
   True and True or True  

2. **Order of operations (AND before OR):**  
   - `True and True` → `True`  
   - `True or True` → `True`  

**Final answer: true**",true,true,True,boolean,,cot_fs,boolean_expressions,1
26,not not True and True and not True is,False,"Let’s evaluate step by step:  

Expression: `not not True and True and not True`  

1. `not not True` → `not False` → `True`  
2. So now we have: `True and True and not True`  
3. `not True` → `False`  
4. Now: `True and True and False`  
5. `True and True` → `True`  
6. `True and False` → `False`  

Final answer: false",true,false,False,boolean,,cot_fs,boolean_expressions,1
27,False or ( False or not False ) is,True,"Let’s break it down step by step:  

Expression:  
**False or ( False or not False )**

1. Evaluate innermost parentheses first:  
   - `not False` → `True`  
   - So inside parentheses: `False or True` → `True`  

2. Now the expression becomes:  
   `False or True`  

3. `False or True` → `True`  

Final answer: true",false,true,False,boolean,,cot_fs,boolean_expressions,1
28,not ( False or ( False ) ) is,True,"Let’s evaluate step by step:  

Expression:  
not ( False or ( False ) )  

1. Inside parentheses: False or False → False  
2. Apply the ""not"": not False → True  

Final answer: true",true,true,True,boolean,,cot_fs,boolean_expressions,1
29,not True and not True and not True is,False,"Let’s evaluate step by step:  

Expression: `not True and not True and not True`  

1. `not True` = `False`  
2. Replace: `False and False and False`  
3. `False and False` = `False`  
4. `False and False` = `False`  

Final answer: false",false,false,True,boolean,,cot_fs,boolean_expressions,1
30,False and False and not True and False is,False,"Let’s break it down step by step:  

Expression:  
**False and False and not True and False**  

1. **not True** = False  
   → Expression becomes:  
   False and False and False and False  

2. Evaluate left to right (and is associative):  
   False and False → False  
   False and False → False  
   False and False → False  

So the entire expression evaluates to **False**.  

Final answer: false",false,false,True,boolean,,cot_fs,boolean_expressions,1
31,False or ( not False ) and False is,False,"Let’s break it down step by step:  

Expression:  
**False or ( not False ) and False**

1. Evaluate `not False`:  
   `not False` = `True`  

2. Now the expression becomes:  
   `False or True and False`  

3. Order of operations: `and` before `or`, so first evaluate `True and False`:  
   `True and False` = `False`  

4. Now we have:  
   `False or False`  

5. `False or False` = `False`  

Final answer: false",true,false,False,boolean,,cot_fs,boolean_expressions,1
32,True and not True or True and True is,True,"Let’s break it down step by step:  

Expression:  
**True and not True or True and True**  

1. **not True** = False  
   → Expression becomes: **True and False or True and True**  

2. **True and False** = False  
   → Expression becomes: **False or True and True**  

3. **True and True** = True  
   → Expression becomes: **False or True**  

4. **False or True** = True  

Final answer: True",true,true,True,boolean,,cot_fs,boolean_expressions,1
33,not True and True and True or False is,False,"Let’s break it down step by step:  

Expression: **not True and True and True or False**  

1. **not True** = False  
   → Expression becomes: **False and True and True or False**  

2. **False and True** = False  
   → Expression becomes: **False and True or False**  

3. **False and True** = False  
   → Expression becomes: **False or False**  

4. **False or False** = False  

Final answer: false",false,false,True,boolean,,cot_fs,boolean_expressions,1
34,not not not not not not not False is,True,"Let’s break it down step by step.  

We start with:  
**not not not not not not not False**  

1. **not False** → True  
2. **not True** → False  
3. **not False** → True  
4. **not True** → False  
5. **not False** → True  
6. **not True** → False  
7. **not False** → True  

So after 7 “not” operations, the result is **True**.  

Final answer: true",true,true,True,boolean,,cot_fs,boolean_expressions,1
35,not False or not ( not False ) is,True,"Let’s break it down step by step.  

**Expression:**  
not False or not ( not False )  

1. **not False** = True  
2. **not ( not False )** = not (True) = False  
3. So the expression becomes:  
   True or False  
4. **True or False** = True  

Final answer: true",true,true,True,boolean,,cot_fs,boolean_expressions,1
36,not True and ( False ) and False is,False,"Let’s break it down step by step:  

Expression: `not True and ( False ) and False`  

1. `not True` → `False`  
2. So the expression becomes: `False and False and False`  
3. `False and False` → `False`  
4. `False and False` → `False`  

Final result: **False**  

Final answer: false",false,false,True,boolean,,cot_fs,boolean_expressions,1
37,False or False and not not not False is,False,"Let’s break it down step by step.  

The expression is:  

**False or False and not not not False**

---

**Step 1: Handle the “not not not False” part**  
- not False → True  
- not True → False  
- not False → True  

So **not not not False = True**.

---

**Step 2: Substitute back**  
Expression becomes:  
False or False and True

---

**Step 3: Apply precedence (AND before OR)**  
False and True → False

---

**Step 4: Now we have**  
False or False → False

---

Final answer: false",false,false,True,boolean,,cot_fs,boolean_expressions,1
38,True and True and True or not False is,True,"Let’s break it down step by step:  

Expression:  
**True and True and True or not False**

1. **Evaluate `not False`**:  
   `not False` = `True`

2. **Substitute back**:  
   `True and True and True or True`

3. **Evaluate `True and True and True`** (left-associative):  
   `True and True` = `True`  
   `True and True` = `True`  

4. Now we have:  
   `True or True`  

5. **Evaluate `True or True`**:  
   `True`  

**Final answer: True**",true,true,True,boolean,,cot_fs,boolean_expressions,1
39,True and True or False and not True is,True,"Let’s break it down step by step:  

Expression:  
**True and True or False and not True**  

1. **Order of operations**: `not` > `and` > `or`  
2. First, `not True` → `False`  
   Expression becomes:  
   `True and True or False and False`  

3. Evaluate `and` from left to right:  
   `True and True` → `True`  
   `False and False` → `False`  

   Expression becomes:  
   `True or False`  

4. `True or False` → `True`  

Final answer: True",true,true,True,boolean,,cot_fs,boolean_expressions,1
40,False or not True and True or True is,True,"Let’s break it down step by step:  

Expression: **False or not True and True or True**  

1. **Order of operations**: NOT first, then AND, then OR.  
   - `not True` = `False`  

2. Replace:  
   `False or False and True or True`  

3. Evaluate `False and True` (AND before OR):  
   `False and True` = `False`  

4. Replace again:  
   `False or False or True`  

5. Evaluate left to right (OR is associative):  
   - `False or False` = `False`  
   - `False or True` = `True`  

Final result: **True**  

Final answer: true",false,true,False,boolean,,cot_fs,boolean_expressions,1
41,False and not ( not not False ) is,False,"Let’s break it down step by step.  

The expression is:  
**False and not ( not not False )**

1. **Innermost negation**:  
   not False → True  

2. **Next negation**:  
   not True → False  

3. **Next negation**:  
   not False → True  

So **not not not False** = True.  

Now the expression becomes:  
**False and not ( True )**  

4. **not ( True )** → False  

So we have:  
**False and False**  

5. **False and False** → False  

Final answer: false",false,false,True,boolean,,cot_fs,boolean_expressions,1
42,not not not not not not not True is,False,"Let’s break it down step by step.  

We start with:  
not not not not not not not True  

Count the ""not"" operations:  
- not True → False  
- not False → True  
- not True → False  
- not False → True  
- not True → False  
- not False → True  
- not True → False  

So after 7 ""not"" operations, the result is **False**.  

Final answer: false",false,false,True,boolean,,cot_fs,boolean_expressions,1
43,not ( False ) or not not True is,True,"Let’s break it down step by step.  

The expression is:  
not ( False ) or not not True  

1. **not ( False )** → not False = True  
2. **not not True** → not True = False, then not False = True  
3. So we have: True or True  
4. **True or True** = True  

Final answer: true",true,true,True,boolean,,cot_fs,boolean_expressions,1
44,True or ( True or not True ) is,True,"Let’s break it down step by step:  

Expression:  
True or ( True or not True )  

1. Evaluate `not True`:  
   not True = False  

2. Replace in parentheses:  
   True or False  

3. Evaluate `True or False`:  
   True or False = True  

4. Replace back into the main expression:  
   True or True  

5. Evaluate `True or True`:  
   True or True = True  

Final answer: True",true,true,True,boolean,,cot_fs,boolean_expressions,1
45,( True or True or not False ) is,True,"Let’s break it down step by step:  

( True or True or not False )  

1. **Evaluate `not False`**:  
   `not False` = `True`  

2. **Substitute back**:  
   ( True or True or True )  

3. **Evaluate `or` operations** (left to right):  
   - `True or True` → `True`  
   - `True or True` → `True`  

So the whole expression is `True`.  

Final answer: true",true,true,True,boolean,,cot_fs,boolean_expressions,1
46,not True and ( True and True ) is,False,"Let’s break it down step by step:  

1. **not True** → `False`  
2. **( True and True )** → `True`  
3. **False and True** → `False`  

Final answer: false",false,false,True,boolean,,cot_fs,boolean_expressions,1
47,not False and not False and not False is,True,"Let’s evaluate step by step:  

Expression:  
not False and not False and not False  

1. `not False` = True  
2. Replace: True and True and True  
3. `True and True` = True  
4. `True and True` = True  

Final answer: True",true,true,True,boolean,,cot_fs,boolean_expressions,1
48,True and True and False and not True is,False,"Let’s evaluate step by step:  

Expression:  
True and True and False and not True  

1. **Evaluate `not True`**:  
   not True → False  

2. **Substitute back**:  
   True and True and False and False  

3. **Evaluate left to right** (and is associative):  
   True and True → True  
   True and False → False  
   False and False → False  

Final result: **False**  

Final answer: false",true,false,False,boolean,,cot_fs,boolean_expressions,1
49,( False or True and not True ) is,False,"Let’s evaluate step by step:  

Expression:  
( False or True and not True )  

1. **Order of operations**: `not` has highest precedence, then `and`, then `or`.  
   - `not True` = `False`  

2. Replace:  
   ( False or True and False )  

3. `True and False` = `False`  

4. Replace:  
   ( False or False )  

5. `False or False` = `False`  

Final answer: false",false,false,True,boolean,,cot_fs,boolean_expressions,1
50,not True and False or False or True is,True,"Let’s break it down step by step:  

Expression:  
not True and False or False or True  

1. **Evaluate `not True`**:  
   `not True` = `False`  

2. **Substitute**:  
   `False and False or False or True`  

3. **Evaluate `False and False`** (AND has higher precedence than OR):  
   `False and False` = `False`  

4. **Substitute**:  
   `False or False or True`  

5. **Evaluate left to right** (OR is left-associative):  
   `False or False` = `False`  
   `False or True` = `True`  

Final result: **True**  

Final answer: true",false,true,False,boolean,,cot_fs,boolean_expressions,1
51,not False and False or True and True is,True,"Let's break it down step by step:  

The expression is:  
**not False and False or True and True**  

1. **not False** → **True**  
2. Now we have: **True and False or True and True**  
3. **and** has higher precedence than **or**, so group accordingly:  
   - **(True and False)** → **False**  
   - **(True and True)** → **True**  
4. Now: **False or True** → **True**  

Final answer: True",true,true,True,boolean,,cot_fs,boolean_expressions,1
52,True or not ( ( False ) ) is,True,"Let’s break it down step by step:  

**Expression:**  
True or not ( ( False ) )  

1. Inside parentheses: `(False)` is `False`.  
2. Apply `not`: `not False` is `True`.  
3. Now we have: `True or True`.  
4. `True or True` evaluates to `True`.  

Final answer: true",true,true,True,boolean,,cot_fs,boolean_expressions,1
53,not True and True and False and True is,False,"Let’s evaluate step by step:  

Expression: `not True and True and False and True`  

1. `not True` → `False`  
2. Now we have `False and True and False and True`  
3. `False and True` → `False`  
4. `False and False` → `False`  
5. `False and True` → `False`  

The entire expression evaluates to `False`.  

Final answer: false",false,false,True,boolean,,cot_fs,boolean_expressions,1
54,( not False ) or True and False is,True,"Let’s break it down step by step:  

1. **Parentheses first**:  
   `( not False )` → `True`  

2. **Expression now**:  
   `True or True and False`  

3. **Order of operations**: `and` before `or`  
   `True and False` → `False`  

4. **Now**:  
   `True or False` → `True`  

Final answer: true",true,true,True,boolean,,cot_fs,boolean_expressions,1
55,False and not ( False or False ) is,False,"Let’s break it down step by step.  

The expression is:  
**False and not ( False or False )**

1. Evaluate inside parentheses first:  
   False or False → **False**  

2. Apply the **not**:  
   not (False) → **True**  

3. Now the expression is:  
   False and True  

4. **False and True** → **False**  

Final answer: false",false,false,True,boolean,,cot_fs,boolean_expressions,1
56,( not False and False and False ) is,False,"Let’s evaluate step by step:  

( not False and False and False )  

1. **not False** → True  
2. **True and False** → False  
3. **False and False** → False  

So the expression simplifies to **False**.  

Final answer: false",false,false,True,boolean,,cot_fs,boolean_expressions,1
57,False and False or not ( True ) is,False,"Let’s break it down step by step:  

Expression:  
**False and False or not ( True )**  

1. Evaluate `not ( True )`:  
   `not True` → `False`  

   So the expression becomes:  
   **False and False or False**  

2. Evaluate `False and False`:  
   `False and False` → `False`  

   So now we have:  
   **False or False**  

3. Evaluate `False or False`:  
   `False or False` → `False`  

Final answer: false",false,false,True,boolean,,cot_fs,boolean_expressions,1
58,not False or ( True ) and True is,True,"Let’s break it down step by step:  

Expression:  
**not False or ( True ) and True**  

1. **not False** = True  
2. **True and True** = True (parentheses first, but here parentheses just isolate `True`, so `(True) and True` = `True and True` = True)  
3. Now we have: **True or True**  
4. **True or True** = True  

Final answer: True",true,true,True,boolean,,cot_fs,boolean_expressions,1
59,( ( not ( True ) ) ) is,False,"Let’s break it down step by step.  

The expression is:  
\[
( ( \text{not} ( \text{True} ) ) )
\]  

1. Evaluate the innermost part:  
   \[
   \text{not} ( \text{True} ) = \text{False}
   \]  

2. The parentheses don’t change the value:  
   \[
   ( \text{False} ) = \text{False}
   \]  

So the entire expression evaluates to **False**.  

Final answer: false",false,false,True,boolean,,cot_fs,boolean_expressions,1
60,( not not True ) or not False is,True,"Let’s break it down step by step:  

1. **`not not True`**  
   - `not True` → `False`  
   - `not False` → `True`  
   So `not not True` = `True`.  

2. **`not False`**  
   - `not False` → `True`.  

3. **`(not not True) or not False`**  
   - `True or True` → `True`.  

Final answer: true",true,true,True,boolean,,cot_fs,boolean_expressions,1
61,False or ( not False ) and True is,True,"Let’s break it down step by step:  

Expression:  
**False or ( not False ) and True**  

1. Evaluate `not False`:  
   `not False` = `True`  

2. Now we have:  
   `False or True and True`  

3. Logical AND (`and`) has higher precedence than OR (`or`), so do `True and True` first:  
   `True and True` = `True`  

4. Now we have:  
   `False or True`  

5. `False or True` = `True`  

Final answer: true",true,true,True,boolean,,cot_fs,boolean_expressions,1
62,not ( False or False and False ) is,True,"Let’s break it down step by step.  

The expression is:  
not ( False or False and False )  

**Step 1: Apply operator precedence**  
In Boolean logic, `and` has higher precedence than `or`.  
So `False or False and False` means `False or (False and False)`.  

**Step 2: Evaluate `False and False`**  
`False and False` = `False`.  

**Step 3: Evaluate `False or False`**  
`False or False` = `False`.  

**Step 4: Apply the `not`**  
not (False) = `True`.  

Final answer: True",false,true,False,boolean,,cot_fs,boolean_expressions,1
63,( False or not False and False ) is,False,"Let’s break it down step by step:  

Expression:  
\[
( \text{False or not False and False} )
\]

1. **Operator precedence**: `not` > `and` > `or`.  
   So `not False and False` is evaluated first.

2. `not False` = `True`.  
   So `not False and False` = `True and False` = `False`.

3. Now we have:  
   `False or False` = `False`.

Final answer: false",false,false,True,boolean,,cot_fs,boolean_expressions,1
64,False or ( not not not True ) is,False,"Let’s break it down step by step.  

The expression is:  
**False or ( not not not True )**

1. Start with the innermost **not**:  
   - **not True** → False  

2. Apply the next **not**:  
   - **not False** → True  

3. Apply the last **not**:  
   - **not True** → False  

So **not not not True** = False.  

4. Now the expression becomes:  
   **False or False**  

5. **False or False** = False  

Final answer: false",true,false,False,boolean,,cot_fs,boolean_expressions,1
65,not True or not False and not True is,False,"Let’s break it down step by step:  

Expression: **not True or not False and not True**  

1. Replace with boolean values:  
   - not True → False  
   - not False → True  
   - not True → False  

So the expression becomes:  
**False or True and False**  

2. Order of operations: **and** before **or**  
   - True and False → False  

3. Now: False or False → False  

Final answer: false",false,false,True,boolean,,cot_fs,boolean_expressions,1
66,( not True ) and True or True is,True,"Let’s evaluate step by step:  

Expression: `( not True ) and True or True`  

1. `not True` → `False`  
2. `False and True` → `False`  
3. `False or True` → `True`  

Final answer: true",true,true,True,boolean,,cot_fs,boolean_expressions,1
67,False or not True or False or False is,False,"Let’s break it down step by step:  

Expression: **False or not True or False or False**  

1. **not True** = False  
   → Expression becomes: **False or False or False or False**  

2. Evaluate left to right (all `or` operations):  
   - False or False → False  
   - False or False → False  
   - False or False → False  

Result: **False**  

Final answer: false",false,false,True,boolean,,cot_fs,boolean_expressions,1
68,not ( True ) or False or True is,True,"Let’s evaluate step by step:  

Expression:  
not ( True ) or False or True  

1. **not ( True )** → False  
2. Now we have: **False or False or True**  
3. **False or False** → False  
4. **False or True** → True  

Final answer: True",true,true,True,boolean,,cot_fs,boolean_expressions,1
69,False and False or not True and True is,False,"Let’s break it down step by step:  

Expression:  
**False and False or not True and True**  

1. Evaluate `not True`:  
   `not True` = **False**  

2. Now the expression becomes:  
   `False and False or False and True`  

3. Evaluate `False and False`:  
   `False and False` = **False**  

4. Evaluate `False and True`:  
   `False and True` = **False**  

5. Now we have:  
   `False or False`  

6. `False or False` = **False**  

Final answer: false",false,false,True,boolean,,cot_fs,boolean_expressions,1
70,False or False or not True or False is,False,"Let’s break it down step by step:  

Expression:  
**False or False or not True or False**  

1. Evaluate `not True`:  
   `not True` = `False`  

2. Substitute back:  
   `False or False or False or False`  

3. Apply `or` from left to right:  
   - `False or False` → `False`  
   - `False or False` → `False`  
   - `False or False` → `False`  

Result: **False**  

Final answer: false",false,false,True,boolean,,cot_fs,boolean_expressions,1
71,not not True and not True or True is,True,"Let’s break it down step by step:  

**Expression:**  
not not True and not True or True  

1. **Innermost negation:**  
   not not True → not (not True) → not False → True  

2. **Second negation:**  
   not True → False  

3. **Replace in expression:**  
   True and False or True  

4. **Order of operations:** `and` before `or`  
   True and False → False  

5. **Now:**  
   False or True → True  

**Final answer: true**",true,true,True,boolean,,cot_fs,boolean_expressions,1
72,True or not False and ( False ) is,True,"Let’s break it down step by step:  

Expression:  
**True or not False and ( False )**  

1. **Order of operations**:  
   - `not` has higher precedence than `and`, which has higher precedence than `or`.  
   - So: `True or ( (not False) and (False) )`  

2. **Evaluate `not False`**:  
   `not False` = `True`  

3. **Evaluate `True and False`**:  
   `True and False` = `False`  

4. **Evaluate `True or False`**:  
   `True or False` = `True`  

Final answer: True",true,true,True,boolean,,cot_fs,boolean_expressions,1
73,False and True and ( not False ) is,False,"Let’s evaluate step by step:  

Expression:  
**False and True and ( not False )**  

1. **not False** = True  
   → Expression becomes: **False and True and True**  

2. **False and True** = False  
   → Expression becomes: **False and True**  

3. **False and True** = False  

Final answer: false",false,false,True,boolean,,cot_fs,boolean_expressions,1
74,not True or False and False and False is,False,"Let’s break it down step by step:  

Expression:  
**not True or False and False and False**  

1. **Order of operations**: `not` has highest precedence, then `and`, then `or`.  
   - `not True` = **False**  
   - `False and False and False` = (False and False) = False, then (False and False) = **False**  

2. Now the expression is:  
   **False or False**  

3. **False or False** = **False**  

Final answer: false",false,false,True,boolean,,cot_fs,boolean_expressions,1
75,not False or not not False and False is,True,"Let’s break it down step by step:  

**Expression:**  
not False or not not False and False  

**Step 1 – Replace `not False` with `True`:**  
True or not not False and False  

**Step 2 – `not not False` = `not True` = `False`:**  
True or False and False  

**Step 3 – `and` has higher precedence than `or`:**  
True or (False and False)  

**Step 4 – `False and False` = `False`:**  
True or False  

**Step 5 – `True or False` = `True`:**  
True  

Final answer: true",true,true,True,boolean,,cot_fs,boolean_expressions,1
76,False or ( not False and False ) is,False,"Let’s break it down step by step.  

The expression is:  
**False or ( not False and False )**

1. Evaluate `not False`:  
   `not False` = `True`

2. Replace in the parentheses:  
   `True and False` = `False`

3. Now the expression becomes:  
   `False or False` = `False`

Final answer: false",false,false,True,boolean,,cot_fs,boolean_expressions,1
77,True or False or not True or False is,True,"Let’s break it down step by step:  

Expression:  
**True or False or not True or False**  

1. Evaluate `not True` → `False`  
   So the expression becomes:  
   **True or False or False or False**  

2. `True or False` → `True` (short-circuit: once `True` is found in an `or` chain, the result is `True`)  
   So the rest (`or False or False`) doesn’t change the result.  

Final result: **True**  

Final answer: true",true,true,True,boolean,,cot_fs,boolean_expressions,1
78,( True and not not not True ) is,False,"Let’s break it down step by step.  

We have:  
( True and not not not True )  

1. **Evaluate `not not not True`**  
   - `not True` → False  
   - `not False` → True  
   - `not True` → False  
   So `not not not True` = False  

2. **Evaluate `True and False`**  
   True and False → False  

Final answer: false",true,false,False,boolean,,cot_fs,boolean_expressions,1
79,not ( False ) and ( True ) is,True,"First, simplify the expression:  
not (False) and (True)  

not (False) = True  
So we have: True and True  

True and True = True  

Final answer: true",true,true,True,boolean,,cot_fs,boolean_expressions,1
80,( False ) and ( not False ) is,False,"Let’s evaluate step by step:  

Expression:  
( False ) and ( not False )  

1. **Evaluate `not False`**:  
   `not False` = `True`  

2. **Substitute back**:  
   `False and True`  

3. **Evaluate `False and True`**:  
   `False`  

Final answer: false",false,false,True,boolean,,cot_fs,boolean_expressions,1
81,False or not not not not not False is,True,"Let’s break it down step by step.  

The expression is:  

**False or not not not not not False**  

1. Start with the innermost **not False**:  
   - **not False** = **True**  

2. Apply the next **not**:  
   - **not True** = **False**  

3. Apply the next **not**:  
   - **not False** = **True**  

4. Apply the next **not**:  
   - **not True** = **False**  

5. Apply the last **not**:  
   - **not False** = **True**  

So **not not not not not False** = **True**.  

Now the whole expression:  

**False or True** = **True**  

Final answer: true",false,true,False,boolean,,cot_fs,boolean_expressions,1
82,False and False or True and not False is,True,"Let’s break it down step by step:  

Expression:  
**False and False or True and not False**  

1. **not False** → True  
   So the expression becomes:  
   False and False or True and True  

2. **False and False** → False  
   **True and True** → True  
   So now we have:  
   False or True  

3. **False or True** → True  

Final answer: True",false,true,False,boolean,,cot_fs,boolean_expressions,1
83,( not True ) and True and False is,False,"Let’s evaluate step by step:  

1. **Parentheses first**: `( not True )` → `False`  
2. Expression becomes: `False and True and False`  
3. `False and True` → `False`  
4. `False and False` → `False`  

Final answer: false",false,false,True,boolean,,cot_fs,boolean_expressions,1
84,not False and ( False or False ) is,False,"Let’s break it down step by step.  

The expression is:  
**not False and ( False or False )**

1. **not False** → True  
2. **( False or False )** → False  
3. **True and False** → False  

Final answer: false",false,false,True,boolean,,cot_fs,boolean_expressions,1
85,( not True ) and ( False ) is,False,"Let’s evaluate step by step:  

1. `( not True )` → `False`  
2. `( False )` → `False`  
3. `False and False` → `False`  

Final answer: false",false,false,True,boolean,,cot_fs,boolean_expressions,1
86,False or ( False ) or not True is,False,"Let’s break it down step by step:  

Expression:  
**False or ( False ) or not True**

1. Evaluate `not True`:  
   `not True` = **False**  

2. Replace in the expression:  
   `False or False or False`  

3. Evaluate left to right:  
   - `False or False` → **False**  
   - `False or False` → **False**  

So the whole expression evaluates to **False**.  

Final answer: false",false,false,True,boolean,,cot_fs,boolean_expressions,1
87,not True or ( True or False ) is,True,"Let’s break it down step by step:  

**Expression:**  
not True or ( True or False )  

1. Evaluate `not True`:  
   `not True` = **False**  

2. Evaluate `( True or False )`:  
   `True or False` = **True**  

3. Combine with `or`:  
   `False or True` = **True**  

Final answer: true",true,true,True,boolean,,cot_fs,boolean_expressions,1
88,False and not True and True and False is,False,"Let’s break it down step by step:  

Expression:  
**False and not True and True and False**  

1. Evaluate `not True` → `False`  
   Expression becomes:  
   **False and False and True and False**  

2. Evaluate left to right (AND is associative):  
   - `False and False` → `False`  
   - `False and True` → `False`  
   - `False and False` → `False`  

So the entire expression evaluates to **False**.  

Final answer: false",false,false,True,boolean,,cot_fs,boolean_expressions,1
89,( ( not True ) or True ) is,True,"Let’s evaluate step by step:  

( ( not True ) or True )  

1. **not True** = False  
2. So we have: ( False or True )  
3. **False or True** = True  

Final answer: true",false,true,False,boolean,,cot_fs,boolean_expressions,1
90,not ( ( False and True ) ) is,True,"Let’s evaluate step by step:  

1. Inside parentheses: `False and True` → `False`  
2. Apply `not`: `not (False)` → `True`  

Final answer: true",true,true,True,boolean,,cot_fs,boolean_expressions,1
91,( not True and False or True ) is,True,"Let’s evaluate step by step:  

Expression: `( not True and False or True )`  

1. **Evaluate `not True`**:  
   `not True` = `False`  

2. **Substitute**:  
   `( False and False or True )`  

3. **Evaluate `False and False`** (AND has higher precedence than OR):  
   `False and False` = `False`  

4. **Substitute**:  
   `( False or True )`  

5. **Evaluate `False or True`**:  
   `False or True` = `True`  

Final answer: True",true,true,True,boolean,,cot_fs,boolean_expressions,1
92,( ( not True and True ) ) is,False,"Let’s evaluate step by step:  

1. The expression is:  
   \( ( \text{not True and True} ) \)  

2. First, compute **not True**:  
   \( \text{not True} = \text{False} \)  

3. Now compute **False and True**:  
   \( \text{False and True} = \text{False} \)  

4. So the whole expression simplifies to **False**.  

Final answer: false",false,false,True,boolean,,cot_fs,boolean_expressions,1
93,not False and False or False or False is,False,"Let’s break it down step by step:  

Expression:  
**not False and False or False or False**  

1. **not False** = True  
   → Expression becomes: **True and False or False or False**  

2. **True and False** = False  
   → Expression becomes: **False or False or False**  

3. **False or False** = False  
   → Expression becomes: **False or False**  

4. **False or False** = False  

Final answer: False",false,false,True,boolean,,cot_fs,boolean_expressions,1
94,not ( True or False or True ) is,False,"Let’s evaluate step by step.  

The expression is:  
not ( True or False or True )  

1. Evaluate inside parentheses:  
True or False → True  
True or True → True  
So ( True or False or True ) = True  

2. Apply the ""not"":  
not (True) = False  

Final answer: false",true,false,False,boolean,,cot_fs,boolean_expressions,1
95,True and not False and not not True is,True,"Let’s break it down step by step:  

**Expression:**  
True and not False and not not True  

1. **not False** → True  
2. **not not True** → not (not True) → not False → True  

So now we have:  
True and True and True  

3. **True and True** → True  
4. **True and True** → True  

Final result: **True**  

Final answer: true",true,true,True,boolean,,cot_fs,boolean_expressions,1
96,not ( not False ) and not False is,False,"Let’s break it down step by step:  

1. **not ( not False )**  
   - `not False` → `True`  
   - `not (True)` → `False`  

2. **not False** → `True`  

3. Combine with **and**:  
   `False and True` → `False`  

Final answer: false",false,false,True,boolean,,cot_fs,boolean_expressions,1
97,True and not not False and not False is,False,"Let’s break it down step by step:  

Expression:  
**True and not not False and not False**

1. **not False** → True  
2. **not not False** → not (not False) → not (True) → False  
3. So the expression becomes:  
   True **and** False **and** True  

4. Evaluate left to right:  
   True and False → False  
   False and True → False  

Final answer: false",true,false,False,boolean,,cot_fs,boolean_expressions,1
98,( True ) and True or not True is,True,"Let’s break it down step by step:  

Expression:  
( True ) and True or not True  

1. **Parentheses first** — but here it’s just `(True)`, so it’s `True`.  
   Expression becomes:  
   True and True or not True  

2. **Evaluate `not True`**:  
   `not True` = False  
   Expression becomes:  
   True and True or False  

3. **Evaluate `True and True`** (AND before OR):  
   `True and True` = True  
   Expression becomes:  
   True or False  

4. **Evaluate `True or False`**:  
   `True or False` = True  

Final answer: True",true,true,True,boolean,,cot_fs,boolean_expressions,1
99,( True and not True and True ) is,False,"Let’s evaluate step by step:  

Expression:  
( True and not True and True )  

1. `not True` = False  
2. Replace: `True and False and True`  
3. `True and False` = False  
4. `False and True` = False  

Final answer: false",false,false,True,boolean,,cot_fs,boolean_expressions,1
100,True or not True or not not True is,True,"Let’s break it down step by step:  

**Expression:**  
True or not True or not not True  

1. **not True** → False  
2. **not not True** → not False → True  
3. Substitute back:  
   True or False or True  
4. Evaluate left to right:  
   True or False → True  
   True or True → True  

**Final answer: true**",true,true,True,boolean,,cot_fs,boolean_expressions,1
101,not False or ( False ) or True is,True,"Let’s evaluate step by step:  

Expression: `not False or ( False ) or True`  

1. `not False` → `True`  
2. So now: `True or False or True`  
3. `True or False` → `True`  
4. `True or True` → `True`  

Final answer: true",true,true,True,boolean,,cot_fs,boolean_expressions,1
102,False and ( False or not False ) is,False,"Let’s evaluate step by step:  

Expression:  
**False and ( False or not False )**

1. Evaluate inside parentheses first:  
   - `not False` = `True`  
   - `False or True` = `True`  

2. Now we have:  
   `False and True`  

3. `False and True` = `False`  

Final answer: false",false,false,True,boolean,,cot_fs,boolean_expressions,1
103,not not not False and True or False is,True,"Let’s break it down step by step.

Expression:  
`not not not False and True or False`

1. **Innermost `not False`**:  
   `not False` = `True`

2. **Next `not True`**:  
   `not True` = `False`

3. **Next `not False`**:  
   `not False` = `True`

So `not not not False` = `True`.

4. **Now `True and True`**:  
   `True and True` = `True`

5. **Now `True or False`**:  
   `True or False` = `True`

Final answer: True",false,true,False,boolean,,cot_fs,boolean_expressions,1
104,True and not not not not not True is,False,"Let’s break it down step by step.  

The expression is:  
**True and not not not not not True**

1. Start with the rightmost `not not not not not True`.  
   - `not True` → False  
   - `not False` → True  
   - `not True` → False  
   - `not False` → True  
   - `not True` → False  

   So `not not not not not True` = **False**.

2. Now the expression becomes:  
   **True and False**

3. `True and False` = **False**.

Final answer: false",true,false,False,boolean,,cot_fs,boolean_expressions,1
105,not not ( not False or True ) is,True,"Let’s evaluate step by step:  

1. **Innermost parentheses**:  
   \( \text{not False or True} \)  
   \( \text{not False} = \text{True} \)  
   So: \( \text{True or True} = \text{True} \)  

2. **Apply the outer “not not”**:  
   \( \text{not not (True)} \)  
   \( \text{not True} = \text{False} \)  
   \( \text{not False} = \text{True} \)  

Final answer: True",true,true,True,boolean,,cot_fs,boolean_expressions,1
106,( False and True or not False ) is,True,"Let’s evaluate step by step:  

Expression:  
( False and True or not False )  

1. **Parentheses first**:  
   Inside: `False and True or not False`  
   - `False and True` → `False`  
   - `not False` → `True`  
   So inside parentheses: `False or True` → `True`  

2. The parentheses contain `True`, so the whole expression is `True`.  

Final answer: true",false,true,False,boolean,,cot_fs,boolean_expressions,1
107,False or not not True or not False is,True,"Let’s break it down step by step:  

Expression: **False or not not True or not False**  

1. **not not True**  
   - not True → False  
   - not False → True  
   So **not not True = True**  

2. **not False** → True  

3. Now substitute back:  
   False **or** True **or** True  

4. Evaluate left to right:  
   - False or True → True  
   - True or True → True  

Final answer: True",true,true,True,boolean,,cot_fs,boolean_expressions,1
108,True or not ( ( True ) ) is,True,"Let’s break it down step by step:  

Expression:  
True or not ( ( True ) )  

1. Simplify inside parentheses:  
   ( True ) → True  

2. Apply the **not**:  
   not ( True ) → False  

3. Now we have:  
   True or False  

4. **or** gives True if at least one operand is True.  
   True or False → True  

Final answer: True",true,true,True,boolean,,cot_fs,boolean_expressions,1
109,not False and False and True or False is,False,"Let’s break it down step by step:  

Expression:  
`not False and False and True or False`  

1. `not False` → `True`  
So now: `True and False and True or False`  

2. `True and False` → `False`  
So now: `False and True or False`  

3. `False and True` → `False`  
So now: `False or False`  

4. `False or False` → `False`  

Final answer: false",true,false,False,boolean,,cot_fs,boolean_expressions,1
110,False and False and not not not True is,False,"Let’s break it down step by step:  

Expression:  
**False and False and not not not True**

1. **not not not True**  
   - not True → False  
   - not False → True  
   - not True → False  
   So `not not not True` = **False**

2. Now the expression becomes:  
   **False and False and False**

3. **False and False** → False  
   **False and False** → False  

So the whole expression evaluates to **False**.  

Final answer: false",true,false,False,boolean,,cot_fs,boolean_expressions,1
111,( not ( False ) or False ) is,True,"Let’s break it down step by step:  

1. Inside the parentheses:  
   - `not (False)` → `True`  
   - `True or False` → `True`  

So the whole expression simplifies to `True`.  

Final answer: true",true,true,True,boolean,,cot_fs,boolean_expressions,1
112,not False or True or False and False is,True,"Let’s break it down step by step:  

Expression:  
**not False or True or False and False**  

1. **Operator precedence**: `not` > `and` > `or`  
   So first handle `not False` → `True`.  

   Expression becomes:  
   **True or True or (False and False)**  

2. Evaluate `False and False` → `False`.  

   Expression now:  
   **True or True or False**  

3. `True or True` → `True`  
   `True or False` → `True`  

Final result: **True**  

Final answer: true",false,true,False,boolean,,cot_fs,boolean_expressions,1
113,not False or True and not not True is,True,"Let’s break it down step by step:  

**Expression:**  
not False or True and not not True  

1. **Evaluate innermost logical constants:**  
   - `not False` → True  
   - `not not True` → not (not True) → not False → True  

   So the expression becomes:  
   True or True and True  

2. **Operator precedence:** `and` before `or`  
   - `True and True` → True  

   Now we have:  
   True or True  

3. **Final evaluation:**  
   True or True → True  

Final answer: true",true,true,True,boolean,,cot_fs,boolean_expressions,1
114,not False or not not not not True is,True,"Let’s break it down step by step.  

The expression is:  
**not False or not not not not True**

1. **not False** → True  
2. **not not not not True**  
   - not True → False  
   - not False → True  
   - not True → False  
   - not False → True  
   So **not not not not True** = True  

3. Now we have: **True or True**  
   - True or True → True  

Final answer: True",true,true,True,boolean,,cot_fs,boolean_expressions,1
115,( not False ) and False or True is,True,"Let’s break it down step by step:  

1. **Parentheses first**:  
   `(not False)` → `True`  

2. **Expression becomes**:  
   `True and False or True`  

3. **Order of operations**: `and` before `or`  
   `True and False` → `False`  

4. **Now we have**:  
   `False or True` → `True`  

Final answer: true",true,true,True,boolean,,cot_fs,boolean_expressions,1
116,not not not False or False and False is,True,"Let’s break it down step by step:  

**Expression:** `not not not False or False and False`  

1. **Innermost `not False`**:  
   `not False` = `True`  

2. **Next `not True`**:  
   `not True` = `False`  

3. **Next `not False`**:  
   `not False` = `True`  

So `not not not False` = `True`.  

Now the expression is:  
`True or False and False`  

4. **Operator precedence**: `and` before `or`.  
   `False and False` = `False`  

5. Now: `True or False` = `True`  

**Final answer: true**",false,true,False,boolean,,cot_fs,boolean_expressions,1
117,not False and not True and not False is,False,"Let’s break it down step by step:  

Expression:  
**not False and not True and not False**

1. Evaluate each `not`:  
   - `not False` → `True`  
   - `not True` → `False`  
   - `not False` → `True`  

2. Substitute back:  
   `True and False and True`  

3. Evaluate left to right (AND is associative):  
   - `True and False` → `False`  
   - `False and True` → `False`  

Final result: **False**  

Final answer: false",true,false,False,boolean,,cot_fs,boolean_expressions,1
118,not ( not not not not False ) is,True,"Let’s break it down step by step.  

We start with:  
not ( not not not not False )  

1. **Innermost negation**:  
not False = True  

2. Next:  
not not not not False = not not not (not False)  
= not not not True  
= not not (not True)  
= not not False  
= not (not False)  
= not True  
= False  

3. Now apply the outer **not**:  
not (False) = True  

Final answer: True",true,true,True,boolean,,cot_fs,boolean_expressions,1
119,True and not ( True or False ) is,False,"Let’s break it down step by step.  

The expression is:  
**True and not ( True or False )**

1. Evaluate inside parentheses first:  
   True or False → True  

2. Apply the **not**:  
   not (True) → False  

3. Now the expression is:  
   True and False  

4. **True and False** → False  

Final answer: false",false,false,True,boolean,,cot_fs,boolean_expressions,1
120,False or False or True and not False is,True,"Let’s break it down step by step:  

Expression:  
**False or False or True and not False**  

1. **Operator precedence**: `not` > `and` > `or`  
   So first handle `not False`:  
   `not False` = `True`  

   Expression becomes:  
   `False or False or True and True`  

2. Now handle `True and True`:  
   `True and True` = `True`  

   Expression becomes:  
   `False or False or True`  

3. Evaluate left to right (all `or` operations):  
   `False or False` = `False`  
   `False or True` = `True`  

So the final result is **True**.  

Final answer: True",false,true,False,boolean,,cot_fs,boolean_expressions,1
121,not True and True and not not False is,False,"Let’s break it down step by step:  

Expression: **not True and True and not not False**  

1. **not True** → False  
2. **not not False** → not (not False) → not (True) → False  

So now we have:  
False **and** True **and** False  

3. **False and True** → False  
4. **False and False** → False  

Final result: **False**  

Final answer: false",false,false,True,boolean,,cot_fs,boolean_expressions,1
122,True and not ( False or False ) is,True,"Let’s break it down step by step:  

1. **Inside parentheses**:  
   \( \text{False or False} = \text{False} \)  

2. **Apply the ""not""**:  
   \( \text{not (False)} = \text{True} \)  

3. **Now the expression is**:  
   \( \text{True and True} \)  

4. **Evaluate**:  
   \( \text{True and True} = \text{True} \)  

Final answer: true",true,true,True,boolean,,cot_fs,boolean_expressions,1
123,( ( not False ) ) and True is,True,"First, simplify the expression:  
( ( not False ) ) and True  

not False = True  
So the expression becomes: True and True  

True and True = True  

Final answer: true",true,true,True,boolean,,cot_fs,boolean_expressions,1
124,( False ) and False or not False is,True,"Let’s break it down step by step:  

Expression:  
( False ) and False or not False  

1. **Evaluate parentheses first** — but here it’s just `(False)`, so still `False`.  
   So we have:  
   False and False or not False  

2. **Evaluate `not False`**:  
   not False = True  
   Expression becomes:  
   False and False or True  

3. **Evaluate `False and False`** (AND before OR):  
   False and False = False  
   Expression becomes:  
   False or True  

4. **Evaluate `False or True`**:  
   False or True = True  

Final answer: True",false,true,False,boolean,,cot_fs,boolean_expressions,1
125,not True or ( False and True ) is,False,"Let’s break it down step by step:  

**Expression:**  
not True or ( False and True )  

1. Evaluate `not True`:  
   `not True` = `False`  

2. Evaluate `( False and True )`:  
   `False and True` = `False`  

3. Combine with `or`:  
   `False or False` = `False`  

Final answer: false",false,false,True,boolean,,cot_fs,boolean_expressions,1
126,not not False and not not not False is,False,"Let’s break it down step by step.  

**Expression:**  
not not False and not not not False  

1. **Innermost negation:**  
not False = True  
So:  
not not False = not (True) = False  

2. **Second part:**  
not not not False = not not (not False)  
not False = True  
not True = False  
not False = True  

So:  
not not not False = True  

3. **Combine with AND:**  
False and True = False  

**Final answer:** false",false,false,True,boolean,,cot_fs,boolean_expressions,1
127,not True or False and True or False is,False,"Let's break it down step by step:  
The expression is:  

**not True or False and True or False**  

1. **Operator precedence**: `not` has highest precedence, then `and`, then `or`.  
   So it’s equivalent to:  
   (not True) or (False and True) or False  

2. **Evaluate subexpressions**:  
   - not True = **False**  
   - False and True = **False**  
   So now we have:  
   False or False or False  

3. **Evaluate left to right** (or in any order for all `or` with False):  
   False or False = False  
   False or False = False  

**Final answer: false**",true,false,False,boolean,,cot_fs,boolean_expressions,1
128,True or False and not True and False is,True,"Let’s break it down step by step:  

Expression:  
**True or False and not True and False**  

1. **Operator precedence**: `not` > `and` > `or`  
   So first handle `not True`:  
   `not True` = `False`  

   Expression becomes:  
   `True or False and False and False`  

2. Now evaluate `False and False and False` from left to right:  
   `False and False` = `False`  
   `False and False` = `False`  

   Expression becomes:  
   `True or False`  

3. `True or False` = `True`  

Final answer: True",true,true,True,boolean,,cot_fs,boolean_expressions,1
129,not not not ( False ) and False is,False,"Let’s break it down step by step.  

The expression is:  
**not not not ( False ) and False**

1. **Innermost negation**:  
   not (False) → True  

2. **Second negation**:  
   not True → False  

3. **Third negation**:  
   not False → True  

So **not not not (False)** simplifies to **True**.  

Now the expression becomes:  
**True and False**  

4. **Evaluate ""and""**:  
   True and False → False  

Final answer: false",false,false,True,boolean,,cot_fs,boolean_expressions,1
130,not not ( True ) and not False is,True,"Let’s break it down step by step:

1. **not not ( True )**  
   - `not True` → `False`  
   - `not False` → `True`  
   So `not not ( True )` = `True`.

2. **not False**  
   - `not False` = `True`.

3. **True and True**  
   - `True and True` = `True`.

Final answer: true",true,true,True,boolean,,cot_fs,boolean_expressions,1
131,False or ( not ( False ) ) is,True,"Let’s evaluate step by step:  

Expression:  
False or ( not ( False ) )  

1. **Evaluate innermost parentheses**:  
   not ( False ) → True  

2. **Substitute back**:  
   False or ( True )  

3. **Evaluate the OR**:  
   False or True → True  

Final answer: true",true,true,True,boolean,,cot_fs,boolean_expressions,1
132,not ( True and True ) or False is,False,"Let’s evaluate step by step:  

1. **Inside parentheses**:  
   \( \text{True and True} = \text{True} \)  

2. **Apply the ""not""**:  
   \( \text{not (True)} = \text{False} \)  

3. **Now the expression is**:  
   \( \text{False or False} \)  

4. **Evaluate ""or""**:  
   \( \text{False or False} = \text{False} \)  

Final answer: false",false,false,True,boolean,,cot_fs,boolean_expressions,1
133,not not ( False or not True ) is,False,"Let’s break it down step by step.  

We have:  
**not not ( False or not True )**

1. Evaluate **not True**:  
   not True → False  

2. Replace into the parentheses:  
   False or False → False  

3. Now we have:  
   not not (False)  

4. First **not False**:  
   not False → True  

5. Then **not True**:  
   not True → False  

So the final result is **False**.  

Final answer: false",false,false,True,boolean,,cot_fs,boolean_expressions,1
134,True or ( True or not False ) is,True,"Let’s break it down step by step:  

Expression:  
True or ( True or not False )  

1. Evaluate innermost parentheses first:  
   - not False → True  
   - So inside parentheses: True or True → True  

2. Now the expression becomes:  
   True or True  

3. True or True → True  

Final answer: True",true,true,True,boolean,,cot_fs,boolean_expressions,1
135,( False or not False or False ) is,True,"Let’s break it down step by step.  

The expression is:  
( False or not False or False )  

1. **Evaluate `not False`**:  
   `not False` = `True`  

2. **Substitute back**:  
   ( False or True or False )  

3. **Evaluate `False or True`**:  
   `False or True` = `True`  

4. **Evaluate `True or False`**:  
   `True or False` = `True`  

So the whole expression evaluates to `True`.  

Final answer: true",true,true,True,boolean,,cot_fs,boolean_expressions,1
136,( True ) or True and not True is,True,"Let’s break it down step by step:  

Expression:  
( True ) or True and not True  

1. **Order of operations**: In Boolean logic, `not` has the highest precedence, then `and`, then `or`.  
   So `True and not True` is evaluated first.  

2. `not True` = `False`  

3. `True and False` = `False`  

4. Now we have: `( True ) or False`  

5. `True or False` = `True`  

Final answer: True",true,true,True,boolean,,cot_fs,boolean_expressions,1
137,False and not ( False and True ) is,False,"Let’s break it down step by step.  

The expression is:  
**False and not ( False and True )**

1. Evaluate inside parentheses first:  
   False and True → False  

2. Now the expression becomes:  
   False and not (False)  

3. **not (False)** → True  

4. Now we have:  
   False and True  

5. **False and True** → False  

Final answer: false",false,false,True,boolean,,cot_fs,boolean_expressions,1
138,not ( True or False ) or True is,True,"Let’s evaluate step by step:  

1. **Inside parentheses first:**  
   \( \text{True or False} = \text{True} \)  

2. **Apply the `not`:**  
   \( \text{not (True)} = \text{False} \)  

3. **Now the full expression:**  
   \( \text{False or True} = \text{True} \)  

Final answer: true",true,true,True,boolean,,cot_fs,boolean_expressions,1
139,( not False or ( True ) ) is,True,"Let’s break it down step by step.  

The expression is:  
( not False or ( True ) )  

1. **Evaluate `not False`**:  
   `not False` = `True`  

2. **Substitute back**:  
   ( True or ( True ) )  

3. **Evaluate `or`**:  
   True or True = True  

Final answer: true",true,true,True,boolean,,cot_fs,boolean_expressions,1
140,( True ) and False or not False is,True,"Let’s break it down step by step:  

Expression:  
( True ) and False or not False  

1. **Evaluate parentheses first** — already just `True`.  
   → True and False or not False  

2. **Evaluate `not False`** → `True`.  
   → True and False or True  

3. **Evaluate `True and False`** → `False`.  
   → False or True  

4. **Evaluate `False or True`** → `True`.  

Final answer: True",true,true,True,boolean,,cot_fs,boolean_expressions,1
141,not not not False and True and False is,False,"Let’s break it down step by step.

Expression:  
`not not not False and True and False`

1. **Innermost `not False`**:  
   `not False` = `True`

2. **Next `not True`**:  
   `not True` = `False`

3. **Next `not False`**:  
   `not False` = `True`

So `not not not False` = `True`.

Now the expression becomes:  
`True and True and False`

4. **Evaluate left to right**:  
   `True and True` = `True`  
   `True and False` = `False`

Final result: **False**

Final answer: false",false,false,True,boolean,,cot_fs,boolean_expressions,1
142,False and not False and ( False ) is,False,"Let’s break it down step by step:  

Expression:  
**False and not False and ( False )**

1. **not False** → True  
   So now: **False and True and (False)**

2. **False and True** → False  
   So now: **False and False**

3. **False and False** → False  

Final answer: false",false,false,True,boolean,,cot_fs,boolean_expressions,1
143,False or not False or True and True is,True,"Let’s break it down step by step:  

Expression:  
**False or not False or True and True**  

1. **Order of operations**: `not` has highest precedence, then `and`, then `or`.  
   - `not False` → `True`  
   - `True and True` → `True`  

2. Rewrite expression with results:  
   `False or True or True`  

3. Evaluate left to right (for `or`, stops at first `True`):  
   - `False or True` → `True`  
   - `True or True` → `True`  

Final result: **True**  

Final answer: true",true,true,True,boolean,,cot_fs,boolean_expressions,1
144,not ( False ) or not not False is,True,"Let’s evaluate step by step:  

**Expression:**  
not ( False ) or not not False  

1. **not ( False )** → not False = True  
2. **not not False** → not False = True → not True = False  
3. So we have: **True or False**  
4. **True or False** = True  

Final answer: true",true,true,True,boolean,,cot_fs,boolean_expressions,1
145,not ( True or True ) and True is,False,"Let’s evaluate step by step:  

Expression:  
not ( True or True ) and True  

1. Evaluate inside parentheses:  
True or True → True  

2. Apply the ""not"":  
not (True) → False  

3. Now we have:  
False and True → False  

Final answer: false",false,false,True,boolean,,cot_fs,boolean_expressions,1
146,True or False or not True or True is,True,"Let’s break it down step by step:  

Expression:  
**True or False or not True or True**  

1. Evaluate `not True` → `False`  
   Expression becomes:  
   **True or False or False or True**  

2. Apply `or` from left to right:  
   - `True or False` → `True`  
   - `True or False` → `True`  
   - `True or True` → `True`  

So the whole expression evaluates to `True`.  

Final answer: true",true,true,True,boolean,,cot_fs,boolean_expressions,1
147,not True and False or False and True is,False,"Let’s break it down step by step:  

Expression:  
**not True and False or False and True**  

1. **Evaluate `not True`**:  
   `not True` = `False`  

2. **First AND**:  
   `False and False` = `False`  

3. **Second AND**:  
   `False and True` = `False`  

4. **Now OR**:  
   `False or False` = `False`  

Final answer: False",false,false,True,boolean,,cot_fs,boolean_expressions,1
148,False or not False or True or True is,True,"Let’s break it down step by step:  

Expression:  
**False or not False or True or True**  

1. **not False** = True  
   → Expression becomes: **False or True or True or True**  

2. Evaluate left to right (logical OR short-circuits):  
   - **False or True** → True  
   - **True or True** → True  
   - **True or True** → True  

Result: **True**  

Final answer: true",true,true,True,boolean,,cot_fs,boolean_expressions,1
149,not True or False and True and True is,False,"Let’s break it down step by step:  

Expression: **not True or False and True and True**  

1. **Operator precedence**: `not` has higher precedence than `and`, which has higher precedence than `or`.  
   So this is:  
   **(not True) or (False and True and True)**  

2. **Evaluate (not True)**:  
   `not True` = `False`  

3. **Evaluate (False and True and True)**:  
   `False and True` = `False`  
   `False and True` = `False`  

4. So we have:  
   `False or False`  

5. **Final result**:  
   `False`  

Final answer: false",true,false,False,boolean,,cot_fs,boolean_expressions,1
150,( not not True and not False ) is,True,"Let’s break it down step by step.  

We have:  
( not not True and not False )  

1. **not not True**  
   - not True → False  
   - not False → True  
   So **not not True = True**  

2. **not False**  
   - not False → True  

3. **True and True**  
   - True and True → True  

Final answer: true",true,true,True,boolean,,cot_fs,boolean_expressions,1
151,False and False and not ( True ) is,False,"Let’s break it down step by step:  

Expression:  
**False and False and not ( True )**  

1. **not ( True )** → False  
   So the expression becomes:  
   False and False and False  

2. **False and False** → False  

3. **False and False** → False  

So the entire expression evaluates to **False**.  

Final answer: false",false,false,True,boolean,,cot_fs,boolean_expressions,1
152,True or ( not False ) or True is,True,"Let’s break it down step by step:  

Expression:  
**True or ( not False ) or True**  

1. Evaluate `not False`:  
   `not False` = `True`  

2. Substitute back:  
   `True or True or True`  

3. Apply `or` from left to right:  
   `True or True` → `True`  
   `True or True` → `True`  

So the entire expression evaluates to `True`.  

Final answer: True",true,true,True,boolean,,cot_fs,boolean_expressions,1
153,False and False and not ( False ) is,False,"Let’s break it down step by step.  

The expression is:  

**False and False and not ( False )**  

1. Evaluate `not (False)` → `True`.  
   Expression becomes: **False and False and True**  

2. Evaluate left to right (and is associative):  
   - `False and False` → `False`  
   - `False and True` → `False`  

So the entire expression evaluates to **False**.  

Final answer: false",false,false,True,boolean,,cot_fs,boolean_expressions,1
154,True and not True or False and True is,False,"Let’s break it down step by step:  

Expression:  
**True and not True or False and True**  

1. **Order of operations**: `not` first, then `and`, then `or`.  
   - `not True` = `False`  

2. First `and`:  
   `True and False` = `False`  

3. Second `and`:  
   `False and True` = `False`  

4. Now `or`:  
   `False or False` = `False`  

Final answer: False",false,false,True,boolean,,cot_fs,boolean_expressions,1
155,False or not False or False or False is,True,"Let’s break it down step by step:  

Expression:  
**False or not False or False or False**  

1. Evaluate `not False` → `True`  
2. Replace: `False or True or False or False`  
3. Evaluate left to right:  
   - `False or True` → `True`  
   - `True or False` → `True`  
   - `True or False` → `True`  

Final result: **True**  

Final answer: true",true,true,True,boolean,,cot_fs,boolean_expressions,1
156,not True or True and False or False is,False,"Let’s break it down step by step:  

Expression:  
**not True or True and False or False**  

1. **Order of operations**: NOT first, then AND, then OR.  
   - `not True` → `False`  
   Expression becomes:  
   `False or True and False or False`  

2. **Evaluate AND**:  
   `True and False` → `False`  
   Expression becomes:  
   `False or False or False`  

3. **Evaluate OR left to right**:  
   `False or False` → `False`  
   `False or False` → `False`  

Result: **False**  

Final answer: false",false,false,True,boolean,,cot_fs,boolean_expressions,1
157,False and False and False or not False is,True,"Let’s break it down step by step:  

Expression:  
**False and False and False or not False**  

1. **Order of operations**: `and` has higher precedence than `or`, so group `and` parts first.  
   - `False and False and False` → `(False and False) and False` → `False and False` → **False**  

2. Now we have:  
   `False or not False`  

3. `not False` → **True**  

4. `False or True` → **True**  

Final answer: true",false,true,False,boolean,,cot_fs,boolean_expressions,1
158,not not not not ( not False ) is,True,"Let’s break it down step by step.  

We start with:  
not not not not ( not False )  

1. **Innermost parentheses first**:  
not False = True  

So now we have:  
not not not not (True)  

2. **Apply each ""not"" from the inside out**:  
not True = False  
not False = True  
not True = False  
not False = True  

Final result: **True**  

Final answer: true",true,true,True,boolean,,cot_fs,boolean_expressions,1
159,True or not False and True and False is,True,"Let’s break it down step by step:  

Expression:  
**True or not False and True and False**  

1. **Operator precedence**: `not` > `and` > `or`  
2. First, `not False` = `True`  
   Expression becomes:  
   **True or True and True and False**  

3. Now evaluate `True and True and False` from left to right:  
   - `True and True` = `True`  
   - `True and False` = `False`  

4. So expression becomes:  
   **True or False**  

5. `True or False` = `True`  

Final answer: True",true,true,True,boolean,,cot_fs,boolean_expressions,1
160,not not False or not False or True is,True,"Let’s evaluate step by step:  

Expression: `not not False or not False or True`  

1. `not False` → `True`  
2. `not not False` = `not (not False)` = `not True` → `False`  
3. `not False` → `True`  
4. So we have: `False or True or True`  
5. `False or True` → `True`  
6. `True or True` → `True`  

Final answer: True",false,true,False,boolean,,cot_fs,boolean_expressions,1
161,not ( not not True ) or False is,False,"Let’s evaluate step by step:  

1. **Start with**:  
   not ( not not True ) or False  

2. **Innermost negation**:  
   not True = False  

3. **Next negation**:  
   not False = True  

4. **Next negation**:  
   not True = False  

5. **Now we have**:  
   not False or False  

6. **Evaluate not False**:  
   not False = True  

7. **Now**:  
   True or False  

8. **OR operation**:  
   True or False = True  

Final answer: true",true,false,False,boolean,,cot_fs,boolean_expressions,1
162,True and False or ( not False ) is,True,"Let’s break it down step by step:  

Expression:  
**True and False or ( not False )**  

1. Evaluate **not False**:  
   not False → True  

2. Now we have:  
   True and False or True  

3. **and** has higher precedence than **or**, so first compute **True and False**:  
   True and False → False  

4. Now we have:  
   False or True  

5. **False or True** → True  

Final answer: True",true,true,True,boolean,,cot_fs,boolean_expressions,1
163,False and ( True and not False ) is,False,"Let’s evaluate step by step:  

Expression:  
**False and ( True and not False )**

1. Evaluate inside parentheses:  
   - `not False` → `True`  
   - `True and True` → `True`  

2. Now the expression becomes:  
   `False and True`  

3. `False and True` → `False`  

Final answer: false",false,false,True,boolean,,cot_fs,boolean_expressions,1
164,False or True and not False or True is,True,"Let’s break it down step by step:  

Expression:  
**False or True and not False or True**  

1. **Operator precedence**: `not` > `and` > `or`  
2. Evaluate `not False` → `True`  
   Expression becomes:  
   **False or True and True or True**  

3. Evaluate `True and True` → `True`  
   Expression becomes:  
   **False or True or True**  

4. Evaluate left to right (associativity of `or`):  
   - `False or True` → `True`  
   - `True or True` → `True`  

Final result: **True**  

Final answer: true",false,true,False,boolean,,cot_fs,boolean_expressions,1
165,True and not not ( not False ) is,True,"Let’s break it down step by step:  

1. **Start with**:  
   True and not not ( not False )  

2. **Evaluate innermost parentheses first**:  
   not False → True  

3. **Now we have**:  
   True and not not ( True )  

4. **Evaluate not not True**:  
   not True → False  
   not False → True  

5. **Now we have**:  
   True and True  

6. **Final evaluation**:  
   True and True → True  

Final answer: true",true,true,True,boolean,,cot_fs,boolean_expressions,1
166,True and False and not True or False is,False,"Let’s break it down step by step:  

Expression:  
**True and False and not True or False**  

1. **Order of operations**:  
   - `not` has highest precedence  
   - `and` is next  
   - `or` is last  

2. Evaluate `not True`:  
   `not True` = `False`  

   So the expression becomes:  
   `True and False and False or False`  

3. Evaluate `True and False` (leftmost `and`):  
   `True and False` = `False`  

   Expression now:  
   `False and False or False`  

4. Evaluate `False and False`:  
   `False and False` = `False`  

   Expression now:  
   `False or False`  

5. Evaluate `False or False`:  
   `False or False` = `False`  

Final answer: False",true,false,False,boolean,,cot_fs,boolean_expressions,1
167,( False or not not not False ) is,True,"Let’s break it down step by step.  

The expression is:  
( False or not not not False )  

1. **Innermost `not`**:  
   `not False` = `True`  

2. **Next `not`**:  
   `not True` = `False`  

3. **Next `not`**:  
   `not False` = `True`  

4. **Now the `or`**:  
   `False or True` = `True`  

Final answer: true",true,true,True,boolean,,cot_fs,boolean_expressions,1
168,( True ) and True and not True is,False,"Let’s evaluate step by step:  

Expression:  
( True ) and True and not True  

1. **Parentheses first** — ( True ) is just True.  
   So we have: True and True and not True  

2. **Evaluate `not True`** — not True = False.  
   Now: True and True and False  

3. **Left to right** — `True and True` = True.  
   Now: True and False  

4. **Final AND** — True and False = False.  

Final answer: false",true,false,False,boolean,,cot_fs,boolean_expressions,1
169,False or not True or True and False is,False,"Let’s break it down step by step:  

Expression: **False or not True or True and False**  

1. **Order of operations**: `not` > `and` > `or`  
2. Evaluate `not True` → `False`  
   Expression becomes: **False or False or True and False**  
3. Evaluate `True and False` → `False`  
   Expression becomes: **False or False or False**  
4. Evaluate left to right (all `or` operations):  
   - `False or False` → `False`  
   - `False or False` → `False`  

Final result: **False**  

Final answer: false",false,false,True,boolean,,cot_fs,boolean_expressions,1
170,not False and True or ( True ) is,True,"Let’s break it down step by step:  

Expression:  
`not False and True or ( True )`  

1. `not False` → `True`  
2. So now: `True and True or ( True )`  
3. `True and True` → `True`  
4. Now: `True or ( True )` → `True` (since `or` stops at first `True`)  

Final answer: true",true,true,True,boolean,,cot_fs,boolean_expressions,1
171,not True and False or False and False is,False,"Let’s break it down step by step:  

Expression:  
**not True and False or False and False**  

1. **not True** = False  
   → Expression becomes: **False and False or False and False**  

2. **False and False** = False (leftmost)  
   → Expression becomes: **False or False and False**  

3. **False and False** = False (rightmost)  
   → Expression becomes: **False or False**  

4. **False or False** = False  

Final answer: false",false,false,True,boolean,,cot_fs,boolean_expressions,1
172,not False or ( ( False ) ) is,True,"Let’s break it down step by step:  

1. **not False** → `True`  
2. **((False))** → `False`  
3. **True or False** → `True`  

Final answer: true",true,true,True,boolean,,cot_fs,boolean_expressions,1
173,not True or True and False and False is,False,"Let’s break it down step by step:  

Expression: **not True or True and False and False**  

1. **Operator precedence**: `not` > `and` > `or`  
   So first handle `not True`, then `and` operations, then `or`.  

2. **`not True`** = `False`  

3. Now the expression is:  
   `False or True and False and False`  

4. Evaluate `True and False and False` from left to right:  
   - `True and False` = `False`  
   - `False and False` = `False`  

5. Now we have:  
   `False or False`  

6. `False or False` = `False`  

Final answer: false",true,false,False,boolean,,cot_fs,boolean_expressions,1
174,( False ) or False and not True is,False,"Let’s break it down step by step:  

Expression:  
( False ) or False and not True  

1. **Order of operations**: NOT first, then AND, then OR.  
   - `not True` → `False`  

2. Replace:  
   ( False ) or False and False  

3. AND before OR:  
   `False and False` → `False`  

4. Now:  
   False or False → `False`  

Final answer: false",false,false,True,boolean,,cot_fs,boolean_expressions,1
175,not False or ( True or True ) is,True,"Let’s break it down step by step:  

**Expression:**  
not False or ( True or True )  

1. **Evaluate innermost parentheses first:**  
   True or True → True  

   So now we have:  
   not False or True  

2. **Evaluate `not False`:**  
   not False → True  

   So now we have:  
   True or True  

3. **Evaluate `True or True`:**  
   True or True → True  

**Final answer: true**",false,true,False,boolean,,cot_fs,boolean_expressions,1
176,True or False and not ( True ) is,True,"Let’s break it down step by step:  

Expression:  
**True or False and not ( True )**  

1. **Parentheses first**:  
   not ( True ) → False  

   Now we have:  
   True or False and False  

2. **Order of operations**: `and` before `or`  
   False and False → False  

   Now we have:  
   True or False  

3. **Evaluate `or`**:  
   True or False → True  

Final answer: True",true,true,True,boolean,,cot_fs,boolean_expressions,1
177,not True or False or ( True ) is,True,"Let’s evaluate step by step:  

Expression:  
not True or False or ( True )  

1. **not True** = False  
2. Replace: **False or False or True**  
3. **False or False** = False  
4. **False or True** = True  

Final answer: True",true,true,True,boolean,,cot_fs,boolean_expressions,1
178,True and ( not ( True ) ) is,False,"Let’s break it down step by step:  

1. **Inside parentheses**:  
   \( \text{not (True)} = \text{False} \)  

2. **Expression becomes**:  
   \( \text{True and False} \)  

3. **Evaluate**:  
   \( \text{True and False} = \text{False} \)  

Final answer: false",false,false,True,boolean,,cot_fs,boolean_expressions,1
179,not True and ( False or True ) is,False,"Let’s break it down step by step.  

The expression is:  
**not True and ( False or True )**

1. **not True** → False  
2. **( False or True )** → True  
3. Now substitute: **False and True** → False  

Final answer: false",false,false,True,boolean,,cot_fs,boolean_expressions,1
180,not ( True or True ) and False is,False,"Let’s evaluate step by step:  

1. **Inside parentheses first**:  
   \( \text{True or True} = \text{True} \)  

2. **Apply the ""not""**:  
   \( \text{not (True)} = \text{False} \)  

3. **Now the expression is**:  
   \( \text{False and False} \)  

4. **Evaluate**:  
   \( \text{False and False} = \text{False} \)  

Final answer: false",false,false,True,boolean,,cot_fs,boolean_expressions,1
181,False or False and False or not True is,False,"Let’s break it down step by step:  

Expression:  
**False or False and False or not True**  

1. **Order of operations**: In Boolean logic, `and` has higher precedence than `or`.  
   So group `False and False` first:  
   `False or (False and False) or not True`  

2. `False and False` = **False**  

3. Now we have:  
   `False or False or not True`  

4. `not True` = **False**  

5. Now:  
   `False or False or False`  

6. Evaluate left to right:  
   `False or False` = **False**  
   `False or False` = **False**  

Final result: **False**  

Final answer: false",false,false,True,boolean,,cot_fs,boolean_expressions,1
182,( not False ) or ( False ) is,True,"Let’s break it down step by step:  

1. **( not False )** → **True**  
2. **( False )** → **False**  
3. **True or False** → **True**  

Final answer: true",true,true,True,boolean,,cot_fs,boolean_expressions,1
183,False or not False or not not True is,True,"Let’s break it down step by step:  

Expression:  
**False or not False or not not True**

1. **not False** → True  
2. **not not True** → not (not True) → not False → True  

So now we have:  
False **or** True **or** True  

3. **False or True** → True  
4. **True or True** → True  

Final result: **True**  

Final answer: true",false,true,False,boolean,,cot_fs,boolean_expressions,1
184,not not not ( True and False ) is,True,"Let’s break it down step by step.  

1. Start with the innermost parentheses:  
   \( \text{True and False} \) → \( \text{False} \)  

2. Apply the triple “not”:  
   \( \text{not False} \) → \( \text{True} \)  
   \( \text{not True} \) → \( \text{False} \)  
   \( \text{not False} \) → \( \text{True} \)  

So \( \text{not not not (True and False)} \) → \( \text{True} \).  

Final answer: true",true,true,True,boolean,,cot_fs,boolean_expressions,1
185,not not ( not True ) or False is,False,"Let's break it down step by step:  

The expression is:  
**not not ( not True ) or False**  

1. **not True** → False  
2. **not False** → True  
3. **not True** → False  
4. **False or False** → False  

So the final value is **False**.  

Final answer: false",false,false,True,boolean,,cot_fs,boolean_expressions,1
186,False or not False and ( False ) is,False,"Let’s break it down step by step:  

Expression:  
**False or not False and ( False )**  

1. **Order of operations**: NOT first, then AND, then OR.  
   - `not False` = `True`  

2. Replace:  
   `False or True and (False)`  

3. AND before OR:  
   `True and False` = `False`  

4. Now:  
   `False or False` = `False`  

Final answer: false",false,false,True,boolean,,cot_fs,boolean_expressions,1
187,not True or False or not not True is,True,"Let’s break it down step by step:  

Expression: **not True or False or not not True**  

1. **not True** → False  
2. **not not True** → not (not True) → not False → True  

So the expression becomes:  
False **or** False **or** True  

3. **False or False** → False  
4. **False or True** → True  

Final result: **True**  

Final answer: true",false,true,False,boolean,,cot_fs,boolean_expressions,1
188,True or not False and True or True is,True,"Let’s break it down step by step:  

Expression:  
**True or not False and True or True**  

1. **Operator precedence**: `not` > `and` > `or`  
2. First, `not False` = `True`  
   → Expression becomes:  
   **True or (True and True) or True**  

3. Evaluate `True and True` = `True`  
   → Expression becomes:  
   **True or True or True**  

4. `True or True` = `True` (left to right)  
   → `True or True` = `True`  

Final result: **True**  

Final answer: true",true,true,True,boolean,,cot_fs,boolean_expressions,1
189,not True or not False and not False is,True,"Let’s break it down step by step:  

Expression: **not True or not False and not False**  

1. Replace with boolean values:  
   - not True → False  
   - not False → True  
   - not False → True  

So we have: **False or True and True**  

2. Order of operations: **and** before **or**  
   - True and True → True  

Now: **False or True**  

3. False or True → True  

**Final answer: true**",false,true,False,boolean,,cot_fs,boolean_expressions,1
190,False and not False or False and True is,False,"Let’s break it down step by step:  

Expression:  
**False and not False or False and True**  

1. **not False** = True  
   → Expression becomes: **False and True or False and True**  

2. **False and True** = False  
   → Expression becomes: **False or False and True**  

3. **False and True** = False  
   → Expression becomes: **False or False**  

4. **False or False** = False  

Final answer: false",false,false,True,boolean,,cot_fs,boolean_expressions,1
191,( ( True ) ) or not False is,True,"Let’s break it down step by step.  

The expression is:  
\[
( ( True ) ) \ \text{or} \ \text{not} \ False
\]

1. Simplify the parentheses:  
\[
( True ) = True
\]

2. Evaluate `not False`:  
\[
\text{not} \ False = True
\]

3. Now we have:  
\[
True \ \text{or} \ True
\]

4. `True or True` evaluates to `True`.

Final answer: true",true,true,True,boolean,,cot_fs,boolean_expressions,1
192,not ( False ) and ( False ) is,False,"First, simplify the expression:  
not (False) and (False)  

not (False) → True  
So we have: True and False  

True and False → False  

Final answer: false",true,false,False,boolean,,cot_fs,boolean_expressions,1
193,True or not False and False and False is,True,"Let’s break it down step by step:  

Expression:  
**True or not False and False and False**  

1. **Operator precedence**: `not` > `and` > `or`  
2. Evaluate `not False` → `True`  
   Expression becomes:  
   **True or True and False and False**  

3. Evaluate `True and False` → `False`  
   Expression becomes:  
   **True or False and False**  

4. Evaluate `False and False` → `False`  
   Expression becomes:  
   **True or False**  

5. Evaluate `True or False` → `True`  

Final answer: True",true,true,True,boolean,,cot_fs,boolean_expressions,1
194,not False and not True or not True is,False,"Let’s break it down step by step:  

Expression:  
**not False and not True or not True**  

1. Replace `not False` with `True`, `not True` with `False`:  
   → **True and False or False**  

2. Evaluate `and` before `or` (order of operations):  
   → **(True and False) or False**  

3. `True and False` = `False`  
   → **False or False**  

4. `False or False` = `False`  

Final answer: false",false,false,True,boolean,,cot_fs,boolean_expressions,1
195,False and False or False or not True is,False,"Let’s evaluate step by step:  

Expression:  
**False and False or False or not True**  

1. **not True** → False  
   Expression becomes:  
   False and False or False or False  

2. **False and False** → False  
   Expression becomes:  
   False or False or False  

3. **False or False** → False  
   Expression becomes:  
   False or False  

4. **False or False** → False  

Final answer: false",false,false,True,boolean,,cot_fs,boolean_expressions,1
196,( not False ) or not not False is,True,"Let’s break it down step by step.  

The expression is:  
( not False ) or not not False  

1. **Evaluate `not False`**:  
   `not False` = `True`  

2. **Evaluate `not not False`**:  
   `not False` = `True`  
   `not True` = `False`  

So the expression becomes:  
`True or False`  

3. **Apply `or`**:  
   `True or False` = `True`  

Final answer: True",true,true,True,boolean,,cot_fs,boolean_expressions,1
197,( False ) or not True and False is,False,"Let’s break it down step by step:  

Expression:  
( False ) or not True and False  

1. **Order of operations**: NOT has higher precedence than AND, which has higher precedence than OR.  
   So: `(False) or ((not True) and False)`  

2. **Evaluate `not True`**:  
   `not True` = `False`  

3. **Evaluate `(not True) and False`**:  
   `False and False` = `False`  

4. **Evaluate `False or False`**:  
   `False or False` = `False`  

Final answer: false",false,false,True,boolean,,cot_fs,boolean_expressions,1
198,True or not not ( not False ) is,True,"Let’s break it down step by step:  

**Expression:**  
True or not not ( not False )  

1. **Innermost parentheses first:**  
   not False → True  

2. **Apply the next ""not"":**  
   not True → False  

3. **Apply the next ""not"":**  
   not False → True  

4. **Now the expression is:**  
   True or True  

5. **Evaluate:**  
   True or True → True  

Final answer: true",true,true,True,boolean,,cot_fs,boolean_expressions,1
199,True or ( not ( True ) ) is,True,"Let’s break it down step by step:  

Expression:  
True or ( not ( True ) )  

1. Evaluate `not ( True )`:  
   not True → False  

2. Substitute back:  
   True or False  

3. Evaluate `or`:  
   True or False → True  

Final answer: True",true,true,True,boolean,,cot_fs,boolean_expressions,1
200,( True or not False ) or False is,True,"Let’s break it down step by step:  

1. **Parentheses first**:  
   \( \text{True or not False} \)  
   \( \text{not False} = \text{True} \)  
   \( \text{True or True} = \text{True} \)  

2. **Now the whole expression**:  
   \( \text{True or False} \)  
   \( \text{True or False} = \text{True} \)  

Final answer: true",true,true,True,boolean,,cot_fs,boolean_expressions,1
201,( not ( False ) ) or False is,True,"Let’s break it down step by step.  

The expression is:  
( not ( False ) ) or False  

1. Evaluate `not (False)`:  
   `not False` = `True`  

2. Substitute back:  
   `True or False`  

3. `True or False` evaluates to `True` (since OR returns True if at least one operand is True).  

Final answer: true",true,true,True,boolean,,cot_fs,boolean_expressions,1
202,False or True or False and not False is,True,"Let’s break it down step by step:  

Expression:  
**False or True or False and not False**  

1. **Order of operations**: `not` > `and` > `or`  
   So first handle `not False`:  
   `not False` = `True`  

   Expression becomes:  
   `False or True or False and True`  

2. Now handle `and` before `or`:  
   `False and True` = `False`  

   Expression becomes:  
   `False or True or False`  

3. Evaluate left to right (associativity of `or`):  
   `False or True` = `True`  
   `True or False` = `True`  

Final result: **True**  

Final answer: true",false,true,False,boolean,,cot_fs,boolean_expressions,1
203,False or True and not not not False is,True,"Let’s break it down step by step:  

**Expression:**  
False or True and not not not False  

1. **Innermost negation:**  
not False → True  

2. **Next negation:**  
not True → False  

3. **Next negation:**  
not False → True  

So ""not not not False"" = True.  

4. **Now the expression is:**  
False or True and True  

5. **Operator precedence:** AND before OR  
True and True → True  

6. **Now:**  
False or True → True  

**Final answer: true**",false,true,False,boolean,,cot_fs,boolean_expressions,1
204,( False ) or not False or True is,True,"Let’s evaluate step by step:  

Expression:  
( False ) or not False or True  

1. **not False** = True  
2. Replace: ( False ) or True or True  
3. Evaluate left to right:  
   - False or True → True  
   - True or True → True  

Final answer: True",true,true,True,boolean,,cot_fs,boolean_expressions,1
205,False and not ( True ) or True is,True,"Let’s break it down step by step:  

Expression:  
**False and not ( True ) or True**  

1. Evaluate `not ( True )`:  
   `not True` = `False`  

2. Replace in the expression:  
   `False and False or True`  

3. Order of operations: `and` before `or`  
   `False and False` = `False`  

4. Now we have:  
   `False or True` = `True`  

Final answer: True",true,true,True,boolean,,cot_fs,boolean_expressions,1
206,False and not True and True or False is,False,"Let’s break it down step by step:  

Expression:  
**False and not True and True or False**

1. **not True** = False  
   → Expression becomes:  
   **False and False and True or False**

2. **False and False** = False  
   → Expression becomes:  
   **False and True or False**

3. **False and True** = False  
   → Expression becomes:  
   **False or False**

4. **False or False** = False  

Final answer: false",false,false,True,boolean,,cot_fs,boolean_expressions,1
207,( not not not True and True ) is,False,"Let’s evaluate step by step:  

1. Start with the innermost `not True`:  
   `not True` = `False`  

2. Apply the next `not`:  
   `not False` = `True`  

3. Apply the last `not`:  
   `not True` = `False`  

4. Now the expression is:  
   `(False and True)`  

5. `False and True` = `False`  

Final answer: false",false,false,True,boolean,,cot_fs,boolean_expressions,1
208,True and not True or False or True is,True,"Let’s break it down step by step:  

Expression:  
**True and not True or False or True**  

1. **not True** = False  
   → Expression becomes: **True and False or False or True**  

2. **True and False** = False  
   → Expression becomes: **False or False or True**  

3. **False or False** = False  
   → Expression becomes: **False or True**  

4. **False or True** = True  

Final answer: True",true,true,True,boolean,,cot_fs,boolean_expressions,1
209,not False and False and False and True is,False,"Let’s break it down step by step:  

Expression:  
not False and False and False and True  

1. **not False** = True  
2. So now we have: True and False and False and True  
3. **True and False** = False  
4. **False and False** = False  
5. **False and True** = False  

Final result: **False**  

Final answer: false",true,false,False,boolean,,cot_fs,boolean_expressions,1
210,not False or True and False and False is,True,"Let’s break it down step by step:  

Expression: **not False or True and False and False**  

1. **Order of operations**: `not` has highest precedence, then `and`, then `or`.  
   - `not False` → `True`  
   - `True and False and False` → evaluate left to right:  
     `True and False` → `False`  
     `False and False` → `False`  

2. Now the expression is:  
   `True or False`  

3. `True or False` → `True`  

Final answer: true",true,true,True,boolean,,cot_fs,boolean_expressions,1
211,False or not not not False and True is,True,"Let’s break it down step by step:  

**Expression:**  
False or not not not False and True  

1. **Innermost `not False`**:  
   `not False` = True  

2. **`not not False`**:  
   `not True` = False  

3. **`not not not False`**:  
   `not False` = True  

So `not not not False` = True.  

4. Now the expression becomes:  
   False or (True and True)  

5. Evaluate `True and True` = True  

6. Now: False or True = True  

**Final answer: true**",false,true,False,boolean,,cot_fs,boolean_expressions,1
212,False and False or not True and False is,False,"Let’s break it down step by step:  

Expression:  
**False and False or not True and False**  

1. **Order of operations**: `not` first, then `and`, then `or`.  
   - `not True` = `False`  

2. Replace:  
   `False and False or False and False`  

3. Evaluate `and` from left to right:  
   - `False and False` = `False`  
   - `False and False` = `False`  

4. Now we have:  
   `False or False`  

5. `False or False` = `False`  

Final answer: false",false,false,True,boolean,,cot_fs,boolean_expressions,1
213,not True or False or True and True is,True,"Let’s break it down step by step:  

Expression: **not True or False or True and True**  

1. **Operator precedence**: `not` > `and` > `or`  
   So: `(not True) or False or (True and True)`  

2. Evaluate each part:  
   - `not True` → `False`  
   - `True and True` → `True`  

3. Expression becomes:  
   `False or False or True`  

4. Evaluate left to right:  
   - `False or False` → `False`  
   - `False or True` → `True`  

Final answer: True",true,true,True,boolean,,cot_fs,boolean_expressions,1
214,False and not True and False and True is,False,"Let’s break it down step by step:  

Expression:  
**False and not True and False and True**  

1. Evaluate `not True` → `False`  
   Now we have:  
   **False and False and False and True**  

2. Logical AND is associative left-to-right:  
   - `False and False` → `False`  
   - `False and False` → `False`  
   - `False and True` → `False`  

So the entire expression evaluates to **False**.  

Final answer: false",false,false,True,boolean,,cot_fs,boolean_expressions,1
215,( True ) and not True or True is,True,"Let’s evaluate step by step:  

Expression:  
( True ) and not True or True  

1. **Parentheses first**:  
   ( True ) → True  

2. **Replace**:  
   True and not True or True  

3. **Evaluate `not True`**:  
   not True = False  

4. **Now we have**:  
   True and False or True  

5. **Order of operations: `and` before `or`**:  
   True and False = False  

6. **Now**:  
   False or True  

7. **`or` gives True if at least one operand is True**:  
   False or True = True  

Final answer: True",true,true,True,boolean,,cot_fs,boolean_expressions,1
216,( not not not False or True ) is,True,"Let’s break it down step by step.

We have:  
**( not not not False or True )**

1. **Innermost not**:  
   not False → True

2. **Next not**:  
   not True → False

3. **Next not**:  
   not False → True

So:  
not not not False = True

4. **Now the OR**:  
( True or True ) → True

Final answer: True",false,true,False,boolean,,cot_fs,boolean_expressions,1
217,( True and not True and False ) is,False,"Let’s evaluate step by step:  

Expression:  
( True and not True and False )  

1. **not True** = False  
2. Replace: ( True and False and False )  
3. **True and False** = False  
4. Replace: ( False and False )  
5. **False and False** = False  

Final answer: false",false,false,True,boolean,,cot_fs,boolean_expressions,1
218,True or ( ( not True ) ) is,True,"Let’s break it down step by step:  

Expression:  
True or ( ( not True ) )  

1. Evaluate `not True`:  
   `not True` = `False`  

2. Substitute back:  
   `True or (False)`  

3. `True or False` evaluates to `True`.  

Final answer: True",true,true,True,boolean,,cot_fs,boolean_expressions,1
219,False or not True and not not False is,False,"Let’s break it down step by step:  

Expression: **False or not True and not not False**  

1. **not True** → False  
2. **not not False** → not (not False) → not (True) → False  
3. Now we have: **False or False and False**  
4. **and** has higher precedence than **or**, so first evaluate `False and False` → False  
5. Now: **False or False** → False  

Final answer: false",false,false,True,boolean,,cot_fs,boolean_expressions,1
220,( not False or True ) and True is,True,"Let’s break it down step by step.  

We have:  
( not False or True ) and True  

1. **Evaluate `not False`**:  
   `not False` = `True`  

2. **Evaluate `not False or True`**:  
   `True or True` = `True`  

3. **Evaluate `(True) and True`**:  
   `True and True` = `True`  

Final answer: true",true,true,True,boolean,,cot_fs,boolean_expressions,1
221,True and False or ( not True ) is,False,"Let’s break it down step by step:  

Expression:  
True and False or ( not True )  

1. Evaluate parentheses first:  
   not True → False  

   So the expression becomes:  
   True and False or False  

2. Evaluate `and` before `or` (order of operations):  
   True and False → False  

   Now we have:  
   False or False  

3. Evaluate `or`:  
   False or False → False  

Final answer: false",true,false,False,boolean,,cot_fs,boolean_expressions,1
222,not ( False or False or True ) is,False,"Let’s evaluate step by step:  

Expression:  
not ( False or False or True )  

1. Evaluate inside parentheses:  
   False or False → False  
   False or True → True  

   So (False or False or True) = True  

2. Apply the ""not"":  
   not (True) = False  

Final answer: false",false,false,True,boolean,,cot_fs,boolean_expressions,1
223,False or ( True and not True ) is,False,"Let’s break it down step by step.  

The expression is:  
**False or ( True and not True )**  

1. Evaluate `not True`:  
   `not True` = `False`  

2. Evaluate `True and False`:  
   `True and False` = `False`  

3. Evaluate `False or False`:  
   `False or False` = `False`  

Final answer: false",false,false,True,boolean,,cot_fs,boolean_expressions,1
224,( not ( False ) and False ) is,False,"Let’s evaluate step by step:

1. **Inside parentheses first**:  
   \( \text{not (False)} \) → \( \text{True} \)

2. **Now the expression is**:  
   \( (\text{True} \ \text{and} \ \text{False}) \)

3. **Evaluate** \( \text{True and False} \) → \( \text{False} \)

Final answer: false",false,false,True,boolean,,cot_fs,boolean_expressions,1
225,not not not ( False and True ) is,True,"Let’s break it down step by step.  

1. **Innermost parentheses**:  
\( \text{False and True} \) → \( \text{False} \)  

2. **Apply the first “not”**:  
\( \text{not False} \) → \( \text{True} \)  

3. **Apply the second “not”**:  
\( \text{not True} \) → \( \text{False} \)  

4. **Apply the third “not”**:  
\( \text{not False} \) → \( \text{True} \)  

So the expression evaluates to **True**.  

Final answer: true",true,true,True,boolean,,cot_fs,boolean_expressions,1
226,not False or ( not not False ) is,True,"Let’s evaluate step by step:  

**Expression:**  
not False or ( not not False )  

1. **not False** → True  
2. **not not False** → not (not False) → not (True) → False  
3. So the expression becomes: **True or False**  
4. **True or False** → True  

Final answer: true",true,true,True,boolean,,cot_fs,boolean_expressions,1
227,not not ( False and not False ) is,False,"Let’s evaluate step by step.  

Expression:  
not not ( False and not False )  

1. **Innermost parentheses**:  
   False and not False  
   not False = True  
   False and True = False  

2. **Now we have**:  
   not not (False)  

3. **First ""not""**:  
   not False = True  

4. **Second ""not""**:  
   not True = False  

Final answer: false",false,false,True,boolean,,cot_fs,boolean_expressions,1
228,not ( not not False ) and True is,True,"Let’s break it down step by step.  

The expression is:  
not ( not not False ) and True  

1. **Innermost negation**:  
   not False → True  

2. **Next negation**:  
   not True → False  

3. **Next negation**:  
   not False → True  

So:  
not ( not not False ) = not (True) = False  

4. **Final expression**:  
False and True → False  

Final answer: false",false,true,False,boolean,,cot_fs,boolean_expressions,1
229,not not ( False and not True ) is,False,"Let’s evaluate step by step.

Expression:  
not not ( False and not True )

1. **Evaluate innermost parentheses first**  
   - `not True` → `False`  
   - `False and False` → `False`  

   So inside parentheses: `False`

2. **Apply the outer `not` operations**  
   - `not False` → `True`  
   - `not True` → `False`

Final result: **False**

Final answer: false",false,false,True,boolean,,cot_fs,boolean_expressions,1
230,True and not True and True and True is,False,"Let’s break it down step by step:  

Expression:  
True and not True and True and True  

1. Evaluate `not True` → `False`  
2. Replace: True and False and True and True  
3. Evaluate left to right:  
   - True and False → False  
   - False and True → False  
   - False and True → False  

Result: **False**  

Final answer: false",false,false,True,boolean,,cot_fs,boolean_expressions,1
231,True and True and not not not False is,True,"Let’s break it down step by step:  

**Expression:**  
True and True and not not not False  

1. **Innermost not:**  
not False → True  

2. **Next not:**  
not True → False  

3. **Next not:**  
not False → True  

So:  
not not not False = True  

4. **Evaluate the whole expression:**  
True and True and True  

True and True → True  
True and True → True  

**Final answer:** True  

Final answer: true",false,true,False,boolean,,cot_fs,boolean_expressions,1
232,True and ( not True or False ) is,False,"Let’s break it down step by step:  

Expression:  
True and ( not True or False )  

1. Evaluate `not True` → `False`  
2. Inside parentheses: `False or False` → `False`  
3. Now: `True and False` → `False`  

Final answer: false",false,false,True,boolean,,cot_fs,boolean_expressions,1
233,( not False or False and True ) is,True,"Let’s break it down step by step.  

The expression is:  
( not False or False and True )  

1. **Evaluate `not False`**:  
   `not False` = `True`  

2. **Evaluate `False and True`**:  
   `False and True` = `False`  

3. **Now the expression is**:  
   `True or False`  

4. **Evaluate `True or False`**:  
   `True or False` = `True`  

Final answer: true",true,true,True,boolean,,cot_fs,boolean_expressions,1
234,not True and True or True and False is,False,"Let’s break it down step by step:  

Expression: **not True and True or True and False**  

1. **not True** = False  
   → Expression becomes: **False and True or True and False**  

2. **False and True** = False  
   → Expression becomes: **False or True and False**  

3. **True and False** = False  
   → Expression becomes: **False or False**  

4. **False or False** = False  

Final answer: false",false,false,True,boolean,,cot_fs,boolean_expressions,1
235,True and not False or False and False is,True,"Let's break it down step by step:  

The expression is:  
**True and not False or False and False**  

1. **Operator precedence**: `not` > `and` > `or`  
2. First, handle `not False`:  
   - `not False` = **True**  
   Expression becomes:  
   **True and True or False and False**  

3. Evaluate `and` from left to right:  
   - `True and True` = **True**  
   - `False and False` = **False**  
   Expression becomes:  
   **True or False**  

4. Evaluate `or`:  
   - `True or False` = **True**  

Final answer: True",true,true,True,boolean,,cot_fs,boolean_expressions,1
236,( not False ) or ( True ) is,True,"Let’s evaluate step by step:  

( not False ) or ( True )  

1. **not False** = True  
2. **True or True** = True  

Final answer: true",true,true,True,boolean,,cot_fs,boolean_expressions,1
237,False or ( True ) or not True is,True,"Let’s evaluate step by step:  

Expression:  
**False or ( True ) or not True**  

1. **not True** = False  
2. Expression becomes: **False or True or False**  
3. **False or True** = True  
4. **True or False** = True  

Final answer: True",true,true,True,boolean,,cot_fs,boolean_expressions,1
238,False and True or ( not False ) is,True,"Let’s break it down step by step.  

The expression is:  
**False and True or ( not False )**

1. Evaluate **not False**:  
   not False → True  

   So the expression becomes:  
   False and True or True  

2. Evaluate **False and True**:  
   False and True → False  

   So now we have:  
   False or True  

3. Evaluate **False or True**:  
   False or True → True  

Final answer: True",false,true,False,boolean,,cot_fs,boolean_expressions,1
239,( ( not False ) and False ) is,False,"Let’s evaluate step by step:  

1. Inside parentheses: `not False` → `True`  
2. Then: `(True and False)` → `False`  

Final answer: false",false,false,True,boolean,,cot_fs,boolean_expressions,1
240,not ( True ) and ( False ) is,False,"Let’s break it down step by step.  

The expression is:  
not ( True ) and ( False )  

1. Evaluate `not ( True )`:  
   `not True` = `False`  

2. Now the expression becomes:  
   `False and ( False )`  

3. `False and False` = `False`  

Final answer: false",false,false,True,boolean,,cot_fs,boolean_expressions,1
241,False or not ( True ) and True is,False,"Let’s break it down step by step:  

The expression is:  
**False or not ( True ) and True**

1. Evaluate `not ( True )`:  
   `not True` = `False`  

   So the expression becomes:  
   **False or False and True**

2. Order of operations: `and` before `or`.  
   `False and True` = `False`  

   Now we have:  
   **False or False**

3. `False or False` = `False`  

Final answer: false",false,false,True,boolean,,cot_fs,boolean_expressions,1
242,not not not not True and not True is,False,"Let’s break it down step by step.  

**Expression:**  
`not not not not True and not True`

---

**Step 1 – Simplify `not not not not True`**  
- `not True` = `False`  
- `not False` = `True`  
- `not True` = `False`  
- `not False` = `True`  

So:  
`not not not not True`  
= `not not not False`  
= `not not True`  
= `not False`  
= `True`  

So `not not not not True` = `True`.

---

**Step 2 – Evaluate `not True`**  
`not True` = `False`.

---

**Step 3 – Combine with `and`**  
`True and False` = `False`.

---

Final answer: false",true,false,False,boolean,,cot_fs,boolean_expressions,1
243,False or not ( False ) or True is,True,"Let’s break it down step by step:  

Expression:  
**False or not ( False ) or True**  

1. **not ( False )** → **True**  
2. Replace: **False or True or True**  
3. **False or True** → **True**  
4. **True or True** → **True**  

Final answer: True",true,true,True,boolean,,cot_fs,boolean_expressions,1
244,not not not True and False and False is,False,"Let’s break it down step by step:  

1. **Start with** `not not not True and False and False`.  
2. Evaluate `not True` → `False`.  
3. `not False` → `True`.  
4. `not True` → `False`.  
   So `not not not True` = `False`.  

5. Now we have `False and False and False`.  
   `False and False` = `False`.  
   `False and False` = `False`.  

Final result: **False**.  

Final answer: false",true,false,False,boolean,,cot_fs,boolean_expressions,1
245,True or True or not False or False is,True,"Let’s break it down step by step:  

Expression:  
**True or True or not False or False**  

1. Evaluate `not False`:  
   `not False` = `True`  

2. Substitute back:  
   `True or True or True or False`  

3. Apply `or` from left to right:  
   - `True or True` → `True`  
   - `True or True` → `True`  
   - `True or False` → `True`  

So the whole expression evaluates to **True**.  

Final answer: true",true,true,True,boolean,,cot_fs,boolean_expressions,1
246,not ( True or True or False ) is,False,"Let’s evaluate step by step.  

The expression is:  
not ( True or True or False )  

1. Evaluate inside parentheses:  
   True or True → True  
   True or False → True  
   So ( True or True or False ) = True  

2. Apply the ""not"":  
   not (True) = False  

Final answer: false",true,false,False,boolean,,cot_fs,boolean_expressions,1
247,False or ( False and not False ) is,False,"Let’s break it down step by step:  

Expression:  
**False or ( False and not False )**

1. Evaluate `not False` → `True`  
2. Inside parentheses: `False and True` → `False`  
3. Now: `False or False` → `False`  

Final answer: false",false,false,True,boolean,,cot_fs,boolean_expressions,1
248,not True or False or ( False ) is,False,"Let’s evaluate step by step:  

Expression: `not True or False or ( False )`  

1. `not True` → `False`  
2. Now we have: `False or False or False`  
3. `False or False` → `False`  
4. `False or False` → `False`  

Final answer: false",false,false,True,boolean,,cot_fs,boolean_expressions,1
249,False or ( False ) and not False is,False,"Let’s break it down step by step:  

Expression:  
**False or ( False ) and not False**  

1. **Order of operations**: `not` has highest precedence, then `and`, then `or`.  
   - `not False` → `True`  

2. Replace:  
   `False or ( False ) and True`  

3. Evaluate `and` before `or`:  
   `False and True` → `False`  

4. Now:  
   `False or False` → `False`  

Final answer: false",false,false,True,boolean,,cot_fs,boolean_expressions,1
