sample_id,question,gold,raw_output,parsed_prediction,canonical_gold,correct,answer_format,error_type,method,task_id,iteration
0,"Which of the following is a humorous edit of this artist or movie name: 'fall out boy'?
Options:
(A) faqll out boy
(B) fall out bot
(C) falbl out boy
(D) fall outt boy",(B),"Looking at the options for ""fall out boy"":

- (A) ""faqll out boy"" — changes ""ll"" to ""qll"", which looks like a typo but not particularly humorous.  
- (B) ""fall out bot"" — changes ""boy"" to ""bot"", which could be a pun on robots, a common humorous twist.  
- (C) ""falbl out boy"" — changes ""ll"" to ""lbl"", which seems like a random error, not clearly funny.  
- (D) ""fall outt boy"" — changes ""out"" to ""outt"", just an extra letter, not clever or punny.  

The humorous edits in the examples replaced a word with a similar-sounding but different word (e.g., ""beatles"" → ""beagles"", ""stones"" → ""scones"").  
Here, ""boy"" → ""bot"" fits that pattern best.

Final answer: (B)",(B),(B),True,option_letter,,cot_fs,ruin_names,1
1,"Which of the following is a humorous edit of this artist or movie name: 'the beatles'?
Options:
(A) the beatlis
(B) the beagles
(C) the ubeatles
(D) the beatlies",(B),"Looking at the options, the humorous edit should involve a small change that creates a pun or a funny twist on the original name ""the beatles.""  

- (A) ""the beatlis"" — changes one letter but doesn’t create a clear pun.  
- (B) ""the beagles"" — changes ""beatles"" to ""beagles"" (a dog breed), which is a pun on the similar sound and is humorous.  
- (C) ""the ubeatles"" — adds a letter but doesn’t make a clear joke.  
- (D) ""the beatlies"" — slightly alters spelling but lacks a strong humorous twist.  

The best humorous edit is ""the beagles"" because it replaces the band name with a type of dog while keeping the sound similar, a classic pun style seen in the earlier examples.  

Final answer: (B)",(C),(B),False,option_letter,,cot_fs,ruin_names,1
2,"Which of the following is a humorous edit of this artist or movie name: 'the rolling stones'?
Options:
(A) the rolling scones
(B) the rolling stone
(C) the tolling stones
(D) the rollizng stones",(A),"The task is to identify a humorous edit of ""the rolling stones"" by changing one or more letters to create a pun or wordplay.  
- (A) ""the rolling scones"" replaces ""stones"" with ""scones"" (a type of baked good), which is a playful and punny substitution.  
- (B) ""the rolling stone"" is just singular, not really a humorous edit.  
- (C) ""the tolling stones"" changes ""rolling"" to ""tolling"" (as in bells), which is less directly humorous.  
- (D) ""the rollizng stones"" is a misspelling but not particularly funny.  

The best humorous edit is (A), similar to the earlier example where ""the rolling stones"" became ""the rolling scones.""  

Final answer: (A)",(A),(A),True,option_letter,,cot_fs,ruin_names,1
3,"Which of the following is a humorous edit of this artist or movie name: 'the sting'?
Options:
(A) the stink
(B) thegsting
(C) the soing
(D) the mting",(A),"Looking at the examples, the humorous edits tend to replace a word with a similar-sounding but different word that creates a funny or absurd meaning.  

For ""the sting"":  
- (A) ""the stink"" changes ""sting"" to ""stink,"" which is a real word with a humorous negative connotation.  
- (B), (C), and (D) are misspellings or gibberish without a clear pun or joke.  

This matches the pattern from earlier examples like ""the beagles"" (for ""the beatles"") and ""the rolling scones"" (for ""the rolling stones"").  

Final answer: (A)",(A),(A),True,option_letter,,cot_fs,ruin_names,1
4,"Which of the following is a humorous edit of this artist or movie name: 'blade runner'?
Options:
(A) blade runyner
(B) blade ruiner
(C) blade runnegr
(D) bulade runner",(B),"Looking at the examples, the humorous edits tend to replace a word with a similar-sounding but different word that creates a funny or absurd meaning.  

- ""fall out boy"" → ""fall out bot"" (boy → bot)  
- ""the beatles"" → ""the beagles"" (beatles → beagles)  
- ""the rolling stones"" → ""the rolling scones"" (stones → scones)  

For ""blade runner"":  
- (A) blade runyner — misspelling, not a meaningful pun  
- (B) blade ruiner — changes ""runner"" to ""ruiner"", which is a funny twist (someone who ruins things)  
- (C) blade runnegr — misspelling  
- (D) bulade runner — misspelling of ""blade""  

The best humorous edit is (B) blade ruiner.  

Final answer: (B)",(A),(B),False,option_letter,,cot_fs,ruin_names,1
5,"Which of the following is a humorous edit of this artist or movie name: 'coldplay'?
Options:
(A) coldpnay
(B) colldplay
(C) coldglay
(D) soldplay",(D),"Looking at the examples, the humorous edits tend to replace a word or part of a word with a similar-sounding but different word that creates a playful or absurd meaning.

- ""fall out boy"" → ""fall out bot"" (boy → bot, robot theme)  
- ""the beatles"" → ""the beagles"" (beatles → beagles, dog theme)  
- ""the rolling stones"" → ""the rolling scones"" (stones → scones, food theme)  

For ""coldplay"":  
- (A) coldpnay — just swaps letters, no clear humorous meaning  
- (B) colldplay — adds extra letter, no clear joke  
- (C) coldglay — changes ""play"" to ""glay"", not a real word or clear pun  
- (D) soldplay — changes ""cold"" to ""sold"", which could humorously suggest they ""sold out"" or are commercial  

(D) soldplay fits the pattern: a small change that creates a new, funny meaning related to the original.  

Final answer: (D)",(A),(D),False,option_letter,,cot_fs,ruin_names,1
6,"Which of the following is a humorous edit of this artist or movie name: 'the stone roses'?
Options:
(A) the stone rosees
(B) the stone ropes
(C) ths stone roses
(D) the stone zroses",(B),"Looking at the examples, the humorous edits tend to replace a word with a similar-sounding but different word that creates a funny or absurd image.  

- ""fall out boy"" → ""fall out bot"" (boy → bot)  
- ""the beatles"" → ""the beagles"" (beatles → beagles, a dog breed)  
- ""the rolling stones"" → ""the rolling scones"" (stones → scones, a food)  

For ""the stone roses"":  
- (A) ""the stone rosees"" — just adds an extra letter, not a meaningful pun.  
- (B) ""the stone ropes"" — changes ""roses"" to ""ropes"", which is a different object but not obviously humorous.  
- (C) ""ths stone roses"" — typo-like, not a pun.  
- (D) ""the stone zroses"" — misspelling, not a clever pun.  

The closest to the pattern is (B) ""the stone ropes"" — it changes the flower ""roses"" to ""ropes"", which is a real word substitution, though less funny than ""scones"" for ""stones"". Among the options, it fits the style best.  

Final answer: (B)",(A),(B),False,option_letter,,cot_fs,ruin_names,1
7,"Which of the following is a humorous edit of this artist or movie name: 'spandau ballet'?
Options:
(A) spandau aballet
(B) spandfu ballet
(C) spaydau ballet
(D) spandau pallet",(D),"Looking at the examples, the humorous edits tend to replace a word with a similar-sounding but different word that creates a funny or absurd image.  

- ""fall out boy"" → ""fall out bot"" (boy → bot)  
- ""the beatles"" → ""the beagles"" (beatles → beagles)  
- ""the rolling stones"" → ""the rolling scones"" (stones → scones)  

For ""spandau ballet"":  
- ""spandau"" is a German district, ""ballet"" is a dance form.  
- (A) ""aballet"" — not a real word, just adds ""a"" awkwardly.  
- (B) ""spandfu"" — changes ""au"" to ""fu"", not a clear pun.  
- (C) ""spaydau"" — changes ""n"" to ""y"", not obviously funny.  
- (D) ""spandau pallet"" — ""ballet"" → ""pallet"" (wooden platform), which is a real word and creates a funny mismatch.  

This fits the pattern: replace one word with a similar-sounding, mundane object.  

Final answer: (D)",(A),(D),False,option_letter,,cot_fs,ruin_names,1
8,"Which of the following is a humorous edit of this artist or movie name: 'top gun'?
Options:
(A) top guns
(B) tot gun
(C) top gum
(D) top sun",(B),"Looking at the examples, the humorous edits tend to replace a word with a similar-sounding but different word that creates a funny or absurd meaning.

- ""fall out boy"" → ""fall out bot"" (boy → bot, a robot twist)
- ""the beatles"" → ""the beagles"" (beatles → beagles, a dog breed)
- ""the rolling stones"" → ""the rolling scones"" (stones → scones, a baked good)

For ""top gun"":
- (A) ""top guns"" — just plural, not really humorous.
- (B) ""tot gun"" — changes ""top"" to ""tot"" (a small child), mildly amusing but not strongly funny.
- (C) ""top gum"" — changes ""gun"" to ""gum"" (chewing gum), creates a silly image.
- (D) ""top sun"" — unrelated, not obviously funny.

""Top gum"" fits the pattern best: replacing ""gun"" with ""gum"" changes a serious action movie into something trivial and silly.

Final answer: (C)",(A),(B),False,option_letter,,cot_fs,ruin_names,1
9,"Which of the following is a humorous edit of this artist or movie name: 'the sum of all fears'?
Options:
(A) the sudm of all fears
(B) the mum of all fears
(C) the sums of all fears
(D) the sum of all fear",(B),"Looking at the options, the humorous edits in the examples typically involve a small change that creates a pun or a funny twist on the original name.  

- (A) ""the sudm of all fears"" — just a misspelling, not humorous.  
- (B) ""the mum of all fears"" — changes ""sum"" to ""mum,"" which could be a pun (mother of all fears).  
- (C) ""the sums of all fears"" — pluralization, not particularly funny.  
- (D) ""the sum of all fear"" — singular ""fear,"" not humorous.  

The pun in (B) fits the pattern from the examples.  

Final answer: (B)",(B),(B),True,option_letter,,cot_fs,ruin_names,1
10,"Which of the following is a humorous edit of this artist or movie name: 'batman begins'?
Options:
(A) barman begins
(B) batman bewins
(C) hatman begins
(D) batman begin",(C),"Looking at the options, the humorous edits in the examples typically involve a small change that creates a pun or a funny twist on the original name.  

- (A) ""barman begins"" — changes ""batman"" to ""barman,"" which could humorously imply a bartender instead of a superhero.  
- (B) ""batman bewins"" — awkward spelling, not a clear pun.  
- (C) ""hatman begins"" — changes ""bat"" to ""hat,"" less humorous than (A).  
- (D) ""batman begin"" — just drops the 's', not particularly funny.  

The best humorous edit is (A), similar to ""the beagles"" for ""the beatles"" or ""the rolling scones"" for ""the rolling stones.""  

Final answer: (A)",(A),(C),False,option_letter,,cot_fs,ruin_names,1
11,"Which of the following is a humorous edit of this artist or movie name: 'the godfather'?
Options:
(A) the codfather
(B) tee godfather
(C) the godqfather
(D) thue godfather",(A),"Looking at the examples, the humorous edits tend to replace a word with a similar-sounding but different word that creates a funny or absurd meaning.  

For ""the godfather"":  
- ""codfather"" replaces ""god"" with ""cod"" (as in cod fish), humorously suggesting a fish-themed mafia boss.  
- The other options are just misspellings without a clear humorous twist.  

This matches the pattern from the examples like ""the beagles"" (Beatles → beagles) and ""the rolling scones"" (stones → scones).  

Final answer: (A)",(A),(A),True,option_letter,,cot_fs,ruin_names,1
12,"Which of the following is a humorous edit of this artist or movie name: 'ben folds five'?
Options:
(A) ben foldsk five
(B) ben folds fpve
(C) ten folds five
(D) bengfolds five",(C),"Looking at the examples, the humorous edits tend to replace a word with a similar-sounding but different word that creates a funny or absurd meaning — like ""beatles"" → ""beagles"" or ""stones"" → ""scones"".  

Here, ""ben folds five"" could be humorously altered by changing ""folds"" to something else that sounds similar but changes meaning.  

Option (C) ""ten folds five"" changes ""ben"" to ""ten"", which is a different name/number and not really a pun on the original.  
Option (A), (B), and (D) are mostly misspellings without a clear humorous twist in meaning.  

But if we think of ""folds"" → ""folds"" staying the same, none of these seem strongly punny except maybe (C) if interpreted as a numerical joke (""ten folds five"" as in multiplication 10×5), but that’s weak.  
Given the pattern in examples, the best might be one that replaces a word with a similar-sounding common word — but here none exactly match that except maybe (C) for a silly name change.  

Checking again:  
- (A) foldsk five — just typo  
- (B) fpve — just typo  
- (C) ten folds five — changes the person’s name, somewhat absurd  
- (D) bengfolds — just typo  

In the examples, the humor came from word substitution, not typos. So (C) fits best as it substitutes ""Ben"" with ""Ten"", making it a playful change.  

Final answer: (C)",(C),(C),True,option_letter,,cot_fs,ruin_names,1
13,"Which of the following is a humorous edit of this artist or movie name: 'lawrence of arabia'?
Options:
(A) lawrence of arabida
(B) ljwrence of arabia
(C) lawrence of arabica
(D) lawrenqe of arabia",(C),"Looking at the options, the humorous edits typically involve a small change that creates a pun or a funny twist on the original name.  

""Lawrence of Arabia"" becomes humorous if ""arabia"" is changed to ""arabica"" — which is a type of coffee bean — creating a pun.  
The other options are either misspellings without a clear joke (A, B, D) or don’t create a recognizable pun.  

Final answer: (C)",(C),(C),True,option_letter,,cot_fs,ruin_names,1
14,"Which of the following is a humorous edit of this artist or movie name: 'little shop of horrors'?
Options:
(A) little shoy of horrors
(B) little hop of horrors
(C) little wshop of horrors
(D) ulittle shop of horrors",(B),"Looking at the options, the humorous edits typically involve a small change that creates a pun or a funny twist on the original name.  

""Little shop of horrors"" → changing ""shop"" to ""hop"" gives ""little hop of horrors,"" which could humorously suggest jumping or a small jump instead of a shop.  

The other options just change spelling without creating a clear pun or joke:  
- (A) ""shoy"" — not a meaningful word.  
- (C) ""wshop"" — awkward spelling, not clearly funny.  
- (D) ""ulittle"" — just a prefix, not a pun.  

Final answer: (B)",(B),(B),True,option_letter,,cot_fs,ruin_names,1
15,"Which of the following is a humorous edit of this artist or movie name: 'the moody blues'?
Options:
(A) the moody bloes
(B) the moody blueb
(C) the woody blues
(D) the moodyy blues",(C),"Looking at the examples, the humorous edits tend to replace a word with a similar-sounding but different word that creates a funny or absurd meaning.  

- ""fall out boy"" → ""fall out bot"" (boy → bot)  
- ""the beatles"" → ""the beagles"" (beatles → beagles, a dog breed)  
- ""the rolling stones"" → ""the rolling scones"" (stones → scones, a food)  

For ""the moody blues"":  
- (A) ""the moody bloes"" — just a misspelling, not a funny substitution.  
- (B) ""the moody blueb"" — misspelling, not humorous.  
- (C) ""the woody blues"" — changes ""moody"" to ""woody"" (like Woody from Toy Story), which is a real word substitution and could be funny.  
- (D) ""the moodyy blues"" — extra letter, not a meaningful pun.  

The best match for the pattern is (C).  

Final answer: (C)",(A),(C),False,option_letter,,cot_fs,ruin_names,1
16,"Which of the following is a humorous edit of this artist or movie name: 'the longest day'?
Options:
(A) the long est day
(B) the longest sday
(C) the longest days
(D) the longesb day",(A),"Looking at the examples, the humorous edits tend to replace one word with a similar-sounding but different word that creates a playful or absurd meaning.

- ""fall out boy"" → ""fall out bot"" (boy → bot)  
- ""the beatles"" → ""the beagles"" (beatles → beagles)  
- ""the rolling stones"" → ""the rolling scones"" (stones → scones)  

For ""the longest day"":  
- (A) ""the long est day"" — just splits ""longest"" awkwardly, not really a pun.  
- (B) ""the longest sday"" — changes ""day"" to ""sday"" which isn’t a real word and not particularly funny.  
- (C) ""the longest days"" — changes singular to plural, not humorous.  
- (D) ""the longesb day"" — changes ""longest"" to ""longesb"", which is just a typo, not a pun.  

None of these seem as strong as the examples, but the closest in spirit to the pattern is (A) because it plays with reading ""longest"" as ""long est"" — though still weak. But given the examples, the humorous ones usually change one word to another real word. Here, none do that except maybe (C), but that’s just pluralization.  

Actually, checking again: in the examples, the humor comes from replacing a noun with another noun (stones → scones, beatles → beagles). Here, ""day"" could be changed to another word, but none of the options do that clearly. Possibly (A) is meant to be read as ""the long-est day"" (like a superlative of ""long""), which is a small twist but not a full word substitution.  

Given the pattern, the intended humorous edit might be (A) because it reinterprets ""longest"" as ""long est"" (as in ""estimated"" abbreviated), but it's a stretch.  

But looking at the actual task — ""ruin names"" — the funniest ""ruin"" in the spirit of the examples is when a word is replaced by a similar-sounding but different word that creates a new meaning. None here perfectly match, but (A) is the only one that changes the interpretation of the phrase rather than just a typo.  

Final answer: (A)",(A),(A),True,option_letter,,cot_fs,ruin_names,1
17,"Which of the following is a humorous edit of this artist or movie name: 'free willy'?
Options:
(A) frre willy
(B) freeh willy
(C) tree willy
(D) frees willy",(C),"Looking at the examples, the humorous edits tend to replace a word with a similar-sounding but different word that creates a funny or absurd meaning.

- ""fall out boy"" → ""fall out bot"" (boy → bot)  
- ""the beatles"" → ""the beagles"" (beatles → beagles)  
- ""the rolling stones"" → ""the rolling scones"" (stones → scones)  

For ""free willy"":  
- (A) ""frre willy"" — just a typo, not humorous  
- (B) ""freeh willy"" — minor spelling change, not funny  
- (C) ""tree willy"" — replaces ""free"" with ""tree"", absurd image  
- (D) ""frees willy"" — grammatical change, not particularly funny  

The best humorous edit is ""tree willy"" because it changes the meaning in a silly way, similar to the examples.  

Final answer: (C)",(A),(C),False,option_letter,,cot_fs,ruin_names,1
18,"Which of the following is a humorous edit of this artist or movie name: 'last action hero'?
Options:
(A) last actions hero
(B) last action herko
(C) last actin hero
(D) lost action hero",(D),"Looking at the examples, the humorous edits tend to replace a word with a similar-sounding but different word that creates a playful or absurd meaning.  

For ""last action hero"":  
- (A) ""last actions hero"" — just pluralizes ""action,"" not particularly funny.  
- (B) ""last action herko"" — changes ""hero"" to a nonsense word, not clever.  
- (C) ""last actin hero"" — just a spelling error, not humorous.  
- (D) ""lost action hero"" — changes ""last"" to ""lost,"" which gives a new meaning: a hero who is lost, which could be amusing.  

This matches the pattern in the examples, where one word is swapped for a similar-sounding but different word (e.g., ""beatles"" → ""beagles,"" ""stones"" → ""scones"").  

Final answer: (D)",(A),(D),False,option_letter,,cot_fs,ruin_names,1
19,"Which of the following is a humorous edit of this artist or movie name: 'the who!'?
Options:
(A) the pho!
(B) thd who!
(C) thqe who!
(D) the wqo!",(A),"Looking at the examples, the humorous edits tend to replace a word with a similar-sounding but different word that creates a playful or absurd meaning.

- ""fall out boy"" → ""fall out bot"" (boy → bot)  
- ""the beatles"" → ""the beagles"" (beatles → beagles)  
- ""the rolling stones"" → ""the rolling scones"" (stones → scones)  

Here, ""the who!"" could be humorously edited by replacing ""who"" with a similar-sounding word.  
Option (A) ""the pho!"" changes ""who"" to ""pho"" (a type of Vietnamese soup), which fits the pattern of a real-word substitution with a humorous effect.  
The other options are just misspellings without a clear pun or joke.  

Final answer: (A)",(A),(A),True,option_letter,,cot_fs,ruin_names,1
20,"Which of the following is a humorous edit of this artist or movie name: 'in search of a midnight kiss'?
Options:
(A) in search of a midnibht kiss
(B) in secarch of a midnight kiss
(C) in search of a midnight piss
(D) in seavrch of a midnight kiss",(C),"Looking at the options, the humorous edits typically involve a small change that creates a funny or absurd twist on the original phrase.  

The original title is ""in search of a midnight kiss.""  
- (A) changes ""midnight"" to ""midnibht"" — a typo-like error, not particularly humorous.  
- (B) changes ""search"" to ""secarch"" — another typo, not funny.  
- (C) changes ""kiss"" to ""piss"" — this creates a crude but clearly humorous twist, changing a romantic notion into something vulgar.  
- (D) changes ""search"" to ""seavrch"" — again just a misspelling.  

The pattern in the examples shows the humorous option often replaces a word with a similar-sounding but comically different one (e.g., ""beatles"" → ""beagles"", ""stones"" → ""scones""). Here, ""kiss"" → ""piss"" fits that pattern.  

Final answer: (C)",(D),(C),False,option_letter,,cot_fs,ruin_names,1
21,"Which of the following is a humorous edit of this artist or movie name: 'new order'?
Options:
(A) ndw order
(B) news order
(C) neworder
(D) few order",(D),"Looking at the examples, the humorous edits tend to replace a word with a similar-sounding but different word that creates a playful or absurd meaning.

- ""fall out boy"" → ""fall out bot"" (boy → bot)  
- ""the beatles"" → ""the beagles"" (beatles → beagles)  
- ""the rolling stones"" → ""the rolling scones"" (stones → scones)  

For ""new order"":  
- (A) ""ndw order"" — just a typo, not humorous  
- (B) ""news order"" — changes ""new"" to ""news"", slightly different meaning but not strongly humorous  
- (C) ""neworder"" — no space, not really a pun  
- (D) ""few order"" — changes ""new"" to ""few"", which contrasts with ""new"" and creates an absurd meaning (few order instead of new order)  

The best humorous edit is (D) ""few order"" because it replaces ""new"" with ""few"" in a way that twists the meaning comically.  

Final answer: (D)",(A),(D),False,option_letter,,cot_fs,ruin_names,1
22,"Which of the following is a humorous edit of this artist or movie name: 'the italian job'?
Options:
(A) the ytalian job
(B) the italiay job
(C) the italian hob
(D) the italians job",(C),"Looking at the examples, the humorous edits tend to replace a word with a similar-sounding but different word that creates a funny or absurd meaning.

- ""fall out boy"" → ""fall out bot"" (boy → bot)  
- ""the beatles"" → ""the beagles"" (beatles → beagles)  
- ""the rolling stones"" → ""the rolling scones"" (stones → scones)  

For ""the italian job"":  
- (A) ""the ytalian job"" — changes spelling but not meaning.  
- (B) ""the italiay job"" — changes spelling but not meaning.  
- (C) ""the italian hob"" — changes ""job"" to ""hob"" (a cooking surface or a hobbit?), slightly humorous but not strongly thematic.  
- (D) ""the italians job"" — changes ""italian"" to ""italians"", which is a subtle plural change but not particularly funny.  

The most analogous to the examples is changing a word to something phonetically similar but different in meaning, creating a playful twist.  
Here, ""job"" → ""hob"" fits that pattern best.  

Final answer: (C)",(A),(C),False,option_letter,,cot_fs,ruin_names,1
23,"Which of the following is a humorous edit of this artist or movie name: 'the artist'?
Options:
(A) thw artist
(B) kthe artist
(C) xthe artist
(D) toe artist",(D),"Looking at the examples, the humorous edits tend to replace a word with a similar-sounding but different word that creates a funny or absurd meaning:

- ""fall out boy"" → ""fall out bot"" (boy → bot)
- ""the beatles"" → ""the beagles"" (beatles → beagles, a dog breed)
- ""the rolling stones"" → ""the rolling scones"" (stones → scones, a food item)

For ""the artist"":
- (A) ""thw artist"" – just a typo, not humorous
- (B) ""kthe artist"" – just adding a letter, not humorous
- (C) ""xthe artist"" – just adding a letter, not humorous
- (D) ""toe artist"" – replaces ""the"" with ""toe"", creating an absurd image of an artist specializing in toes

The pattern suggests replacing a word with a phonetically similar but different word that creates a funny visual or concept.

Final answer: (D)",(A),(D),False,option_letter,,cot_fs,ruin_names,1
24,"Which of the following is a humorous edit of this artist or movie name: 'thunder road'?
Options:
(A) thunder koad
(B) thunder toad
(C) thuider road
(D) thunder iroad",(B),"Looking at the examples, the humorous edits tend to replace one word with a similar-sounding but different word that creates a funny or absurd image.

- ""fall out boy"" → ""fall out bot"" (boy → bot)
- ""the beatles"" → ""the beagles"" (beatles → beagles)
- ""the rolling stones"" → ""the rolling scones"" (stones → scones)

For ""thunder road"":
- (A) ""thunder koad"" — just a letter substitution, not particularly funny
- (B) ""thunder toad"" — road → toad, creates a funny image of a toad with thunder
- (C) ""thuider road"" — just a misspelling
- (D) ""thunder iroad"" — awkward insertion

""Thunder toad"" follows the pattern of creating a humorous visual by replacing ""road"" with ""toad.""

Final answer: (B)",(A),(B),False,option_letter,,cot_fs,ruin_names,1
25,"Which of the following is a humorous edit of this artist or movie name: 'mean girls'?
Options:
(A) bean girls
(B) oean girls
(C) meyan girls
(D) mean giwls",(A),"Looking at the options, the humorous edit should change the original name in a way that creates a pun or a funny twist while keeping it recognizable.  

""Mean girls"" → ""bean girls"" replaces ""mean"" with ""bean,"" which is a real word and creates a silly but coherent phrase.  
The other options either change letters in a less meaningful way (""oean girls,"" ""meyan girls"") or make a minor misspelling without a clear joke (""mean giwls"").  

Final answer: (A)",(A),(A),True,option_letter,,cot_fs,ruin_names,1
26,"Which of the following is a humorous edit of this artist or movie name: '3:10 to yuma'?
Options:
(A) 3:10 tou yuma
(B) 3:k0 to yuma
(C) 3:10 to duma
(D) 3:10 to yumga",(C),"Looking at the examples, the humorous edits tend to replace a word with a similar-sounding but different word that creates a funny or absurd meaning.

""3:10 to Yuma"" is a movie title where ""Yuma"" is a place name.  
- (A) changes ""to"" to ""tou"" — minor typo, not particularly humorous.  
- (B) changes ""10"" to ""k0"" — looks like a leetspeak substitution, not really a pun.  
- (C) changes ""Yuma"" to ""duma"" — ""duma"" isn’t a common word, but ""Duma"" could refer to a Russian assembly, which doesn’t fit humorously.  
- (D) changes ""Yuma"" to ""yumga"" — this seems like a nonsense word, not clearly funny.  

However, in the examples, the humor came from replacing a word with a real but different word (fall out **boy** → fall out **bot**, the **beatles** → the **beagles**, rolling **stones** → rolling **scones**).  

Here, ""Yuma"" could be changed to another word that sounds similar. ""Yuma"" to ""yumga"" doesn’t seem like a real word, but maybe it’s meant to be ""yoga"" misspelled? That doesn’t fit.  
Actually, ""Yuma"" to ""duma"" — if we think of ""Duma"" as in ""State Duma"" — is a real word, but it’s not obviously humorous in the way ""beagles"" or ""scones"" are.  

But among these, (C) ""3:10 to duma"" is the closest to the pattern: it replaces the location name with another real word (though less funny), while others are typos or number/letter swaps without clear puns.  

Given the examples, the humorous one should be a real-word substitution with a different meaning. ""Duma"" is a real word, so (C) fits the pattern best.  

Final answer: (C)",(A),(C),False,option_letter,,cot_fs,ruin_names,1
27,"Which of the following is a humorous edit of this artist or movie name: 'the hope'?
Options:
(A) tzhe hope
(B) the hogpe
(C) the hodpe
(D) the hose",(D),"Looking at the examples, the humorous edits tend to replace a word with a similar-sounding but different word that creates a funny or absurd meaning.

- ""fall out boy"" → ""fall out bot"" (boy → bot)  
- ""the beatles"" → ""the beagles"" (beatles → beagles)  
- ""the rolling stones"" → ""the rolling scones"" (stones → scones)  

Here, ""the hope"" could be humorously edited by changing ""hope"" to something similar in sound but different in meaning.

Option (B) ""the hogpe"" changes ""hope"" to ""hogpe"" — not a real word, but sounds like ""hog"" + ""pe,"" which isn’t clearly humorous.  
Option (C) ""the hodpe"" — also not a real word, unclear humor.  
Option (D) ""the hose"" — changes ""hope"" to ""hose,"" which is a real word and creates an absurd meaning (the hose instead of the hope). This fits the pattern of humorous substitution.  
Option (A) ""tzhe hope"" just misspells ""the"" without changing ""hope,"" less likely to be the intended humor.

The best match for the pattern is (D) ""the hose.""

Final answer: (D)",(B),(D),False,option_letter,,cot_fs,ruin_names,1
28,"Which of the following is a humorous edit of this artist or movie name: 'bad company'?
Options:
(A) bad companys
(B) badc company
(C) bad vcompany
(D) sad company",(D),"Looking at the pattern from the examples, the humorous edits tend to replace a word with a similar-sounding but different word that creates a funny or absurd meaning.  

- ""fall out boy"" → ""fall out bot"" (boy → bot)  
- ""the beatles"" → ""the beagles"" (beatles → beagles)  
- ""the rolling stones"" → ""the rolling scones"" (stones → scones)  

For ""bad company"":  
- (A) bad companys — just adds an ""s"", not a pun.  
- (B) badc company — typo-like, not a pun.  
- (C) bad vcompany — not a clear pun.  
- (D) sad company — changes ""bad"" to ""sad"", which is a meaningful and humorous substitution.  

This fits the pattern: change one word to a similar-sounding or related word that shifts the meaning humorously.  

Final answer: (D)",(A),(D),False,option_letter,,cot_fs,ruin_names,1
29,"Which of the following is a humorous edit of this artist or movie name: 'bad religion'?
Options:
(A) bad religvon
(B) bdd religion
(C) bad religion
(D) brad religion",(D),"Looking at the options, the humorous edits in the examples typically involve a small change that creates a real but different word with a funny twist — for example, ""beatles"" → ""beagles"" (a dog breed) or ""rolling stones"" → ""rolling scones"" (a food item).  

Here:  
- (A) ""bad religvon"" — changes to a nonsense word, not particularly funny.  
- (B) ""bdd religion"" — changes first word to non-word ""bdd,"" not humorous.  
- (C) ""bad religion"" — unchanged, so not an edit.  
- (D) ""brad religion"" — changes ""bad"" to ""Brad,"" a common name, creating ""Brad Religion,"" which could be humorously interpreted as a person named Brad who is very religious.  

This fits the pattern of a small letter substitution making a new meaningful phrase.  

Final answer: (D)",(D),(D),True,option_letter,,cot_fs,ruin_names,1
30,"Which of the following is a humorous edit of this artist or movie name: 'blade'?
Options:
(A) blades
(B) blkade
(C) slade
(D) blaqe",(C),"Looking at the name ""blade,"" a humorous edit typically involves a small change that creates a pun or a funny twist, often by substituting one letter to form a real but different word.  

- (A) blades — just plural, not particularly humorous.  
- (B) blkade — random letter change, not a meaningful pun.  
- (C) slade — changes ""b"" to ""s"", but ""slade"" isn’t a common word with a clear joke.  
- (D) blaqe — changes ""d"" to ""q"" and ""e"" instead of ""ade,"" but ""blaqe"" isn’t a real word.  

None are strongly punny, but the closest to the pattern in the examples (like ""beagles"" for ""beatles"") is a real word substitution. ""Slade"" is a surname and could be seen as a slight twist, but it’s not clearly humorous.  
However, in the given examples, the humorous edits often create a new common word with a different meaning. ""Blade"" → ""Slade"" is a real name, but not obviously funny.  
Given the options, the most likely humorous one is (C) slade, because it resembles a real word and changes the initial letter, similar to ""beagles"" for ""beatles.""  

Final answer: (C)",(C),(C),True,option_letter,,cot_fs,ruin_names,1
31,"Which of the following is a humorous edit of this artist or movie name: 'block 57'?
Options:
(A) blonck 57
(B) blockv57
(C) bzlock 57
(D) block 47",(D),"Looking at the options, the humorous edits in the examples typically involve a small change that creates a real or plausible word with a different meaning, often resulting in a pun or playful twist.  

For ""block 57"":  
- (A) ""blonck 57"" — ""blonck"" is not a real word, just a misspelling.  
- (B) ""blockv57"" — adds a ""v"" without forming a meaningful pun.  
- (C) ""bzlock 57"" — ""bzlock"" is not a real word.  
- (D) ""block 47"" — changes the number, but 47 is also just a number, no clear humor.  

However, in the examples, the humor often comes from replacing part of the name with a similar-sounding common noun (e.g., ""stones"" → ""scones"", ""beatles"" → ""beagles"").  
Here, none of the options seem to follow that pattern strongly, but if we consider that ""block 57"" might be a reference to something like a building block or city block, changing the number doesn’t create a pun.  
Since none create a clear pun, the closest to the ""humorous edit"" style might be a minimal letter change that results in a known word — but none do except possibly ""block 47"", which changes the number but not to a funny word.  

Given the examples, the most analogous case is changing a word to another real word (like ""beagles""), but here no option changes ""block"" to another word.  
Thus, the intended humor might be a simple typo that sounds funny — but in the provided examples, they avoid nonsense spellings.  

Comparing to the examples, (D) ""block 47"" is the only one that changes the name to another plausible name (like changing ""fall out boy"" to ""fall out bot"" — both plausible phrases).  
""Block 47"" could be a real building or code, so it fits the pattern of a small change keeping it plausible but altering it.  

Final answer: (D)",(D),(D),True,option_letter,,cot_fs,ruin_names,1
32,"Which of the following is a humorous edit of this artist or movie name: 'breaking benjamin'?
Options:
(A) breaking benjamins
(B) breaking benjaqmin
(C) reaking benjamin
(D) breaking oenjamin",(C),"Looking at the examples, the humorous edits tend to replace a word with a similar-sounding but different word that creates a playful or absurd meaning.

""Breaking Benjamin"" — ""breaking"" could be humorously reinterpreted if ""Benjamin"" is replaced with something similar in sound but different in meaning.

- (A) ""breaking benjamins"" — changes to plural, not particularly humorous.
- (B) ""breaking benjaqmin"" — just a misspelling with a 'q', not especially funny.
- (C) ""reaking benjamin"" — changes ""breaking"" to ""reaking"" (not a real word), not clearly humorous.
- (D) ""breaking oenjamin"" — changes ""Benjamin"" to ""oenjamin"" (not a real word), not clearly humorous either.

But if we think of the pattern from the examples:  
- ""fall out boy"" → ""fall out bot"" (boy → bot)  
- ""the beatles"" → ""the beagles"" (beatles → beagles)  
- ""the rolling stones"" → ""the rolling scones"" (stones → scones)  

So the humorous twist is replacing a word with a similar-sounding common word that changes the meaning in a silly way.  

For ""Breaking Benjamin"", ""Benjamin"" could become something like ""Benjamins"" (plural) — but that’s not very funny.  
Actually, ""breaking benjamin"" → ""breaking benjamins"" could be humorous if ""Benjamins"" refers to money (as in $100 bills), so ""breaking Benjamins"" could mean destroying money — that fits the pattern of a pun.

Yes, that matches:  
- ""Benjamin"" slang for $100 bill → ""breaking Benjamins"" = breaking money.  
That’s a pun, similar to ""rolling scones"" (stones → scones).

So (A) is the humorous edit.

Final answer: (A)",(A),(C),False,option_letter,,cot_fs,ruin_names,1
33,"Which of the following is a humorous edit of this artist or movie name: 'the beatles'?
Options:
(A) the beagles
(B) the beatlhes
(C) the reatles
(D) ihe beatles",(A),"Looking at the options:  
- (A) ""the beagles"" replaces ""beatles"" with ""beagles"" (a breed of dog), which is a pun and humorous.  
- (B) ""the beatlhes"" is a small typo but not obviously funny.  
- (C) ""the reatles"" changes the first letter but doesn’t create a clear joke.  
- (D) ""ihe beatles"" is a minor misspelling of ""the"" but not particularly humorous.  

The pattern from the examples shows that humorous edits often replace a word with a similar-sounding but unrelated word (e.g., ""beatles"" → ""beagles"" like ""rolling stones"" → ""rolling scones"").  

Final answer: (A)",(A),(A),True,option_letter,,cot_fs,ruin_names,1
34,"Which of the following is a humorous edit of this artist or movie name: 'cat on a hot tin roof'?
Options:
(A) cat on a hot tjn roof
(B) cat cn a hot tin roof
(C) cat on a hot tin roof
(D) cat on a hot tin goof",(D),"Looking at the original phrase ""cat on a hot tin roof,"" a humorous edit would typically involve a small change that creates a new, funny meaning while keeping most of the phrase intact.  

- (A) changes ""tin"" to ""tjn"" — just a typo, not humorous.  
- (B) changes ""on"" to ""cn"" — another typo, not funny.  
- (C) is identical to the original — no edit at all.  
- (D) changes ""roof"" to ""goof"" — this creates a new phrase ""cat on a hot tin goof,"" which is absurd and humorous.  

Final answer: (D)",(D),(D),True,option_letter,,cot_fs,ruin_names,1
35,"Which of the following is a humorous edit of this artist or movie name: 'schindler's list'?
Options:
(A) schindler's lihst
(B) fchindler's list
(C) schintler's list
(D) schindler's lost",(D),"Looking at the examples, the humorous edits tend to replace a word with a similar-sounding but different word that creates a playful or absurd meaning.  

- ""fall out boy"" → ""fall out bot"" (boy → bot)  
- ""the beatles"" → ""the beagles"" (beatles → beagles)  
- ""the rolling stones"" → ""the rolling scones"" (stones → scones)  

For ""schindler's list"":  
- (A) ""schindler's lihst"" — just a misspelling, not a meaningful pun.  
- (B) ""fchindler's list"" — changes the first letter, but not a clear pun.  
- (C) ""schintler's list"" — changes spelling slightly, but not a clear pun.  
- (D) ""schindler's lost"" — changes ""list"" to ""lost"", which is a real word with a humorous twist (the list is now lost).  

This fits the pattern of replacing a word with a similar-sounding word that changes the meaning in a funny way.  

Final answer: (D)",(A),(D),False,option_letter,,cot_fs,ruin_names,1
36,"Which of the following is a humorous edit of this artist or movie name: 'the grapes of wrath'?
Options:
(A) the grdapes of wrath
(B) the graqpes of wrath
(C) the drapes of wrath
(D) tve grapes of wrath",(C),"Looking at the options, the humorous edits typically involve a small change that creates a pun or a funny twist on the original name.  

- (A) ""grdapes"" — just a typo-like change, not humorous.  
- (B) ""graqpes"" — also a typo-like change, not funny.  
- (C) ""drapes of wrath"" — changes ""grapes"" to ""drapes,"" which is a real word and creates a silly image (curtains being angry).  
- (D) ""tve grapes"" — just a letter swap, not humorous.  

The only one that makes a pun is (C).  

Final answer: (C)",(C),(C),True,option_letter,,cot_fs,ruin_names,1
37,"Which of the following is a humorous edit of this artist or movie name: 'sleepless in seattle'?
Options:
(A) sleepless in settle
(B) sleeplekss in seattle
(C) sleepless in peattle
(D) sheepless in seattle",(D),"Looking at the examples, the humorous edits tend to replace a word with a similar-sounding but different word that creates a funny or absurd meaning.

- ""fall out boy"" → ""fall out bot"" (boy → bot, suggesting a robot)
- ""the beatles"" → ""the beagles"" (beatles → beagles, a dog breed)
- ""the rolling stones"" → ""the rolling scones"" (stones → scones, a food item)

For ""sleepless in seattle"":
- (A) ""sleepless in settle"" — changes ""seattle"" to ""settle,"" which is a real word but not particularly humorous.
- (B) ""sleeplekss in seattle"" — just scrambles letters, not a meaningful pun.
- (C) ""sleepless in peattle"" — changes ""seattle"" to ""peattle,"" which isn’t a real word and doesn’t create a clear joke.
- (D) ""sheepless in seattle"" — changes ""sleep"" to ""sheep,"" creating a pun (""sheepless"" as in without sheep), which is a humorous twist on the original.

This matches the pattern of replacing a word with a similar-sounding, real-word substitution that creates a funny image.

Final answer: (D)",(A),(D),False,option_letter,,cot_fs,ruin_names,1
38,"Which of the following is a humorous edit of this artist or movie name: 'the dark knight'?
Options:
(A) the dark knigst
(B) the dark ksight
(C) tie dark knight
(D) the dork knight",(D),"Looking at the options, the humorous edits in the examples typically involve changing one or two letters to create a real but different word with a funny or absurd meaning.  

- (A) ""the dark knigst"" — just a misspelling, not a meaningful word.  
- (B) ""the dark ksight"" — scrambled letters, not a clear pun.  
- (C) ""tie dark knight"" — changes ""the"" to ""tie,"" but ""tie dark knight"" doesn’t make a strong humorous alternative.  
- (D) ""the dork knight"" — changes ""dark"" to ""dork,"" which is a real word with a funny, mocking meaning.  

This fits the pattern from the examples: a small change that results in a humorous real-word substitution.  

Final answer: (D)",(D),(D),True,option_letter,,cot_fs,ruin_names,1
39,"Which of the following is a humorous edit of this artist or movie name: 'godzilla vs. kong'?
Options:
(A) godzillas vs. kong
(B) godzilla as. kong
(C) gozilla vs. kong
(D) godzilla vs. bong",(D),"Looking at the options, the humorous edits typically involve a small change that creates a pun or a funny twist on the original name.  

- (A) ""godzillas vs. kong"" — just adds an ""s"" for plural, not particularly humorous.  
- (B) ""godzilla as. kong"" — changes ""vs."" to ""as."", but doesn’t create a clear joke.  
- (C) ""gozilla vs. kong"" — just a misspelling (missing ""d""), not really a pun.  
- (D) ""godzilla vs. bong"" — changes ""kong"" to ""bong"", which is a slang term for drug paraphernalia, creating a humorous twist.  

This fits the pattern from the examples where one word is replaced with a similar-sounding but comically different word (e.g., ""beatles"" → ""beagles"", ""stones"" → ""scones"").  

Final answer: (D)",(D),(D),True,option_letter,,cot_fs,ruin_names,1
40,"Which of the following is a humorous edit of this artist or movie name: 'pink floyd'?
Options:
(A) piqk floyd
(B) pink flomyd
(C) pink floyds
(D) fink floyd",(D),"Looking at the examples, the humorous edits tend to replace a word with a similar-sounding but different word that creates a funny or absurd meaning.

- ""fall out boy"" → ""fall out bot"" (boy → bot)  
- ""the beatles"" → ""the beagles"" (beatles → beagles)  
- ""the rolling stones"" → ""the rolling scones"" (stones → scones)  

For ""pink floyd"":  
- (A) ""piqk floyd"" — just a letter substitution, not a funny word change.  
- (B) ""pink flomyd"" — not a real word, and not obviously humorous.  
- (C) ""pink floyds"" — just plural, not particularly funny.  
- (D) ""fink floyd"" — changes ""pink"" to ""fink"" (which means informer or untrustworthy person), creating a humorous twist.  

This matches the pattern of changing one word to another real word with a different meaning for humor.

Final answer: (D)",(A),(D),False,option_letter,,cot_fs,ruin_names,1
41,"Which of the following is a humorous edit of this artist or movie name: 'live and let die'?
Options:
(A) liee and let die
(B) live and let diet
(C) eive and let die
(D) live and let dzie",(B),"Looking at the options, the humorous edits in the examples typically involve a small change that creates a pun or a real word with a different meaning.  

- (A) ""liee and let die"" — changes ""live"" to ""liee"" (not a real word, just a misspelling).  
- (B) ""live and let diet"" — changes ""die"" to ""diet"", which is a real word and creates a pun about dieting.  
- (C) ""eive and let die"" — changes ""live"" to ""eive"" (not a real word).  
- (D) ""live and let dzie"" — changes ""die"" to ""dzie"" (not a real word).  

The pun in (B) fits the pattern from the examples, where the new word is meaningful and creates a humorous twist.  

Final answer: (B)",(B),(B),True,option_letter,,cot_fs,ruin_names,1
42,"Which of the following is a humorous edit of this artist or movie name: 'life of brian'?
Options:
(A) litfe of brian
(B) life oi brian
(C) life f brian
(D) lift of brian",(D),"Looking at the options, the humorous edits typically involve a small change that creates a real but different word, often with a comedic effect.  

""Life of Brian"" → changing ""of"" to ""oi"" doesn’t create a meaningful word, and ""litfe"" or ""lift"" aren’t particularly humorous.  
""Life f brian"" is just an abbreviation, not a pun.  
""Lift of Brian"" changes ""Life"" to ""Lift,"" which could be a pun — ""Lift of Brian"" sounds like a play on the title, suggesting something being lifted, which could be funny in a silly way.  

In the examples, the humor came from replacing a word with another real word that changes the meaning amusingly (""fall out bot"", ""the beagles"", ""the rolling scones"").  
Here, ""Lift"" is a real word replacing ""Life,"" so it fits the pattern best.  

Final answer: (D)",(D),(D),True,option_letter,,cot_fs,ruin_names,1
43,"Which of the following is a humorous edit of this artist or movie name: 'a matter of life and death'?
Options:
(A) a matter of life nnd death
(B) aumatter of life and death
(C) a matter of wife and death
(D) a matter zof life and death",(C),"Looking at the options, the humorous edits typically involve a small change that creates a pun or a funny twist on the original phrase.  

The original phrase is ""a matter of life and death.""  
- (A) ""a matter of life nnd death"" — just a typo, not humorous.  
- (B) ""aumatter of life and death"" — looks like a misspelling, not a pun.  
- (C) ""a matter of wife and death"" — changes ""life"" to ""wife,"" creating a pun about marriage and death, which is a common joke structure.  
- (D) ""a matter zof life and death"" — just a letter swap, not particularly funny.  

The only one that fits the pattern of a humorous pun is (C).  

Final answer: (C)",(C),(C),True,option_letter,,cot_fs,ruin_names,1
44,"Which of the following is a humorous edit of this artist or movie name: 'hope floats'?
Options:
(A) hopes floats
(B) pope floats
(C) hope float
(D) hopge floats",(B),"Looking at the examples, the humorous edits tend to replace a word with a similar-sounding but different word that creates a funny or absurd meaning.

""hope floats"" → ""pope floats"" changes ""hope"" to ""pope,"" creating a humorous image of a floating pope.

The other options are minor spelling changes or grammatical errors that don’t create the same kind of humor.

Final answer: (B)",(B),(B),True,option_letter,,cot_fs,ruin_names,1
45,"Which of the following is a humorous edit of this artist or movie name: 'the sound of music'?
Options:
(A) the sound of muasic
(B) them sound of music
(C) the hound of music
(D) the ssund of music",(C),"Looking at the examples, the humorous edits tend to replace a word with a similar-sounding but different word that creates a funny or absurd meaning.

- ""fall out boy"" → ""fall out bot"" (boy → bot, a robot twist)
- ""the beatles"" → ""the beagles"" (beatles → beagles, a dog breed)
- ""the rolling stones"" → ""the rolling scones"" (stones → scones, a baked good)

For ""the sound of music"":
- (A) ""muasic"" is just a misspelling, not a meaningful pun.
- (B) ""them sound"" is a grammatical change but not particularly humorous.
- (C) ""hound of music"" replaces ""sound"" with ""hound"" (a dog), creating a funny image — ""the hound of music.""
- (D) ""ssund"" is just a spelling error.

The best humorous edit is (C), because it changes ""sound"" to ""hound,"" creating a playful and absurd meaning.

Final answer: (C)",(A),(C),False,option_letter,,cot_fs,ruin_names,1
46,"Which of the following is a humorous edit of this artist or movie name: 'snakes on a plane'?
Options:
(A) snake on a plane
(B) shakes on a plane
(C) snakes on a plan
(D) snakes on a plaone",(B),"Looking at the original title ""snakes on a plane,"" a humorous edit typically involves a small change that creates a funny or absurd alternative meaning.  

- (A) ""snake on a plane"" changes plural to singular — not particularly humorous, just less extreme.  
- (B) ""shakes on a plane"" changes ""snakes"" to ""shakes"" (like milkshakes or trembling), which could be funny but doesn’t strongly connect to the original’s theme.  
- (C) ""snakes on a plan"" changes ""plane"" to ""plan"" — slightly amusing but not strongly humorous.  
- (D) ""snakes on a plaone"" is a nonsense misspelling without clear humor.  

The most fitting humorous edit in the style of the examples is (B), because ""shakes on a plane"" creates a plausible but silly alternative scenario.  

Final answer: (B)",(B),(B),True,option_letter,,cot_fs,ruin_names,1
47,"Which of the following is a humorous edit of this artist or movie name: 'sleater-kinney'?
Options:
(A) sleater-kidney
(B) sleatsr-kinney
(C) sleaterfkinney
(D) sleater-kinnhy",(A),"Looking at the examples, the humorous edits tend to replace a word with a similar-sounding but different word that creates a funny or absurd meaning.

- ""fall out boy"" → ""fall out bot"" (boy → bot)  
- ""the beatles"" → ""the beagles"" (beatles → beagles)  
- ""the rolling stones"" → ""the rolling scones"" (stones → scones)  

For ""sleater-kinney"", the humorous edit would likely replace ""kinney"" with a similar-sounding word that changes the meaning in a funny way.  
""Kidney"" sounds similar to ""kinney"" and creates an absurd image (""sleater-kidney""), fitting the pattern from the examples.  

Final answer: (A)",(A),(A),True,option_letter,,cot_fs,ruin_names,1
48,"Which of the following is a humorous edit of this artist or movie name: 'planet of the apes'?
Options:
(A) planet of the ales
(B) planet of the ape
(C) planet of the apoes
(D) plrnet of the apes",(A),"Looking at the options, the humorous edits in the examples typically involve a small change that creates a pun or a funny twist on the original name.  

- (A) ""planet of the ales"" — changes ""apes"" to ""ales"" (beer), which is a pun.  
- (B) ""planet of the ape"" — just changes plural to singular, not particularly humorous.  
- (C) ""planet of the apoes"" — awkward spelling, not a clear pun.  
- (D) ""plrnet of the apes"" — just a typo-like change, not a pun.  

The best humorous edit is (A), because ""ales"" is a playful substitution that creates a pun, similar to ""rolling scones"" for ""rolling stones"" in the example.  

Final answer: (A)",(A),(A),True,option_letter,,cot_fs,ruin_names,1
49,"Which of the following is a humorous edit of this artist or movie name: 'pantera'?
Options:
(A) paitera
(B) spantera
(C) lantern
(D) panera",(D),"Looking at the examples, the humorous edits tend to replace part of the name with a similar-sounding but different word that creates a playful or absurd meaning.

""Pantera"" is a heavy metal band.  
- (A) ""paitera"" — just a misspelling, not particularly humorous.  
- (B) ""spantera"" — adds an ""s"" at the start, not obviously funny.  
- (C) ""lantern"" — completely changes the word, not a clear pun.  
- (D) ""panera"" — sounds almost the same but refers to Panera Bread, a restaurant chain, creating a funny mismatch with the heavy metal band.  

This fits the pattern from the examples: replacing with a real but unrelated word for comedic effect.  

Final answer: (D)",(A),(D),False,option_letter,,cot_fs,ruin_names,1
50,"Which of the following is a humorous edit of this artist or movie name: 'talking heads'?
Options:
(A) stalking heads
(B) talking head
(C) talking had
(D) talrking heads",(A),"Looking at the examples, the humorous edits tend to replace a word with a similar-sounding but different word that creates a funny or absurd meaning.

- ""fall out boy"" → ""fall out bot"" (boy → bot)
- ""the beatles"" → ""the beagles"" (beatles → beagles)  
- ""the rolling stones"" → ""the rolling scones"" (stones → scones)

For ""talking heads"":
- (A) ""stalking heads"" changes ""talking"" to ""stalking"" — creates a funny, absurd image of heads that stalk people
- (B) ""talking head"" is just singular, not really a pun
- (C) ""talking had"" is a minor spelling change but doesn’t create a clear humorous twist
- (D) ""talrking heads"" is just a misspelling, not a pun

The best humorous edit is (A) ""stalking heads"" because it changes the meaning in a funny way while keeping the sound similar.

Final answer: (A)",(A),(A),True,option_letter,,cot_fs,ruin_names,1
51,"Which of the following is a humorous edit of this artist or movie name: 'dream theater'?
Options:
(A) drzeam theater
(B) dream thdeater
(C) dread theater
(D) dreavm theater",(C),"Looking at the examples, the humorous edits tend to replace a word with a similar-sounding but different word that creates a funny or absurd meaning.  

- ""fall out boy"" → ""fall out bot"" (boy → bot)  
- ""the beatles"" → ""the beagles"" (beatles → beagles)  
- ""the rolling stones"" → ""the rolling scones"" (stones → scones)  

For ""dream theater"":  
- (A) ""drzeam theater"" — misspelling, not a meaningful pun.  
- (B) ""dream thdeater"" — scrambled letters, not a clear pun.  
- (C) ""dread theater"" — changes ""dream"" to ""dread"", which is a real word with opposite emotional tone → humorous.  
- (D) ""dreavm theater"" — misspelling, not a pun.  

(C) fits the pattern of replacing a word with another real word for humorous effect.  

Final answer: (C)",(A),(C),False,option_letter,,cot_fs,ruin_names,1
52,"Which of the following is a humorous edit of this artist or movie name: 'the green mile'?
Options:
(A) the green mole
(B) thle green mile
(C) the green mixle
(D) the green midle",(A),"Looking at the examples, the humorous edits tend to replace a word with a similar-sounding but different word that creates a funny or absurd image.  

- ""fall out boy"" → ""fall out bot"" (boy → bot)  
- ""the beatles"" → ""the beagles"" (beatles → beagles, a dog breed)  
- ""the rolling stones"" → ""the rolling scones"" (stones → scones, a food)  

For ""the green mile"":  
- (A) ""the green mole"" — changes ""mile"" to ""mole"", a small animal, which is absurd and fits the pattern.  
- (B), (C), (D) are misspellings or letter swaps without the same kind of pun or funny substitution.  

So the best humorous edit is (A).  

Final answer: (A)",(A),(A),True,option_letter,,cot_fs,ruin_names,1
53,"Which of the following is a humorous edit of this artist or movie name: 'the abyss'?
Options:
(A) toe abyss
(B) thehabyss
(C) the aboss
(D) tse abyss",(A),"Looking at the examples, the humorous edits tend to replace a word with a similar-sounding but different word that creates a funny or absurd meaning.

- ""fall out boy"" → ""fall out bot"" (boy → bot, a robot twist)  
- ""the beatles"" → ""the beagles"" (beatles → beagles, a dog breed)  
- ""the rolling stones"" → ""the rolling scones"" (stones → scones, a baked good)  

For ""the abyss"":  
- (A) ""toe abyss"" changes ""the"" to ""toe"" — a body part in a deep chasm, mildly amusing.  
- (B) ""thehabyss"" is just a misspelling without clear humor.  
- (C) ""the aboss"" changes ""abyss"" to ""aboss"" — not a real word, unclear joke.  
- (D) ""tse abyss"" changes ""the"" to ""tse"" — not meaningful.  

The best humorous edit is (A) ""toe abyss"" — it changes one word to something concrete and silly (""toe"" in an abyss).  

Final answer: (A)",(A),(A),True,option_letter,,cot_fs,ruin_names,1
54,"Which of the following is a humorous edit of this artist or movie name: 'hellboy'?
Options:
(A) hellbby
(B) hpllboy
(C) cellboy
(D) hellbfoy",(C),"Looking at the options, a humorous edit typically involves a small change that creates a pun or a funny twist on the original name.  

""Hellboy"" could be humorously altered by changing ""hell"" to something else or ""boy"" to something else, but here the edits are mostly typographical except for (C) ""cellboy,"" which replaces ""hell"" with ""cell"" — possibly a pun on ""cell"" (as in prison cell or mobile phone) and sounds amusingly different while keeping the structure.  

The others seem like random typos without a clear joke.  

Final answer: (C)",(C),(C),True,option_letter,,cot_fs,ruin_names,1
55,"Which of the following is a humorous edit of this artist or movie name: 'deadpool'?
Options:
(A) deadpowol
(B) deadfool
(C) ndeadpool
(D) dveadpool",(B),"Looking at the options, the humorous edits in the examples typically involve a small change that creates a pun or a funny twist on the original name.  

- (A) deadpowol — just a misspelling, not humorous.  
- (B) deadfool — changes ""pool"" to ""fool,"" which is a pun (dead fool instead of dead pool).  
- (C) ndeadpool — looks like a typo, not clearly funny.  
- (D) dveadpool — also just a scrambled spelling.  

The best humorous edit is (B) deadfool, because it changes the meaning in a silly way.  

Final answer: (B)",(B),(B),True,option_letter,,cot_fs,ruin_names,1
56,"Which of the following is a humorous edit of this artist or movie name: 'black sabbath'?
Options:
(A) black sabvbath
(B) black sabiath
(C) black sabbtath
(D) blank sabbath",(D),"Looking at the examples, the humorous edits tend to replace a word with a similar-sounding but different real word (fall out bot, the beagles, the rolling scones).  

For ""black sabbath"":  
- (A), (B), and (C) are misspellings or letter swaps without changing the meaning humorously.  
- (D) changes ""black"" to ""blank"", which is a real word and creates a pun (""blank sabbath"" could humorously imply an empty or cancelled event).  

This matches the pattern from the examples.  

Final answer: (D)",(A),(D),False,option_letter,,cot_fs,ruin_names,1
57,"Which of the following is a humorous edit of this artist or movie name: 'the beatles'?
Options:
(A) the meatles
(B) the beatles
(C) tje beatles
(D) the beatnles",(A),"Looking at the options:  

- (A) ""the meatles"" changes ""beat"" to ""meat,"" which creates a humorous twist by replacing a word with something silly but similar-sounding.  
- (B) is the original name, so not an edit.  
- (C) changes ""the"" to ""tje,"" which is just a typo, not particularly humorous.  
- (D) inserts an ""n"" into ""beatles,"" making ""beatnles,"" which doesn’t form a meaningful pun.  

The pattern from the examples is that the humorous edits often replace a word with a similar-sounding but different real word (e.g., ""beatles"" → ""beagles,"" ""stones"" → ""scones""). Here, ""meatles"" fits that pattern.  

Final answer: (A)",(B),(A),False,option_letter,,cot_fs,ruin_names,1
58,"Which of the following is a humorous edit of this artist or movie name: 'city hall'?
Options:
(A) citys hall
(B) city halls
(C) city hell
(D) bity hall",(C),"Looking at the examples, the humorous edits tend to replace one word with a similar-sounding but different word that creates a funny or absurd meaning.

- ""fall out boy"" → ""fall out bot"" (boy → bot, suggesting a robot)
- ""the beatles"" → ""the beagles"" (beatles → beagles, a dog breed)
- ""the rolling stones"" → ""the rolling scones"" (stones → scones, a baked good)

For ""city hall"":
- (A) ""citys hall"" — just adds possessive, not particularly funny
- (B) ""city halls"" — plural form, not humorous
- (C) ""city hell"" — replaces ""hall"" with ""hell"", creating a funny cynical twist about city government
- (D) ""bity hall"" — changes ""city"" to ""bity"", which doesn't make much sense

The pattern suggests replacing ""hall"" with ""hell"" creates the kind of humorous wordplay seen in the examples.

Final answer: (C)",(A),(C),False,option_letter,,cot_fs,ruin_names,1
59,"Which of the following is a humorous edit of this artist or movie name: 'the fall of the house of usher'?
Options:
(A) the zall of the house of usher
(B) the fall of the louse of usher
(C) the fall of tce house of usher
(D) the fall of the houses of usher",(B),"Looking at the options, the humorous edits typically involve a small change that creates a pun or a funny twist on the original name.  

- (A) changes ""fall"" to ""zall"" — no clear pun or humor.  
- (B) changes ""house"" to ""louse"" — ""louse"" means a small insect (or an unpleasant person), which creates a funny visual of a ""louse of usher"" instead of a grand house.  
- (C) changes ""the"" to ""tce"" — just a misspelling, not humorous.  
- (D) changes ""house"" to ""houses"" — slightly different meaning but not particularly funny.  

The best humorous edit is (B), because ""louse"" introduces a comical and absurd image.  

Final answer: (B)",(C),(B),False,option_letter,,cot_fs,ruin_names,1
60,"Which of the following is a humorous edit of this artist or movie name: 'gold finger'?
Options:
(A) pold finger
(B) golt finger
(C) gohd finger
(D) mold finger",(D),"Looking at the options, the humorous edits typically involve a small change that creates a new, funny meaning.  
""Gold finger"" changed to ""mold finger"" replaces ""gold"" (something valuable) with ""mold"" (something gross or spoiled), which is a humorous twist.  

Final answer: (D)",(D),(D),True,option_letter,,cot_fs,ruin_names,1
61,"Which of the following is a humorous edit of this artist or movie name: 'green day'?
Options:
(A) green pay
(B) green dad
(C) green dazy
(D) groeen day",(B),"Looking at the examples, the humorous edits tend to replace a word with a similar-sounding but different word that creates a funny or absurd meaning.

- ""fall out boy"" → ""fall out bot"" (boy → bot, a robot twist)
- ""the beatles"" → ""the beagles"" (beatles → beagles, a dog breed)
- ""the rolling stones"" → ""the rolling scones"" (stones → scones, a baked good)

For ""green day"":
- (A) ""green pay"" — changes ""day"" to ""pay"", not strongly humorous.
- (B) ""green dad"" — changes ""day"" to ""dad"", mildly amusing but not clever.
- (C) ""green dazy"" — changes ""day"" to ""dazy"", which is just a misspelling, not a pun.
- (D) ""groeen day"" — only a spelling change, not a pun.

The best match for the pattern is (B) ""green dad"" — it replaces ""day"" with ""dad"", creating a silly image of a ""green dad"" instead of a ""green day"".

Final answer: (B)",(A),(B),False,option_letter,,cot_fs,ruin_names,1
62,"Which of the following is a humorous edit of this artist or movie name: 'ice cube'?
Options:
(A) ice cunbe
(B) icep cube
(C) ice cmbe
(D) lice cube",(D),"Looking at the options, the humorous edits in the examples typically involve a small change that creates a real but different word with a funny twist:  
- ""fall out boy"" → ""fall out bot"" (robot instead of boy)  
- ""the beatles"" → ""the beagles"" (dogs instead of musicians)  
- ""the rolling stones"" → ""the rolling scones"" (baked goods instead of stones)  

For ""ice cube"":  
- (A) ""ice cunbe"" — not a real word, just misspelled.  
- (B) ""icep cube"" — ""icep"" isn’t a common word.  
- (C) ""ice cmbe"" — not a real word.  
- (D) ""lice cube"" — changes ""ice"" to ""lice"" (parasitic insects), which is a real word and creates a humorous, absurd image.  

This matches the pattern of changing to a different real word for comedic effect.  

Final answer: (D)",(D),(D),True,option_letter,,cot_fs,ruin_names,1
63,"Which of the following is a humorous edit of this artist or movie name: 'goo goo dolls'?
Options:
(A) goo goo dills
(B) goo goo dohlls
(C) goo goto dolls
(D) goo gfoo dolls",(A),"Looking at the examples, the humorous edits tend to replace a word with a similar-sounding but different word that creates a funny or absurd image.  

- ""fall out boy"" → ""fall out bot"" (boy → bot)  
- ""the beatles"" → ""the beagles"" (beatles → beagles, a dog breed)  
- ""the rolling stones"" → ""the rolling scones"" (stones → scones, a food)  

For ""goo goo dolls"":  
- (A) ""goo goo dills"" changes ""dolls"" to ""dills"" (pickles) — that’s a real-word substitution with a humorous twist.  
- (B) changes spelling but not meaning much (""dohlls"" is just misspelled).  
- (C) changes ""goo"" to ""goto"" (programming term), less obviously funny in the same way.  
- (D) changes ""goo"" to ""gfoo"" (nonsense spelling), not a real-word pun.  

The best match for the pattern is (A) ""goo goo dills"" — dolls → dills (pickles) is a real-word substitution with a silly meaning.  

Final answer: (A)",(A),(A),True,option_letter,,cot_fs,ruin_names,1
64,"Which of the following is a humorous edit of this artist or movie name: 'old joy'?
Options:
(A) old jody
(B) old toy
(C) old jdy
(D) olzd joy",(B),"Looking at the examples, the humorous edits tend to replace a word with a similar-sounding but different word that creates a playful or silly meaning.

""Old joy"" → ""old toy"" changes ""joy"" to ""toy,"" which is phonetically similar but shifts the meaning humorously.  
The other options either change letters without creating a clear pun (A, C, D) or don’t follow the pattern seen in the examples.

Final answer: (B)",(B),(B),True,option_letter,,cot_fs,ruin_names,1
65,"Which of the following is a humorous edit of this artist or movie name: 'my fair lady'?
Options:
(A) my fair laddy
(B) my fmair lady
(C) my faird lady
(D) my fair laady",(A),"Looking at the options, the humorous edits typically involve a small change that creates a pun or a funny twist on the original name.  

- ""My fair lady"" → ""my fair laddy"" changes ""lady"" to ""laddy,"" which sounds like a slang or informal term for a young man, creating a humorous gender twist.  
- The other options (B, C, D) only change spelling slightly without creating a clear pun or joke.  

Thus, the humorous edit is the one that plays with meaning, not just spelling.  

Final answer: (A)",(A),(A),True,option_letter,,cot_fs,ruin_names,1
66,"Which of the following is a humorous edit of this artist or movie name: 'system of a down'?
Options:
(A) system mof a down
(B) shstem of a down
(C) syster of a down
(D) system of a gown",(D),"Looking at the examples, the humorous edits tend to replace a word with a similar-sounding but different word that creates a funny or absurd meaning.  

- ""fall out boy"" → ""fall out bot"" (boy → bot)  
- ""the beatles"" → ""the beagles"" (beatles → beagles)  
- ""the rolling stones"" → ""the rolling scones"" (stones → scones)  

For ""system of a down"":  
- (A) ""system mof a down"" — changes ""of"" to ""mof"" (nonsense, not a real word swap)  
- (B) ""shstem of a down"" — changes ""system"" to ""shstem"" (typo-like, not a funny word swap)  
- (C) ""syster of a down"" — changes ""system"" to ""syster"" (typo-like, not a funny word swap)  
- (D) ""system of a gown"" — changes ""down"" to ""gown"" (similar to ""stones"" → ""scones"", a real word with humorous effect)  

The humorous one is (D), because ""system of a gown"" replaces ""down"" with ""gown"", creating a silly image.  

Final answer: (D)",(A),(D),False,option_letter,,cot_fs,ruin_names,1
67,"Which of the following is a humorous edit of this artist or movie name: 'the full monty'?
Options:
(A) the fucll monty
(B) the fulz monty
(C) thezfull monty
(D) the full minty",(D),"Looking at the examples, the humorous edits tend to replace a word with a similar-sounding but different word that creates a funny or absurd meaning.  

- ""fall out boy"" → ""fall out bot"" (boy → bot)  
- ""the beatles"" → ""the beagles"" (beatles → beagles)  
- ""the rolling stones"" → ""the rolling scones"" (stones → scones)  

For ""the full monty"":  
- ""monty"" could be changed to something similar but different in meaning.  
- ""minty"" sounds like ""monty"" but means having a mint flavor, which is humorously out of place.  

So the best match is (D) ""the full minty"".  

Final answer: (D)",(D),(D),True,option_letter,,cot_fs,ruin_names,1
68,"Which of the following is a humorous edit of this artist or movie name: 'snow patrol'?
Options:
(A) snot patrol
(B) snow pqtrol
(C) snow patrol
(D) snow paztrol",(A),"Looking at the examples, the humorous edits tend to replace a word with a similar-sounding but different word that creates a funny or absurd meaning.  

For ""snow patrol"":  
- (A) ""snot patrol"" changes ""snow"" to ""snot"" — a bodily function reference, which fits the humorous pattern seen in ""fall out bot"" and ""the beagles.""  
- The other options are just misspellings without a clear humorous twist.  

Final answer: (A)",(A),(A),True,option_letter,,cot_fs,ruin_names,1
69,"Which of the following is a humorous edit of this artist or movie name: 'radiohead'?
Options:
(A) radio head
(B) rawdiohead
(C) radiodead
(D) radiohesd",(C),"Looking at the options, the humorous edits in the examples typically involve a small change that creates a pun or a funny twist on the original name.  

- (A) ""radio head"" is just splitting the original name into two words — not really a humorous edit.  
- (B) ""rawdiohead"" changes the spelling but doesn’t create a clear pun.  
- (C) ""radiodead"" changes ""head"" to ""dead,"" which is a pun (radiohead → radiodead) and fits the humorous pattern seen in the examples.  
- (D) ""radiohesd"" is just a misspelling without a clear joke.  

The best humorous edit is (C), because it changes the meaning in a funny way.  

Final answer: (C)",(C),(C),True,option_letter,,cot_fs,ruin_names,1
70,"Which of the following is a humorous edit of this artist or movie name: 'dave matthews band'?
Options:
(A) dave matthewg band
(B) dave matthews hand
(C) dave matthews xand
(D) dave matthews basnd",(B),"Looking at the examples, the humorous edits tend to replace a word with a similar-sounding but different word that creates a funny or absurd meaning.  

For ""dave matthews band"":  
- (A) changes ""matthews"" to ""matthewg"" — just a letter change, not particularly funny.  
- (B) changes ""band"" to ""hand"" — this creates a silly image (Dave Matthews Hand instead of Band).  
- (C) changes ""band"" to ""xand"" — not a real word, less humorous.  
- (D) changes ""band"" to ""basnd"" — a misspelling, not a pun.  

The best humorous edit is (B) ""dave matthews hand"" because it replaces ""band"" with ""hand"" in a way that is both phonetically similar and absurd.  

Final answer: (B)",(A),(B),False,option_letter,,cot_fs,ruin_names,1
71,"Which of the following is a humorous edit of this artist or movie name: 'the longest day'?
Options:
(A) thee longest day
(B) the bongest day
(C) the longest eay
(D) the longest eday",(B),"Looking at the examples, the humorous edits tend to replace a word with a similar-sounding but different word that creates a funny or absurd meaning.

- ""fall out boy"" → ""fall out bot"" (boy → bot)  
- ""the beatles"" → ""the beagles"" (beatles → beagles)  
- ""the rolling stones"" → ""the rolling scones"" (stones → scones)  

For ""the longest day"":  
- (A) ""thee longest day"" — just archaic spelling, not really humorous.  
- (B) ""the bongest day"" — changes ""longest"" to ""bongest"" (sounds like slang for a day involving bongs, absurd/funny).  
- (C) ""the longest eay"" — changes ""day"" to nonsense ""eay"", not meaningful.  
- (D) ""the longest eday"" — adds extra letter, not clever.  

The best humorous edit is (B), similar to the pattern in the examples.  

Final answer: (B)",(A),(B),False,option_letter,,cot_fs,ruin_names,1
72,"Which of the following is a humorous edit of this artist or movie name: 'paul revere and the raiders'?
Options:
(A) paul rfevere and the raiders
(B) paul severe and the raiders
(C) mpaul revere and the raiders
(D) paul erevere and the raiders",(B),"Looking at the options, the humorous edits typically involve a small change that creates a pun or a funny twist on the original name.  
""Paul Revere and the Raiders"" could be humorously altered by changing ""Paul"" to ""Paul Severe"" — implying severity instead of the historical figure.  
The other options are just misspellings without a clear pun or joke.  

Final answer: (B)",(B),(B),True,option_letter,,cot_fs,ruin_names,1
73,"Which of the following is a humorous edit of this artist or movie name: 'the three stooges'?
Options:
(A) the three stmooges
(B) the three snooges
(C) the three suooges
(D) the three stodges",(D),"Looking at the examples, the humorous edits tend to replace a word with a similar-sounding but different word that creates a funny or absurd meaning.

- ""fall out boy"" → ""fall out bot"" (boy → bot, suggesting a robot)
- ""the beatles"" → ""the beagles"" (beatles → beagles, a dog breed)
- ""the rolling stones"" → ""the rolling scones"" (stones → scones, a food item)

For ""the three stooges"":
- ""stooges"" means foolish or comedic characters.
- ""stodges"" means dull, boring, or old-fashioned people — which is humorously opposite to the chaotic comedy of the Stooges.

The other options are just misspellings without a clear humorous twist.

Final answer: (D)",(D),(D),True,option_letter,,cot_fs,ruin_names,1
74,"Which of the following is a humorous edit of this artist or movie name: 'diana ross and the supremes'?
Options:
(A) diana ross nand the supremes
(B) diana dross and the supremes
(C) diana ross and pthe supremes
(D) diana rosts and the supremes",(B),"Looking at the options, the humorous edits typically involve a small change that creates a pun or a funny twist on the original name.  

- (A) ""nand"" seems like a typo, not a pun.  
- (B) ""diana dross"" changes ""ross"" to ""dross"" (meaning rubbish or waste), which is a humorous insult/subversion.  
- (C) ""pthe"" is just a misplaced letter, not clever.  
- (D) ""rosts"" is a minor misspelling without clear humor.  

The best humorous edit is (B), because ""dross"" is a real word that contrasts humorously with the glamorous image of Diana Ross.  

Final answer: (B)",(B),(B),True,option_letter,,cot_fs,ruin_names,1
75,"Which of the following is a humorous edit of this artist or movie name: 'a view to a kill'?
Options:
(A) a view to a krill
(B) a view to a kiwll
(C) a view to akkill
(D) a view zto a kill",(A),"Looking at the original title ""a view to a kill,"" the humor in the examples comes from replacing a word with a similar-sounding but different word that creates a funny or absurd image.  

- (A) changes ""kill"" to ""krill"" — krill are tiny shrimp-like creatures, so ""a view to a krill"" is absurd and humorous.  
- (B) ""kiwll"" is not a real word and doesn’t create a clear pun.  
- (C) ""akkill"" is just a misspelling without clear humor.  
- (D) ""zto"" is a typo, not a clever pun.  

The best humorous edit is (A), similar to ""the rolling scones"" or ""the beagles"" in the examples.  

Final answer: (A)",(A),(A),True,option_letter,,cot_fs,ruin_names,1
76,"Which of the following is a humorous edit of this artist or movie name: 'steely dan'?
Options:
(A) steely dans
(B) stveely dan
(C) steely yan
(D) steely man",(D),"Looking at the examples, the humorous edits tend to replace a word with a similar-sounding but different word that creates a funny or absurd meaning.  

- ""fall out boy"" → ""fall out bot"" (boy → bot)  
- ""the beatles"" → ""the beagles"" (beatles → beagles)  
- ""the rolling stones"" → ""the rolling scones"" (stones → scones)  

For ""steely dan"":  
- (A) ""steely dans"" — just plural, not really a pun.  
- (B) ""stveely dan"" — misspelling, not a meaningful pun.  
- (C) ""steely yan"" — changes ""dan"" to ""yan"", but not obviously humorous.  
- (D) ""steely man"" — changes ""dan"" to ""man"", creating a funny contrast: ""steely"" suggests something hard/metallic, and ""man"" is a person, so ""steely man"" is a humorous literal image.  

This fits the pattern of replacing one word with a similar-sounding but different word that creates a new, amusing meaning.  

Final answer: (D)",(A),(D),False,option_letter,,cot_fs,ruin_names,1
77,"Which of the following is a humorous edit of this artist or movie name: 'reservoir dogs'?
Options:
(A) reservoir dog
(B) reservoirzdogs
(C) reservojr dogs
(D) reservoir bogs",(D),"Looking at the examples, the humorous edits tend to replace one word with a similar-sounding but different word that creates a funny or absurd meaning.

- ""fall out boy"" → ""fall out bot"" (boy → bot)  
- ""the beatles"" → ""the beagles"" (beatles → beagles)  
- ""the rolling stones"" → ""the rolling scones"" (stones → scones)  

For ""reservoir dogs"":  
- (A) reservoir dog → just singular, not particularly humorous  
- (B) reservoirzdogs → misspelling, not a meaningful pun  
- (C) reservojr dogs → misspelling, not a clear pun  
- (D) reservoir bogs → dogs → bogs (dogs → bogs, like swamps) — this fits the pattern of replacing a word with a similar-sounding but different word for humorous effect.  

Final answer: (D)",(A),(D),False,option_letter,,cot_fs,ruin_names,1
78,"Which of the following is a humorous edit of this artist or movie name: 'good will hunting'?
Options:
(A) gokd will hunting
(B) good wiol hunting
(C) good will punting
(D) good will hvnting",(C),"Looking at the options, the humorous edits typically involve a small change that creates a pun or a funny twist on the original name.  

- (A) ""gokd will hunting"" — just a typo, not humorous.  
- (B) ""good wiol hunting"" — another typo, not funny.  
- (C) ""good will punting"" — changes ""hunting"" to ""punting,"" which is a real word and creates a playful twist.  
- (D) ""good will hvnting"" — just a misspelling, not humorous.  

The best humorous edit is (C), because ""punting"" is a clever substitution that keeps the phrase meaningful but changes the context in a funny way.  

Final answer: (C)",(C),(C),True,option_letter,,cot_fs,ruin_names,1
79,"Which of the following is a humorous edit of this artist or movie name: 'guns n' roses'?
Options:
(A) gunh n' roses
(B) guns n' ropes
(C) guns n'z roses
(D) guns n' hoses",(D),"Looking at the examples, the humorous edits tend to replace a word with a similar-sounding but different word that creates a funny or absurd meaning.

- ""fall out boy"" → ""fall out bot"" (boy → bot)  
- ""the beatles"" → ""the beagles"" (beatles → beagles)  
- ""the rolling stones"" → ""the rolling scones"" (stones → scones)  

For ""guns n' roses"":  
- (A) ""gunh n' roses"" — just a typo, not a meaningful pun.  
- (B) ""guns n' ropes"" — ropes doesn’t create a clear humorous twist.  
- (C) ""guns n'z roses"" — just odd spelling.  
- (D) ""guns n' hoses"" — roses → hoses; ""guns and hoses"" sounds like a pun on firefighting gear (hoses), which is clever and funny.  

This fits the pattern of replacing one noun with another to create a humorous variant.  

Final answer: (D)",(A),(D),False,option_letter,,cot_fs,ruin_names,1
80,"Which of the following is a humorous edit of this artist or movie name: 'goldfinger'?
Options:
(A) moldfinger
(B) goldfingers
(C) goldfingfr
(D) gboldfinger",(A),"Looking at the examples, the humorous edits tend to replace a word with a similar-sounding but different word that creates a funny or absurd meaning.

- ""fall out boy"" → ""fall out bot"" (boy → bot)  
- ""the beatles"" → ""the beagles"" (beatles → beagles)  
- ""the rolling stones"" → ""the rolling scones"" (stones → scones)  

For ""goldfinger"":  
- (A) moldfinger — changes ""gold"" to ""mold"", which is a funny and absurd substitution.  
- (B) goldfingers — just plural, not really humorous.  
- (C) goldfingfr — looks like a typo, not a pun.  
- (D) gboldfinger — also looks like a typo.  

The humorous one is (A) moldfinger.  

Final answer: (A)",(A),(A),True,option_letter,,cot_fs,ruin_names,1
81,"Which of the following is a humorous edit of this artist or movie name: 'dirty dancing'?
Options:
(A) dirty danqcing
(B) dirty lancing
(C) djrty dancing
(D) dirty cancing",(B),"Looking at the examples, the humorous edits tend to replace a word with a similar-sounding but different word that creates a funny or absurd meaning.

- ""fall out boy"" → ""fall out bot"" (boy → bot)  
- ""the beatles"" → ""the beagles"" (beatles → beagles)  
- ""the rolling stones"" → ""the rolling scones"" (stones → scones)  

For ""dirty dancing"":  
- (A) ""dirty danqcing"" — just a misspelling, not a funny word substitution.  
- (B) ""dirty lancing"" — changes ""dancing"" to ""lancing"" (medical/absurd).  
- (C) ""djrty dancing"" — just a misspelling.  
- (D) ""dirty cancing"" — not a real word, just misspelled.  

The humorous one is (B) because ""lancing"" is a real but unrelated word, creating a funny image.  

Final answer: (B)",(A),(B),False,option_letter,,cot_fs,ruin_names,1
82,"Which of the following is a humorous edit of this artist or movie name: 'the man with two brains'?
Options:
(A) the man with two bvrains
(B) the man wwith two brains
(C) the man with two drains
(D) the man with tgo brains",(C),"Looking at the examples, the humorous edits tend to replace a word with a similar-sounding but different word that creates a funny or absurd meaning.

- ""fall out boy"" → ""fall out bot"" (boy → bot)  
- ""the beatles"" → ""the beagles"" (beatles → beagles)  
- ""the rolling stones"" → ""the rolling scones"" (stones → scones)  

For ""the man with two brains"":  
- (A) ""bvrains"" is just a typo, not a funny substitution.  
- (B) ""wwith"" is a typo, not a meaningful change.  
- (C) ""brains"" → ""drains"" changes the meaning humorously (two drains instead of two brains).  
- (D) ""tgo"" is a typo, not a funny substitution.  

The humorous one is (C), because ""two drains"" is absurd in this context.

Final answer: (C)",(A),(C),False,option_letter,,cot_fs,ruin_names,1
83,"Which of the following is a humorous edit of this artist or movie name: 'blur'?
Options:
(A) ublur
(B) blue
(C) blucr
(D) blnur",(B),"Looking at the examples, the humorous edits tend to replace part of the name with a similar-sounding but different word that creates a playful or absurd twist.

For ""blur"":
- (A) ublur – just adds a letter, not particularly humorous
- (B) blue – changes ""blur"" to ""blue,"" which is a real word with a different meaning but creates a funny visual contrast (clear vs. blurred)
- (C) blucr – awkward letter substitution, not clever
- (D) blnur – random letter change, not humorous

The pattern from previous examples shows that changing to a similar-sounding but different word (beatles→beagles, rolling stones→rolling scones) creates the humor. ""Blue"" fits this pattern best.

Final answer: (B)",(A),(B),False,option_letter,,cot_fs,ruin_names,1
84,"Which of the following is a humorous edit of this artist or movie name: 'saving private ryan'?
Options:
(A) shaving private ryan
(B) sfaving private ryan
(C) saving pripate ryan
(D) saving privates ryan",(A),"Looking at the options, the humorous edits typically involve a small change that creates a pun or a funny twist on the original name.  

- (A) **shaving private ryan** — changes ""saving"" to ""shaving,"" which is a real word with a humorous new meaning.  
- (B) **sfaving private ryan** — just a typo-like change, not particularly funny.  
- (C) **saving pripate ryan** — misspelling ""private"" but no pun.  
- (D) **saving privates ryan** — changes ""private"" to ""privates,"" which could be a double entendre (military rank vs. anatomy).  

Between (A) and (D), both are plausible puns, but ""shaving private ryan"" is a clearer and more direct pun, similar to the examples where one word is replaced with a similar-sounding but different word for humor.  

Final answer: (A)",(A),(A),True,option_letter,,cot_fs,ruin_names,1
85,"Which of the following is a humorous edit of this artist or movie name: 'the beastie boys'?
Options:
(A) the yeastie boys
(B) the beastie foys
(C) the bpeastie boys
(D) the beastiwe boys",(A),"Looking at the examples, the humorous edits tend to replace a word with a similar-sounding but different word that creates a funny or absurd meaning.  

For ""the beastie boys"":  
- (A) ""yeastie boys"" replaces ""beastie"" with ""yeastie"" — yeast is used in baking/fermentation, so this creates a silly but plausible pun.  
- The other options just change a letter or two without creating a meaningful humorous twist.  

This matches the pattern from earlier examples like ""the beagles"" (for ""the beatles"") and ""the rolling scones"" (for ""the rolling stones"").  

Final answer: (A)",(A),(A),True,option_letter,,cot_fs,ruin_names,1
86,"Which of the following is a humorous edit of this artist or movie name: 'jungle book'?
Options:
(A) jingle book
(B) jundgle book
(C) junxle book
(D) jungleg book",(A),"Looking at the options, the humorous edits in the examples typically involve a small change that creates a pun or a funny twist on the original name.  

For ""jungle book"":  
- (A) ""jingle book"" replaces ""jungle"" with ""jingle"", which is a real word and creates a playful, holiday-sounding twist.  
- The other options are misspellings or awkward letter changes without a clear pun.  

Thus, the humorous edit is ""jingle book"" because it’s a clever pun.  

Final answer: (A)",(A),(A),True,option_letter,,cot_fs,ruin_names,1
87,"Which of the following is a humorous edit of this artist or movie name: 'bad brains'?
Options:
(A) bad brabins
(B) bad brauns
(C) bad bramins
(D) bed brains",(D),"Looking at the examples, the humorous edits tend to replace one word with a similar-sounding but different word that creates a funny or absurd meaning.

- ""fall out boy"" → ""fall out bot"" (boy → bot, robot theme)  
- ""the beatles"" → ""the beagles"" (beatles → beagles, dog theme)  
- ""the rolling stones"" → ""the rolling scones"" (stones → scones, food theme)  

For ""bad brains"":  
- (A) ""bad brabins"" — not a real word, unclear humor.  
- (B) ""bad brauns"" — sounds like ""Braun"" (a brand), not strongly funny.  
- (C) ""bad bramins"" — sounds like ""Brahmins"" (social class or breed of cattle), possible intellectual/social humor.  
- (D) ""bed brains"" — changes ""bad"" to ""bed,"" implying sleep-related humor.  

The best humorous edit seems to be (C) ""bad bramins"" because it replaces ""brains"" with ""bramins"" (Brahmins), creating a witty twist related to intellect/social hierarchy, similar to the pattern in the examples.  

Final answer: (C)",(A),(D),False,option_letter,,cot_fs,ruin_names,1
88,"Which of the following is a humorous edit of this artist or movie name: 'billy idol'?
Options:
(A) billy imdol
(B) lbilly idol
(C) pbilly idol
(D) billy midol",(D),"Looking at the examples, the humorous edits tend to replace part of the name with a similar-sounding but different word that creates a funny or absurd meaning.

""Billy Idol"" → ""Billy Midol"" changes ""Idol"" to ""Midol,"" which is a brand of menstrual pain relief medication. This creates a humorous contrast with the rock star image.

The other options just scramble or add letters without creating a coherent humorous alternative meaning.

Final answer: (D)",(D),(D),True,option_letter,,cot_fs,ruin_names,1
89,"Which of the following is a humorous edit of this artist or movie name: 'kiss'?
Options:
(A) ktiss
(B) ukiss
(C) piss
(D) kfss",(C),"The task is to identify a humorous edit of the name ""kiss"" by changing one or more letters to create a pun or a funny twist.  
Looking at the options:  

- (A) ktiss — changes ""k"" to ""kt"", not obviously humorous.  
- (B) ukiss — adds ""u"" (sounds like ""you kiss""), mildly amusing but not strongly punny.  
- (C) piss — changes ""k"" to ""p"", creating a crude but clear humorous twist.  
- (D) kfss — random letter changes, not obviously funny.  

In the examples, the humorous edits often involve a real word substitution for comedic effect (e.g., ""beagles"" for ""beatles"", ""scones"" for ""stones""). Here, ""piss"" is a real word that contrasts humorously with ""kiss"".  

Final answer: (C)",(C),(C),True,option_letter,,cot_fs,ruin_names,1
90,"Which of the following is a humorous edit of this artist or movie name: 'animal farm'?
Options:
(A) animal fart
(B) anidal farm
(C) animalofarm
(D) animal fagm",(A),"Looking at the examples, the humorous edits tend to replace a word with a similar-sounding but different word that creates a funny or absurd meaning.

- ""fall out boy"" → ""fall out bot"" (boy → bot)  
- ""the beatles"" → ""the beagles"" (beatles → beagles)  
- ""the rolling stones"" → ""the rolling scones"" (stones → scones)  

For ""animal farm"":  
- (A) ""animal fart"" changes ""farm"" to ""fart"", which is a crude but humorous substitution.  
- (B), (C), and (D) are misspellings or letter changes without a clear humorous twist.  

The pattern suggests the humor comes from replacing a word with another real word that sounds similar but changes the meaning comically.  

Final answer: (A)",(A),(A),True,option_letter,,cot_fs,ruin_names,1
91,"Which of the following is a humorous edit of this artist or movie name: 'black panther'?
Options:
(A) bliack panther
(B) block panther
(C) black panthers
(D) black panthek",(B),"Looking at the examples, the humorous edits tend to replace a word with a similar-sounding but different word that creates a funny or absurd meaning.  

- ""fall out boy"" → ""fall out bot"" (boy → bot)  
- ""the beatles"" → ""the beagles"" (beatles → beagles, a dog breed)  
- ""the rolling stones"" → ""the rolling scones"" (stones → scones, a food)  

For ""black panther"":  
- (A) ""bliack panther"" — just a misspelling, not a pun.  
- (B) ""block panther"" — changes ""black"" to ""block"", which is a real word but not especially funny.  
- (C) ""black panthers"" — just plural, not a pun.  
- (D) ""black panthek"" — misspelling, not a pun.  

The most analogous to the examples is (B) ""block panther"" — it changes one word to another real word, creating a slightly absurd image (a ""block"" panther).  

Final answer: (B)",(A),(B),False,option_letter,,cot_fs,ruin_names,1
92,"Which of the following is a humorous edit of this artist or movie name: 'the cult'?
Options:
(A) the colt
(B) dthe cult
(C) the cut
(D) hhe cult",(A),"Looking at the examples, the humorous edits tend to replace a word with a similar-sounding but different word that creates a playful or absurd meaning.

- ""fall out boy"" → ""fall out bot"" (boy → bot)
- ""the beatles"" → ""the beagles"" (beatles → beagles)
- ""the rolling stones"" → ""the rolling scones"" (stones → scones)

For ""the cult"":
- (A) ""the colt"" changes ""cult"" to ""colt"" (a young horse), which is a real word with a different meaning.
- (B) ""dthe cult"" is just a typo with an extra letter.
- (C) ""the cut"" changes ""cult"" to ""cut"" (a different word but less humorous).
- (D) ""hhe cult"" is a typo with a repeated letter.

The most similar to the pattern is replacing ""cult"" with another word that sounds similar but changes meaning in a funny way — ""colt"" fits that best.

Final answer: (A)",(A),(A),True,option_letter,,cot_fs,ruin_names,1
93,"Which of the following is a humorous edit of this artist or movie name: 'a few good men'?
Options:
(A) a few goofd men
(B) a few food men
(C) ad few good men
(D) a fewagood men",(B),"Looking at the original phrase ""a few good men,"" a humorous edit typically involves a small change that creates a pun or a funny twist in meaning.  
- (A) ""a few goofd men"" — changes ""good"" to ""goofd,"" which is not a real word and doesn’t create a clear pun.  
- (B) ""a few food men"" — changes ""good"" to ""food,"" creating a pun: ""food men"" instead of ""good men,"" which is silly and humorous.  
- (C) ""ad few good men"" — changes ""a"" to ""ad,"" which is just a typo-like change, not really humorous.  
- (D) ""a fewagood men"" — runs words together, not a clear pun.  

The best humorous edit is (B), because it changes the meaning in a funny way.  

Final answer: (B)",(B),(B),True,option_letter,,cot_fs,ruin_names,1
94,"Which of the following is a humorous edit of this artist or movie name: 'the police'?
Options:
(A) tpe police
(B) thy police
(C) toe police
(D) thezpolice",(B),"Looking at the examples, the humorous edits tend to replace a word with a similar-sounding but different word that creates a funny or absurd meaning.

- ""fall out boy"" → ""fall out bot"" (boy → bot)  
- ""the beatles"" → ""the beagles"" (beatles → beagles)  
- ""the rolling stones"" → ""the rolling scones"" (stones → scones)  

For ""the police"", the humorous edit should change ""police"" to something similar-sounding but silly, or change ""the"" to something that creates a funny twist.  

Checking the options:  
(A) ""tpe police"" — typo-like, not particularly humorous.  
(B) ""thy police"" — archaic ""thy"", mildly amusing but not strongly funny.  
(C) ""toe police"" — changes ""the"" to ""toe"", creating a funny image of police for toes.  
(D) ""thezpolice"" — misspelling, not clever wordplay.  

""Toe police"" fits the pattern best: it changes one word to a similar-sounding, silly alternative.  

Final answer: (C)",(A),(B),False,option_letter,,cot_fs,ruin_names,1
95,"Which of the following is a humorous edit of this artist or movie name: 'superclunk'?
Options:
(A) suaperclunk
(B) superchunk
(C) fsuperclunk
(D) supernclunk",(B),"Looking at the name ""superclunk,"" a humorous edit would likely involve a small change that creates a new, funny word while keeping the original recognizable.  

- (A) ""suaperclunk"" — just a misspelling, not particularly funny.  
- (B) ""superchunk"" — changes ""clunk"" to ""chunk,"" which is a real word and could be humorous because ""Superchunk"" is also the name of a real indie rock band, playing on the idea of a ""ruined"" name.  
- (C) ""fsuperclunk"" — adds a random letter, not clever or funny.  
- (D) ""supernclunk"" — awkward insertion of ""n,"" not humorous.  

The best humorous edit is (B), similar to the examples where one part of the name is altered to form another meaningful or silly word.  

Final answer: (B)",(C),(B),False,option_letter,,cot_fs,ruin_names,1
96,"Which of the following is a humorous edit of this artist or movie name: 'missy elliott'?
Options:
(A) pissy elliott
(B) missywelliott
(C) missy eltliott
(D) mibssy elliott",(A),"Looking at the examples, the humorous edits tend to replace a word with a similar-sounding but different word that creates a funny or absurd meaning.

- ""fall out boy"" → ""fall out bot"" (boy → bot)  
- ""the beatles"" → ""the beagles"" (beatles → beagles)  
- ""the rolling stones"" → ""the rolling scones"" (stones → scones)  

For ""missy elliott"", the humorous edit should change ""missy"" or ""elliott"" into a similarly spelled or sounding word with a different, funny meaning.  

Option (A) changes ""missy"" to ""pissy"", which is a real word with a crude humorous effect, fitting the pattern from the examples.  
The other options just scramble letters without creating a meaningful humorous twist.  

Final answer: (A)",(A),(A),True,option_letter,,cot_fs,ruin_names,1
97,"Which of the following is a humorous edit of this artist or movie name: 'sly and the family stone'?
Options:
(A) syy and the family stone
(B) sly and the familyf stone
(C) sly and the familycstone
(D) soy and the family stone",(D),"Looking at the options, the humorous edits in the examples typically involve a small change that creates a pun or a funny twist on the original name.  

For ""sly and the family stone"":  
- (A) ""syy"" is just a misspelling, not humorous.  
- (B) ""familyf stone"" doesn’t create a clear pun.  
- (C) ""familycstone"" is awkward and not obviously funny.  
- (D) ""soy and the family stone"" replaces ""sly"" with ""soy"", which sounds similar but changes the meaning in a silly way — this fits the pattern of humorous edits like ""the beagles"" for ""the beatles"" or ""the rolling scones"" for ""the rolling stones"".  

Final answer: (D)",(D),(D),True,option_letter,,cot_fs,ruin_names,1
98,"Which of the following is a humorous edit of this artist or movie name: 'love story'?
Options:
(A) live story
(B) love stoery
(C) love storey
(D) lrve story",(A),"Looking at the options, the humorous edits typically involve a small change that creates a pun or a funny twist on the original name.  

""Love story"" could be humorously altered to ""love storey"" — where ""storey"" means a floor of a building, playing on the word ""story"" in a lighthearted way.  

The other options are just misspellings without a clear pun or humorous angle.  

Final answer: (C)",(C),(A),False,option_letter,,cot_fs,ruin_names,1
99,"Which of the following is a humorous edit of this artist or movie name: 'apocalypse now'?
Options:
(A) iapocalypse now
(B) apocalypse ncow
(C) apocalypse cow
(D) apocalypxse now",(C),"Looking at the examples, the humorous edits tend to replace a word with a similar-sounding but different word that creates a funny or absurd meaning.  

- ""fall out boy"" → ""fall out bot"" (boy → bot)  
- ""the beatles"" → ""the beagles"" (beatles → beagles)  
- ""the rolling stones"" → ""the rolling scones"" (stones → scones)  

For ""apocalypse now"":  
- (A) ""iapocalypse now"" — just adds a letter, not a funny word swap.  
- (B) ""apocalypse ncow"" — misspelling ""now"" as ""ncow"" doesn’t make a real word.  
- (C) ""apocalypse cow"" — replaces ""now"" with ""cow"", which is absurd and humorous.  
- (D) ""apocalypxse now"" — just changes spelling, not a meaningful pun.  

The best humorous edit is (C) ""apocalypse cow"" because it changes ""now"" to ""cow"" for a funny twist.  

Final answer: (C)",(A),(C),False,option_letter,,cot_fs,ruin_names,1
100,"Which of the following is a humorous edit of this artist or movie name: 'trolls'?
Options:
(A) qtrolls
(B) trells
(C) trollb
(D) trills",(D),"Looking at the name ""trolls,"" a humorous edit would likely involve a small change that creates a pun or a funny twist while keeping the word recognizable.  

- (A) ""qtrolls"" — adds a random letter, not particularly funny.  
- (B) ""trells"" — changes a letter but doesn’t create a clear pun.  
- (C) ""trollb"" — adds a letter at the end, not obviously humorous.  
- (D) ""trills"" — changes ""o"" to ""i,"" making it sound like ""trills,"" which could be a pun on ""trills"" (musical notes or bird sounds), giving it a playful twist.  

This fits the pattern from the examples where the humorous option often plays with sound to create a pun (e.g., ""beagles"" for ""beatles,"" ""scones"" for ""stones"").  

Final answer: (D)",(D),(D),True,option_letter,,cot_fs,ruin_names,1
101,"Which of the following is a humorous edit of this artist or movie name: 'creedence clearwater revival'?
Options:
(A) creedence clearwatee revival
(B) creedence clqarwater revival
(C) creedence clearwafer revival
(D) crecedence clearwater revival",(C),"Looking at the examples, the humorous edits tend to replace one word with a similar-sounding but different word that creates a funny or absurd meaning.

- ""fall out boy"" → ""fall out bot"" (boy → bot)
- ""the beatles"" → ""the beagles"" (beatles → beagles)
- ""the rolling stones"" → ""the rolling scones"" (stones → scones)

For ""creedence clearwater revival"", the humorous edit would likely replace one of the words with something similar sounding but different in meaning.

- (A) ""creedence clearwatee revival"" — just a misspelling, not a meaningful substitution.
- (B) ""creedence clqarwater revival"" — misspelling with a 'q', not humorous.
- (C) ""creedence clearwafer revival"" — ""clearwater"" → ""clearwafer"" (water → wafer), similar to the pattern in examples.
- (D) ""crecedence clearwater revival"" — misspelling of first word, not a funny substitution.

(C) follows the pattern of replacing ""water"" with ""wafer"", which is a real word and creates a funny image (a wafer that is clear).

Final answer: (C)",(A),(C),False,option_letter,,cot_fs,ruin_names,1
102,"Which of the following is a humorous edit of this artist or movie name: 'the rolling stones'?
Options:
(A) the rolling stones
(B) the rtlling stones
(C) the rolling scones
(D) the polling stones",(C),"Looking at the options:  

- (A) is identical to the original name, so not an edit.  
- (B) changes ""o"" to ""t"" in ""rolling"" but doesn’t create a meaningful or humorous real word.  
- (C) changes ""stones"" to ""scones"" — a real word with a humorous connection (pastry instead of rocks).  
- (D) changes ""rolling"" to ""polling"" — a real word but less directly humorous than ""scones"" in this context.  

From the examples, the humorous edits often involve replacing a word with a similar-sounding but different real word for comedic effect. ""Rolling scones"" fits that pattern best.  

Final answer: (C)",(B),(C),False,option_letter,,cot_fs,ruin_names,1
103,"Which of the following is a humorous edit of this artist or movie name: 'joy division'?
Options:
(A) job division
(B) jxoy division
(C) toy division
(D) joy divvision",(C),"Looking at the examples, the humorous edits tend to replace a word with a similar-sounding but different word that creates a funny or absurd meaning.

- ""fall out boy"" → ""fall out bot"" (boy → bot)  
- ""the beatles"" → ""the beagles"" (beatles → beagles)  
- ""the rolling stones"" → ""the rolling scones"" (stones → scones)  

For ""joy division"":  
- (A) ""job division"" — changes ""joy"" to ""job"", which is mundane but not strongly humorous.  
- (B) ""jxoy division"" — just a misspelling, not a pun.  
- (C) ""toy division"" — changes ""joy"" to ""toy"", which is a real phrase but also a pun on the original name, similar to the pattern in examples.  
- (D) ""joy divvision"" — just a doubled letter, not a pun.  

""Toy division"" fits the pattern best: it replaces one word with a similar-sounding word that shifts meaning humorously.  

Final answer: (C)",(A),(C),False,option_letter,,cot_fs,ruin_names,1
104,"Which of the following is a humorous edit of this artist or movie name: 'jethro tull'?
Options:
(A) jethro dull
(B) jethro tult
(C) jethrpo tull
(D) jethro tuill",(A),"Looking at the examples, the humorous edits tend to replace a word with a similar-sounding but different word that creates a funny or absurd meaning.

- ""fall out boy"" → ""fall out bot"" (boy → bot)  
- ""the beatles"" → ""the beagles"" (beatles → beagles)  
- ""the rolling stones"" → ""the rolling scones"" (stones → scones)  

For ""jethro tull"":  
- (A) ""jethro dull"" changes ""tull"" to ""dull"", which is a real word with a humorous meaning (boring).  
- The others are just misspellings without a clear pun or joke.  

So the humorous edit is the one that replaces ""tull"" with ""dull"" for a comedic effect.  

Final answer: (A)",(A),(A),True,option_letter,,cot_fs,ruin_names,1
105,"Which of the following is a humorous edit of this artist or movie name: 'herman's hermits'?
Options:
(A) hwrman's hermits
(B) hermjn's hermits
(C) herman's hermtts
(D) herman's permits",(D),"Looking at the examples, the humorous edits tend to replace a word with a similar-sounding but different word that creates a funny or absurd meaning.  

- ""fall out boy"" → ""fall out bot"" (boy → bot)  
- ""the beatles"" → ""the beagles"" (beatles → beagles, a dog breed)  
- ""the rolling stones"" → ""the rolling scones"" (stones → scones, a food)  

For ""herman's hermits"":  
- (A), (B), and (C) are just misspellings of ""herman"" or ""hermits"" without changing the meaning humorously.  
- (D) changes ""hermits"" to ""permits"" — similar sound, but now it’s ""herman's permits"" (like documents or licenses), which is absurd and fits the pattern.  

Final answer: (D)",(A),(D),False,option_letter,,cot_fs,ruin_names,1
106,"Which of the following is a humorous edit of this artist or movie name: 'the girl with all the gifts'?
Options:
(A) the girl with all the grifts
(B) the girl with alf the gifts
(C) the girl with iall the gifts
(D) the girl with all thke gifts",(A),"Looking at the options, the humorous edits typically involve a small change that creates a pun or a funny twist on the original name.  

The original title is *The Girl with All the Gifts*.  
- (A) changes ""gifts"" to ""grifts"" — ""grifts"" means scams or swindles, which humorously changes the meaning.  
- (B), (C), and (D) are just spelling errors without a clear pun or humorous twist.  

So the humorous one is the one that replaces ""gifts"" with ""grifts"" for a clever meaning shift.  

Final answer: (A)",(A),(A),True,option_letter,,cot_fs,ruin_names,1
107,"Which of the following is a humorous edit of this artist or movie name: 'men in black'?
Options:
(A) hen in black
(B) man in black
(C) hmen in black
(D) men ib black",(A),"Looking at the options, the humorous edits in the examples typically involve a small change that creates a pun or a funny twist on the original name.  

For ""men in black"":  
- (A) ""hen in black"" changes ""men"" to ""hen"" — a single animal substitution, similar to ""beagles"" for ""beatles"" or ""scones"" for ""stones.""  
- (B) ""man in black"" is just singular, not really a pun.  
- (C) ""hmen in black"" is a typo-like change without humor.  
- (D) ""men ib black"" is a misspelling without a pun.  

The best humorous edit is (A), because ""hen"" replaces ""men"" to create an animal-related pun.  

Final answer: (A)",(A),(A),True,option_letter,,cot_fs,ruin_names,1
108,"Which of the following is a humorous edit of this artist or movie name: 'the third man'?
Options:
(A) the third men
(B) the trird man
(C) thed third man
(D) the third pan",(D),"Looking at the examples, the humorous edits tend to replace a word with a similar-sounding but different word that creates a funny or absurd meaning.

- ""fall out boy"" → ""fall out bot"" (boy → bot, suggesting a robot)
- ""the beatles"" → ""the beagles"" (beatles → beagles, a dog breed)
- ""the rolling stones"" → ""the rolling scones"" (stones → scones, a baked good)

For ""the third man"":
- (A) ""the third men"" — changes singular to plural, not particularly humorous.
- (B) ""the trird man"" — misspelling ""third"" as ""trird,"" not especially funny.
- (C) ""thed third man"" — awkward extra letter, not clever.
- (D) ""the third pan"" — changes ""man"" to ""pan,"" a kitchen item, creating an absurd image.

This follows the pattern of replacing a key word with a similar-sounding but unrelated object for humor.

Final answer: (D)",(A),(D),False,option_letter,,cot_fs,ruin_names,1
109,"Which of the following is a humorous edit of this artist or movie name: 'sex pistols'?
Options:
(A) six pistols
(B) sex pistols
(C) sex pibtols
(D) sex pistoils",(A),"Looking at the examples, the humorous edits tend to replace a word with a similar-sounding but different word that creates a funny or absurd meaning.

- ""fall out boy"" → ""fall out bot"" (boy → bot)  
- ""the beatles"" → ""the beagles"" (beatles → beagles)  
- ""the rolling stones"" → ""the rolling scones"" (stones → scones)  

For ""sex pistols"":  
- (A) ""six pistols"" changes ""sex"" to ""six"" — similar sound, different meaning, mildly humorous.  
- (B) is unchanged — not an edit.  
- (C) and (D) are misspellings without a clear pun or funny twist.  

The best humorous edit is (A), following the pattern of phonetic replacement with a new literal meaning.  

Final answer: (A)",(A),(A),True,option_letter,,cot_fs,ruin_names,1
110,"Which of the following is a humorous edit of this artist or movie name: 'the secret life of pets'?
Options:
(A) the secret life of pots
(B) the saecret life of pets
(C) the secret life of pet
(D) the secret life of pat",(A),"Looking at the examples, the humorous edits tend to replace a word with a similar-sounding but different word that creates a funny or absurd meaning.

- ""fall out boy"" → ""fall out bot"" (boy → bot)
- ""the beatles"" → ""the beagles"" (beatles → beagles)
- ""the rolling stones"" → ""the rolling scones"" (stones → scones)

For ""the secret life of pets"", the humorous edit would likely replace ""pets"" with a similar-sounding word that changes the meaning in a funny way.

- (A) ""the secret life of pots"" - replaces ""pets"" with ""pots"" (household items instead of animals)
- (B) ""the saecret life of pets"" - just a misspelling of ""secret""
- (C) ""the secret life of pet"" - just changes to singular
- (D) ""the secret life of pat"" - changes ""pets"" to a name ""Pat""

Option (A) follows the pattern from the examples most closely by replacing the final word with a phonetically similar but conceptually different word that creates humor.

Final answer: (A)",(A),(A),True,option_letter,,cot_fs,ruin_names,1
111,"Which of the following is a humorous edit of this artist or movie name: 'cinderella'?
Options:
(A) cinderelrla
(B) tinderella
(C) cindeorella
(D) cindqrella",(B),"Looking at the options, the humorous edits typically involve a small change that creates a pun or a funny twist on the original name.  

- (A) ""cinderelrla"" — just a misspelling, not particularly humorous.  
- (B) ""tinderella"" — changes ""cinder"" to ""tinder,"" referencing the dating app Tinder, which is a clear pun.  
- (C) ""cindeorella"" — misspelling with ""ore,"" not obviously funny.  
- (D) ""cindqrella"" — just a letter substitution, no clear joke.  

The best humorous edit is (B) because it creates a cultural pun.  

Final answer: (B)",(B),(B),True,option_letter,,cot_fs,ruin_names,1
112,"Which of the following is a humorous edit of this artist or movie name: 'top gun'?
Options:
(A) tzop gun
(B) top gin
(C) toup gun
(D) toh gun",(B),"Looking at the examples, the humorous edits tend to replace a word with a similar-sounding but different word that creates a funny or absurd meaning.

- ""fall out boy"" → ""fall out bot"" (boy → bot)  
- ""the beatles"" → ""the beagles"" (beatles → beagles)  
- ""the rolling stones"" → ""the rolling scones"" (stones → scones)  

For ""top gun"":  
- (A) ""tzop gun"" — changes spelling but not meaning.  
- (B) ""top gin"" — changes ""gun"" to ""gin"" (alcohol), which is a real word substitution with humorous effect.  
- (C) ""toup gun"" — changes spelling but not meaning.  
- (D) ""toh gun"" — changes spelling but not meaning.  

The best humorous edit is ""top gin"" because it replaces ""gun"" with ""gin"" in a way that changes the meaning humorously.  

Final answer: (B)",(A),(B),False,option_letter,,cot_fs,ruin_names,1
113,"Which of the following is a humorous edit of this artist or movie name: 'en vogue'?
Options:
(A) eon vogue
(B) en vogbue
(C) en vfogue
(D) en rogue",(D),"Looking at the examples, the humorous edits tend to replace a word with a similar-sounding but different word that creates a funny or absurd meaning.

- ""fall out boy"" → ""fall out bot"" (boy → bot)  
- ""the beatles"" → ""the beagles"" (beatles → beagles)  
- ""the rolling stones"" → ""the rolling scones"" (stones → scones)  

For ""en vogue"":  
- ""en vogue"" means fashionable or in style.  
- Changing ""vogue"" to ""rogue"" creates ""en rogue"" — meaning something like ""in rogue"" — which is a humorous twist because it suggests being stylishly rebellious or mischievous instead of just fashionable.  

The other options just change spelling slightly without creating a funny new meaning.  

Final answer: (D)",(D),(D),True,option_letter,,cot_fs,ruin_names,1
114,"Which of the following is a humorous edit of this artist or movie name: 'the sisters of mercy'?
Options:
(A) the sister of mercy
(B) the svsters of mercy
(C) the sisters of msrcy
(D) the sisters of percy",(D),"Looking at the examples, the humorous edits tend to replace a word with a similar-sounding but different word that creates a funny or absurd meaning.

- ""fall out boy"" → ""fall out bot"" (boy → bot)  
- ""the beatles"" → ""the beagles"" (beatles → beagles)  
- ""the rolling stones"" → ""the rolling scones"" (stones → scones)  

Here, ""the sisters of mercy"" could be humorously edited by replacing ""mercy"" with something similar in sound but different in meaning.  
Option (D) changes ""mercy"" to ""percy"" — a person’s name — which fits the pattern of creating a funny twist.  

Final answer: (D)",(D),(D),True,option_letter,,cot_fs,ruin_names,1
115,"Which of the following is a humorous edit of this artist or movie name: 'babs'?
Options:
(A) jabs
(B) bab
(C) bibs
(D) baubs",(A),"Looking at the examples, the humorous edits tend to replace a word with a similar-sounding but different word that creates a playful or silly meaning.

""babs"" could be a nickname or short form.  
Option (A) ""jabs"" changes the initial letter but doesn't create a clear humorous twist.  
Option (B) ""bab"" just shortens it further — not particularly funny.  
Option (C) ""bibs"" changes the vowel and adds a common baby-related item — mildly amusing.  
Option (D) ""baubs"" changes the ending to something meaning small trinkets or decorations — also possible, but less connected to the original.

Comparing to the examples, ""bibs"" is a real word that is phonetically close and evokes a baby or eating association, which could be humorous in a gentle way, similar to ""beagles"" for ""beatles"" or ""scones"" for ""stones.""

Final answer: (C)",(A),(A),True,option_letter,,cot_fs,ruin_names,1
116,"Which of the following is a humorous edit of this artist or movie name: 'witness'?
Options:
(A) witsess
(B) wetness
(C) wimness
(D) witnpss",(B),"Looking at the name ""witness,"" a humorous edit typically involves a small change that creates a real but different word with a funny or absurd meaning.  

- (A) witsess — not a real word, just misspelled.  
- (B) wetness — a real word, completely different meaning, could be humorous in a silly or awkward way.  
- (C) wimness — not a real word.  
- (D) witnpss — not a real word, just garbled.  

The pattern from the examples is that the humorous edit results in an actual English word that changes the meaning in a funny way, like ""beagles"" for ""beatles"" or ""scones"" for ""stones."" Here, ""witness"" → ""wetness"" fits that pattern.  

Final answer: (B)",(B),(B),True,option_letter,,cot_fs,ruin_names,1
117,"Which of the following is a humorous edit of this artist or movie name: 'moonlight'?
Options:
(A) moonligrht
(B) moonlzght
(C) moonlights
(D) goonlight",(D),"Looking at the examples, the humorous edits tend to replace a word with a similar-sounding but different word that creates a funny or absurd meaning.

- ""fall out boy"" → ""fall out bot"" (boy → bot)  
- ""the beatles"" → ""the beagles"" (beatles → beagles)  
- ""the rolling stones"" → ""the rolling scones"" (stones → scones)  

For ""moonlight"":  
- (A) moonligrht — just a typo, not a meaningful pun  
- (B) moonlzght — just a typo, not a meaningful pun  
- (C) moonlights — plural form, not really humorous  
- (D) goonlight — changes ""moon"" to ""goon"" (a thug or fool), creating a funny image  

The humorous one is (D), following the pattern of replacing part of the name with a similar-sounding but comically different word.

Final answer: (D)",(A),(D),False,option_letter,,cot_fs,ruin_names,1
118,"Which of the following is a humorous edit of this artist or movie name: 'die another day'?
Options:
(A) die anothpr day
(B) diet another day
(C) dies another day
(D) die another ay",(B),"Looking at the options, the humorous edits in the examples typically involve a small change that creates a pun or a new meaning while keeping the original recognizable.  

For ""die another day"":  
- (A) ""die anothpr day"" is just a typo (no humor).  
- (B) ""diet another day"" changes ""die"" to ""diet,"" which is a pun about postponing a diet — a common joke.  
- (C) ""dies another day"" is a grammatical change but not particularly funny.  
- (D) ""die another ay"" is incomplete and not humorous.  

The best humorous edit is (B), similar to the earlier examples where one word is altered to create a pun.  

Final answer: (B)",(B),(B),True,option_letter,,cot_fs,ruin_names,1
119,"Which of the following is a humorous edit of this artist or movie name: 'braveheart'?
Options:
(A) bravehearts
(B) graveheart
(C) brasveheart
(D) braveheafrt",(B),"Looking at the examples, the humorous edits tend to replace a word or part of a word with something phonetically similar but different in meaning, often creating a pun or a playful twist.

For ""braveheart"":
- (A) ""bravehearts"" just adds an ""s"" — not particularly humorous.
- (B) ""graveheart"" changes ""brave"" to ""grave,"" which contrasts bravery with death — this could be darkly humorous.
- (C) ""brasveheart"" swaps letters but doesn’t create a clear pun.
- (D) ""braveheafrt"" is just a misspelling without a clear joke.

The best humorous edit seems to be (B) ""graveheart,"" because it changes the meaning in a clever, slightly dark way, similar to how ""the beagles"" replaced ""beatles"" or ""the rolling scones"" replaced ""stones.""

Final answer: (B)",(A),(B),False,option_letter,,cot_fs,ruin_names,1
120,"Which of the following is a humorous edit of this artist or movie name: 'the police'?
Options:
(A) tye police
(B) the polite
(C) nhe police
(D) twhe police",(B),"Looking at the options, the humorous edits typically involve a small change that creates a new, funny word while keeping the original recognizable.  

For ""the police"":  
- (A) ""tye police"" — changes ""the"" but doesn’t create a pun.  
- (B) ""the polite"" — changes ""police"" to ""polite,"" which is a real word with a different meaning, creating a humorous twist.  
- (C) ""nhe police"" — changes ""the"" in a non-meaningful way.  
- (D) ""twhe police"" — also just a misspelling of ""the.""  

The best humorous edit is (B) ""the polite"" because it changes the word to something related in sound but different in meaning, similar to ""beagles"" for ""Beatles"" or ""scones"" for ""stones.""  

Final answer: (B)",(B),(B),True,option_letter,,cot_fs,ruin_names,1
121,"Which of the following is a humorous edit of this artist or movie name: 'air supply'?
Options:
(A) aio supply
(B) air supply
(C) lir supply
(D) hair supply",(D),"Looking at the examples, the humorous edits tend to replace a word with a similar-sounding but different word that creates a funny or absurd meaning.

- ""fall out boy"" → ""fall out bot"" (boy → bot, robot theme)
- ""the beatles"" → ""the beagles"" (beatles → beagles, dog theme)
- ""the rolling stones"" → ""the rolling scones"" (stones → scones, food theme)

For ""air supply"":
- (A) ""aio supply"" — just a misspelling, not particularly funny.
- (B) ""air supply"" — unchanged.
- (C) ""lir supply"" — misspelling, not humorous.
- (D) ""hair supply"" — changes ""air"" to ""hair"", which creates a funny new meaning (supplying hair instead of air).

Final answer: (D)",(A),(D),False,option_letter,,cot_fs,ruin_names,1
122,"Which of the following is a humorous edit of this artist or movie name: 'mad max'?
Options:
(A) madq max
(B) mada max
(C) mud max
(D) sad max",(D),"Looking at the examples, the humorous edits tend to replace a word with a similar-sounding but different word that creates a funny or absurd meaning.

- ""fall out boy"" → ""fall out bot"" (boy → bot)  
- ""the beatles"" → ""the beagles"" (beatles → beagles)  
- ""the rolling stones"" → ""the rolling scones"" (stones → scones)  

For ""mad max"", the humorous edit would likely change ""mad"" to another word that fits the structure but changes the meaning in a funny way.  
Option (D) ""sad max"" replaces ""mad"" with ""sad"", which is a simple, plausible, and humorous twist.

Final answer: (D)",(D),(D),True,option_letter,,cot_fs,ruin_names,1
123,"Which of the following is a humorous edit of this artist or movie name: 'gone with the wind'?
Options:
(A) gowne with the wind
(B) gone with the wand
(C) gone with the wing
(D) gone witth the wind",(B),"Looking at the examples, the humorous edits tend to replace a word with a similar-sounding but different word that creates a funny or absurd meaning.

- ""fall out boy"" → ""fall out bot"" (boy → bot)  
- ""the beatles"" → ""the beagles"" (beatles → beagles)  
- ""the rolling stones"" → ""the rolling scones"" (stones → scones)  

For ""gone with the wind"", the humorous edit should change ""wind"" to something phonetically similar but different in meaning.  

- (A) ""gowne with the wind"" — changes ""gone"" to ""gowne"" (just archaic spelling, not particularly funny).  
- (B) ""gone with the wand"" — changes ""wind"" to ""wand"" (similar sound, different meaning, creates a funny image).  
- (C) ""gone with the wing"" — changes ""wind"" to ""wing"" (less humorous, more literal).  
- (D) ""gone witth the wind"" — just a typo, not a pun.  

The best humorous edit is (B), analogous to the pattern in the examples.  

Final answer: (B)",(A),(B),False,option_letter,,cot_fs,ruin_names,1
124,"Which of the following is a humorous edit of this artist or movie name: 'the who!'?
Options:
(A) the waho!
(B) xhe who!
(C) the why!
(D) trhe who!",(C),"Looking at the examples, the humorous edits tend to replace a word with a similar-sounding but different word that creates a playful or absurd meaning.

- ""fall out boy"" → ""fall out bot"" (boy → bot)  
- ""the beatles"" → ""the beagles"" (beatles → beagles)  
- ""the rolling stones"" → ""the rolling scones"" (stones → scones)  

For ""the who!"", we look for a similar pattern:  
- (A) ""the waho!"" – changes ""who"" to ""waho"", which is not a common word and doesn’t clearly create humor.  
- (B) ""xhe who!"" – changes ""the"" to ""xhe"", which is just a typographical error, not a pun.  
- (C) ""the why!"" – changes ""who"" to ""why"", which is a different question word, creating a simple but plausible pun.  
- (D) ""trhe who!"" – changes ""the"" to ""trhe"", which is just a misspelling, not a humorous substitution.  

The best match for the pattern is (C) ""the why!"" because it replaces ""who"" with another question word ""why"", similar to how ""beatles"" became ""beagles"" or ""stones"" became ""scones"".

Final answer: (C)",(A),(C),False,option_letter,,cot_fs,ruin_names,1
125,"Which of the following is a humorous edit of this artist or movie name: 'offspring'?
Options:
(A) offsprinig
(B) offsprinc
(C) offespring
(D) offstring",(D),"Looking at the name ""offspring,"" a humorous edit typically involves a small change that creates a new, funny word while keeping the original recognizable.  

- (A) offsprinig — just swaps letters, not particularly funny.  
- (B) offsprinc — changes the ending but doesn’t form a clear humorous word.  
- (C) offespring — inserts an extra letter, but doesn’t create a pun.  
- (D) offstring — changes ""spring"" to ""string,"" which is a real word and could humorously suggest something like ""off-string"" (like ""off-key"" but with string instruments).  

This kind of pun fits the pattern in the examples (fall out **bot**, the **beagles**, rolling **scones**).  

Final answer: (D)",(D),(D),True,option_letter,,cot_fs,ruin_names,1
126,"Which of the following is a humorous edit of this artist or movie name: 'fast and furious'?
Options:
(A) fast andm furious
(B) last and furious
(C) fast yand furious
(D) fast and furuous",(B),"Looking at the examples, the humorous edits tend to replace a word with a similar-sounding but different word that creates a funny or absurd meaning.

- ""fall out boy"" → ""fall out bot"" (boy → bot, suggesting a robot)
- ""the beatles"" → ""the beagles"" (beatles → beagles, a dog breed)
- ""the rolling stones"" → ""the rolling scones"" (stones → scones, a food item)

For ""fast and furious"":
- (A) ""fast andm furious"" — just a typo, not a meaningful humorous substitution.
- (B) ""last and furious"" — changes ""fast"" to ""last"", which is a contrasting word and could be funny (slow but still angry).
- (C) ""fast yand furious"" — typo-like, not clever.
- (D) ""fast and furuous"" — misspelling, not a real word substitution.

(B) follows the pattern of replacing a word with something different but plausible, creating a humorous contrast.

Final answer: (B)",(A),(B),False,option_letter,,cot_fs,ruin_names,1
127,"Which of the following is a humorous edit of this artist or movie name: 'peter and the test tube babies'?
Options:
(A) peter and the tests tube babies
(B) peter and theatest tube babies
(C) peter and the test tube tabies
(D) peter and the test tube rabies",(D),"Looking at the original name ""peter and the test tube babies,"" the humor likely comes from replacing ""babies"" with a similar-sounding word that changes the meaning in a funny way.  

Option (A) changes ""test tube"" to ""tests tube"" — awkward but not particularly humorous.  
Option (B) changes ""the test"" to ""theatest"" — not a real word and not clearly funny.  
Option (C) changes ""babies"" to ""tabies"" — not a real word and not obviously humorous.  
Option (D) changes ""babies"" to ""rabies"" — this is a real word, and ""test tube rabies"" is absurd and comical.  

Final answer: (D)",(A),(D),False,option_letter,,cot_fs,ruin_names,1
128,"Which of the following is a humorous edit of this artist or movie name: 'the dark knight'?
Options:
(A) the dark night
(B) the park knight
(C) the darxk knight
(D) the dark knilht",(B),"Looking at the examples, the humorous edits tend to replace a word with a similar-sounding but different word that creates a funny or absurd meaning.

- ""fall out boy"" → ""fall out bot"" (boy → bot)
- ""the beatles"" → ""the beagles"" (beatles → beagles, a dog breed)
- ""the rolling stones"" → ""the rolling scones"" (stones → scones, a food item)

For ""the dark knight"":
- (A) ""the dark night"" changes ""knight"" to ""night"" — this is actually a common misspelling but not particularly humorous.
- (B) ""the park knight"" changes ""dark"" to ""park"" — creates an absurd image of a knight in a park, which fits the humorous pattern.
- (C) and (D) are just misspellings with extra letters, not funny word substitutions.

The best humorous edit is (B) ""the park knight"" because it changes one word to a similar-sounding but unrelated word, creating a silly image.

Final answer: (B)",(A),(B),False,option_letter,,cot_fs,ruin_names,1
129,"Which of the following is a humorous edit of this artist or movie name: 'suicide squad'?
Options:
(A) suicide squad
(B) sunicide squad
(C) suicide squid
(D) suicideu squad",(C),"Looking at the options, the humorous edit should involve a small change that creates a pun or a funny twist on the original name ""suicide squad.""  

- (A) is identical to the original, so not an edit.  
- (B) changes ""sui"" to ""suni"" — not a clear pun.  
- (C) changes ""squad"" to ""squid"" — this creates a pun (""suicide squid"") which is absurd and humorous.  
- (D) adds a ""u"" awkwardly — not obviously funny.  

The best humorous edit is (C), similar to the examples where one word is replaced with a similar-sounding but silly alternative.  

Final answer: (C)",(B),(C),False,option_letter,,cot_fs,ruin_names,1
130,"Which of the following is a humorous edit of this artist or movie name: 'drag me to hell'?
Options:
(A) drag me to help
(B) drags me to hell
(C) drag mge to hell
(D) mrag me to hell",(A),"Looking at the options, the humorous edit should change the meaning in a funny way while keeping the original recognizable.  
""Drag me to hell"" becomes ""drag me to help"" — changing ""hell"" to ""help"" flips the meaning humorously from a dire situation to a helpful one.  
The other options are either minor spelling errors or awkward changes that don’t create a clear joke.  

Final answer: (A)",(A),(A),True,option_letter,,cot_fs,ruin_names,1
131,"Which of the following is a humorous edit of this artist or movie name: 'foo fighters'?
Options:
(A) foo fwighters
(B) foo fighter
(C) foo fixhters
(D) food fighters",(D),"Looking at the examples, the humorous edits tend to replace one word with a similar-sounding but different word that creates a funny or absurd meaning.

- ""fall out boy"" → ""fall out bot"" (boy → bot)
- ""the beatles"" → ""the beagles"" (beatles → beagles, a dog breed)
- ""the rolling stones"" → ""the rolling scones"" (stones → scones, a food item)

For ""foo fighters"":
- ""foo fighters"" → ""food fighters"" changes ""foo"" to ""food,"" creating a humorous image of people fighting with food.

The other options just misspell or slightly alter letters without creating a funny twist.

Final answer: (D)",(D),(D),True,option_letter,,cot_fs,ruin_names,1
132,"Which of the following is a humorous edit of this artist or movie name: 'seven brides for seven brothers'?
Options:
(A) seven briqes for seven brothers
(B) seven bridles for seven brothers
(C) seven brides forpseven brothers
(D) sevenzbrides for seven brothers",(B),"Looking at the examples, the humorous edits tend to replace a word with a similar-sounding but different word that creates a funny or absurd meaning.

- ""fall out boy"" → ""fall out bot"" (boy → bot)
- ""the beatles"" → ""the beagles"" (beatles → beagles)  
- ""the rolling stones"" → ""the rolling scones"" (stones → scones)

For ""seven brides for seven brothers"":
- (A) ""briqes"" – changes ""brides"" to a nonsense word
- (B) ""bridles"" – changes ""brides"" to ""bridles"" (horse equipment)
- (C) ""forpseven"" – introduces a typo in ""for seven""
- (D) ""sevenzbrides"" – introduces a typo in ""seven brides""

The pattern suggests the humor comes from replacing a word with a real but different word that creates a funny image. ""Brides"" → ""bridles"" fits this pattern best, creating the absurd image of horse bridles instead of wives.

Final answer: (B)",(A),(B),False,option_letter,,cot_fs,ruin_names,1
133,"Which of the following is a humorous edit of this artist or movie name: 'the apartment'?
Options:
(A) toe apartment
(B) the apartments
(C) thew apartment
(D) lthe apartment",(A),"Looking at the examples, the humorous edits tend to replace a word with a similar-sounding but different word that creates a funny or absurd meaning.

- ""fall out boy"" → ""fall out bot"" (boy → bot, suggesting a robot)
- ""the beatles"" → ""the beagles"" (beatles → beagles, a dog breed)
- ""the rolling stones"" → ""the rolling scones"" (stones → scones, a food item)

For ""the apartment"":
- (A) ""toe apartment"" — replaces ""the"" with ""toe,"" creating a silly image of an apartment for toes
- (B) ""the apartments"" — just plural, not really humorous
- (C) ""thew apartment"" — changes ""the"" to ""thew,"" which isn't a real word and not clearly funny
- (D) ""lthe apartment"" — just a typo, not humorous

The best match for the pattern is (A), where a word is replaced with something similar-sounding but absurd.

Final answer: (A)",(A),(A),True,option_letter,,cot_fs,ruin_names,1
134,"Which of the following is a humorous edit of this artist or movie name: 'paul oakenfold'?
Options:
(A) paul joakenfold
(B) paul oakenfod
(C) paull oakenfold
(D) paul oakenfdold",(A),"Looking at the name ""paul oakenfold,"" the humor in the edits from the examples typically comes from changing a word to a similar-sounding but different word with a funny meaning (e.g., ""beatles"" → ""beagles,"" ""rolling stones"" → ""rolling scones"").  

Here, ""oakenfold"" could be altered to something amusing.  
- (A) ""paul joakenfold"" — adds a ""j"" but doesn’t create a clear funny word.  
- (B) ""paul oakenfod"" — changes ""fold"" to ""fod,"" which isn’t a real word and not obviously humorous.  
- (C) ""paull oakenfold"" — just doubles the ""l"" in Paul, not especially funny.  
- (D) ""paul oakenfdold"" — changes ""fold"" to ""fdold,"" which is nonsensical and not clearly humorous.  

None of these seem to follow the pattern of creating a pun or recognizable funny word like in the examples. However, if we consider that ""oakenfold"" might be turned into ""oakenfdold"" as a playful misspelling, it still lacks the clear pun.  

Given the examples, the humorous edits often change one part of the name into another real word for comic effect. Here, none do that perfectly, but (D) ""oakenfdold"" is a more distorted and silly-looking alteration, which might be the intended ""ruin.""  

Final answer: (D)",(A),(A),True,option_letter,,cot_fs,ruin_names,1
135,"Which of the following is a humorous edit of this artist or movie name: 'phish'?
Options:
(A) phist
(B) phisg
(C) pkish
(D) phigh",(A),"The humorous edits in the examples involve replacing part of the original name with a real word that sounds similar but changes the meaning in a funny way:  
- ""fall out boy"" → ""fall out bot"" (boy → bot)  
- ""the beatles"" → ""the beagles"" (beatles → beagles, a dog breed)  
- ""the rolling stones"" → ""the rolling scones"" (stones → scones, a food)  

For ""phish"":  
- (A) phist — not a real word, just a letter change  
- (B) phisg — not a real word  
- (C) pkish — not a real word  
- (D) phigh — sounds like ""fig,"" which is a real word and could humorously relate to ""phish"" (fish → fig, a fruit)  

The best humorous edit following the pattern is (D) phigh, since it changes ""fish"" to ""fig"" while keeping a similar sound.  

Final answer: (D)",(A),(A),True,option_letter,,cot_fs,ruin_names,1
136,"Which of the following is a humorous edit of this artist or movie name: 'the green mile'?
Options:
(A) the green milk
(B) the greenzmile
(C) the geen mile
(D) the gdreen mile",(A),"Looking at the examples, the humorous edits tend to replace a word with a similar-sounding but different word that creates a funny or absurd image.  

For ""the green mile"":  
- (A) ""the green milk"" changes ""mile"" to ""milk"" — this creates a silly visual of green milk, which is humorous.  
- (B), (C), and (D) are just misspellings without a clear pun or joke.  

So the best humorous edit is (A).  

Final answer: (A)",(A),(A),True,option_letter,,cot_fs,ruin_names,1
137,"Which of the following is a humorous edit of this artist or movie name: 'friday the 13th'?
Options:
(A) xriday the 13th
(B) fridays the 13th
(C) friday the 12th
(D) fribay the 13th",(C),"Looking at the examples, the humorous edits tend to replace a word with a similar-sounding but different word that creates a funny or absurd meaning:

- ""fall out boy"" → ""fall out bot"" (boy → bot)
- ""the beatles"" → ""the beagles"" (beatles → beagles, a dog breed)
- ""the rolling stones"" → ""the rolling scones"" (stones → scones, a food item)

For ""friday the 13th"":
- (A) changes spelling but keeps the same pronunciation/sound
- (B) makes it plural (""fridays"") which isn't particularly humorous
- (C) changes the number from 13 to 12, losing the superstition association
- (D) changes ""friday"" to ""fribay"" which is just a spelling alteration

The pattern suggests the humor comes from replacing a key word with something phonetically similar but semantically different and amusing. None of these follow the pattern as clearly as the examples, but (C) ""friday the 12th"" creates humor by changing the iconic ""13th"" to ""12th,"" undermining the superstition theme in a simple, slightly absurd way.

Final answer: (C)",(A),(C),False,option_letter,,cot_fs,ruin_names,1
138,"Which of the following is a humorous edit of this artist or movie name: 'pink floyd'?
Options:
(A) pinkffloyd
(B) pijk floyd
(C) wink floyd
(D) punk floyd",(D),"Looking at the examples, the humorous edits tend to replace a word with a similar-sounding but different word that creates a funny or absurd meaning:

- ""fall out boy"" → ""fall out bot"" (boy → bot)
- ""the beatles"" → ""the beagles"" (beatles → beagles, a dog breed)
- ""the rolling stones"" → ""the rolling scones"" (stones → scones, a food item)

For ""pink floyd"":
- (A) ""pinkffloyd"" is just a misspelling, not a meaningful substitution
- (B) ""pijk floyd"" is also just a misspelling
- (C) ""wink floyd"" changes ""pink"" to ""wink"" - this creates a funny visual image
- (D) ""punk floyd"" changes ""pink"" to ""punk"" - this is more of a genre shift but less humorous

""wink floyd"" follows the pattern best - it's a simple one-word substitution that creates an amusing visual.

Final answer: (C)",(A),(D),False,option_letter,,cot_fs,ruin_names,1
139,"Which of the following is a humorous edit of this artist or movie name: 'spice girls'?
Options:
(A) spihe girls
(B) spic girls
(C) spice tgirls
(D) spite girls",(D),"Looking at the examples, the humorous edits tend to replace part of the name with a similar-sounding but different word that creates a funny or absurd meaning.

- ""fall out boy"" → ""fall out bot"" (boy → bot, suggesting a robot)
- ""the beatles"" → ""the beagles"" (beatles → beagles, a dog breed)
- ""the rolling stones"" → ""the rolling scones"" (stones → scones, a baked good)

For ""spice girls"":
- (A) ""spihe girls"" — changes ""ce"" to ""he"", not a real word, not obviously humorous
- (B) ""spic girls"" — changes ""ce"" to ""c"", just a misspelling, not clearly funny
- (C) ""spice tgirls"" — adds ""t"", not a meaningful humorous change
- (D) ""spite girls"" — changes ""spice"" to ""spite"", creating a new meaning (spiteful girls), which is humorous

The pattern is changing to a real word with a different but related/funny meaning. ""Spite girls"" fits this best.

Final answer: (D)",(A),(D),False,option_letter,,cot_fs,ruin_names,1
140,"Which of the following is a humorous edit of this artist or movie name: 'the wizard of oz'?
Options:
(A) the wizards of oz
(B) the wvzard of oz
(C) the lizard of oz
(D) the widzard of oz",(C),"Looking at the examples, the humorous edits tend to replace a word with a similar-sounding but different word that creates a funny or absurd meaning.

- ""fall out boy"" → ""fall out bot"" (boy → bot)
- ""the beatles"" → ""the beagles"" (beatles → beagles)
- ""the rolling stones"" → ""the rolling scones"" (stones → scones)

For ""the wizard of oz"", the humorous edit would likely replace ""wizard"" with a similar-sounding word that changes the meaning in a funny way.

""wizard"" → ""lizard"" creates ""the lizard of oz"", which is absurd and humorous.

Final answer: (C)",(C),(C),True,option_letter,,cot_fs,ruin_names,1
141,"Which of the following is a humorous edit of this artist or movie name: 'schindler's list'?
Options:
(A) schindler's lift
(B) schindler's list
(C) schindlerm's list
(D) schindler's liit",(A),"The humorous edits in the examples typically involve a small change that creates a pun or a funny twist on the original name.  
For ""schindler's list,"" the original is a serious historical film title.  
Option (A) ""schindler's lift"" replaces ""list"" with ""lift,"" which is a real word and creates a playful, everyday object substitution — similar to ""the rolling stones"" becoming ""the rolling scones"" or ""the beatles"" becoming ""the beagles.""  

The other options either repeat the original name exactly (B), add an awkward extra letter (C), or make a typo-like change without a clear pun (D).  

Final answer: (A)",(A),(A),True,option_letter,,cot_fs,ruin_names,1
142,"Which of the following is a humorous edit of this artist or movie name: 'notting hill'?
Options:
(A) notting hills
(B) nothing hill
(C) nottirg hill
(D) notting hill",(B),"Looking at the original name ""notting hill,"" the humorous edits in the examples typically involve a small change that creates a pun or a funny twist while keeping the name recognizable.  

Option (B) ""nothing hill"" changes ""notting"" to ""nothing,"" which sounds similar but creates a playful meaning — ""nothing"" instead of ""notting."" This fits the pattern of humor seen in the examples (e.g., ""beagles"" for ""beatles,"" ""scones"" for ""stones"").  

The other options either just change spelling without a pun (A, C) or are identical to the original (D).  

Final answer: (B)",(D),(B),False,option_letter,,cot_fs,ruin_names,1
143,"Which of the following is a humorous edit of this artist or movie name: 'foo fighters'?
Options:
(A) poo fighters
(B) foo uighters
(C) foo fxghters
(D) foo faghters",(A),"Looking at the options, the humorous edits typically involve a small change that creates a new, funny meaning.  
""Foo fighters"" changed to ""poo fighters"" replaces ""foo"" with ""poo,"" which is a childish and humorous twist.  
The other options just change spelling without creating a clear joke.  

Final answer: (A)",(A),(A),True,option_letter,,cot_fs,ruin_names,1
144,"Which of the following is a humorous edit of this artist or movie name: 'the beatles'?
Options:
(A) the bdeatles
(B) the beatless
(C) thp beatles
(D) tce beatles",(B),"Looking at the options, the humorous edits typically involve a small change that creates a new, funny, or absurd meaning.  
- ""the bdeatles"" — just swaps letters, no clear humor.  
- ""the beatless"" — changes ""beatles"" to ""beatless,"" which could humorously imply they have no beat.  
- ""thp beatles"" — random letter substitution, not obviously funny.  
- ""tce beatles"" — similar, no clear joke.  

""Beatless"" plays on the original name in a way that could be amusing.  

Final answer: (B)",(B),(B),True,option_letter,,cot_fs,ruin_names,1
145,"Which of the following is a humorous edit of this artist or movie name: 'pixies'?
Options:
(A) pgxies
(B) pihies
(C) pigies
(D) pinxies",(C),"Looking at the examples, the humorous edits tend to replace part of the original name with a similar-sounding but different word that creates a funny or absurd image.

- ""fall out boy"" → ""fall out bot"" (boy → bot, suggesting a robot)
- ""the beatles"" → ""the beagles"" (beatles → beagles, a dog breed)
- ""the rolling stones"" → ""the rolling scones"" (stones → scones, a food item)

For ""pixies"", the humorous edit would likely replace ""pix"" with something that sounds similar but changes meaning humorously.

- (A) pgxies — random letter substitution, not obviously funny
- (B) pihies — unclear meaning, not obviously humorous
- (C) pigies — sounds like ""pixies"" but with ""pig"", creating a funny image of pig-like creatures
- (D) pinxies — minor letter change, not obviously funny

""Pigies"" (C) follows the pattern of changing to a similar-sounding animal-related word, like ""beagles"" in the earlier example.

Final answer: (C)",(A),(C),False,option_letter,,cot_fs,ruin_names,1
146,"Which of the following is a humorous edit of this artist or movie name: 'the deer hunter'?
Options:
(A) the deer hunhter
(B) the beer hunter
(C) the kdeer hunter
(D) the deer huntaer",(B),"Looking at the examples, the humorous edits tend to replace a word with a similar-sounding but different word that creates a funny or absurd meaning.

- ""fall out boy"" → ""fall out bot"" (boy → bot)  
- ""the beatles"" → ""the beagles"" (beatles → beagles)  
- ""the rolling stones"" → ""the rolling scones"" (stones → scones)  

For ""the deer hunter"":  
- (A) ""the deer hunhter"" — just a typo, not humorous.  
- (B) ""the beer hunter"" — replaces ""deer"" with ""beer"", changes meaning humorously.  
- (C) ""the kdeer hunter"" — random insertion, not funny.  
- (D) ""the deer huntaer"" — typo, not humorous.  

The best humorous edit is (B), similar to the pattern in the examples.  

Final answer: (B)",(A),(B),False,option_letter,,cot_fs,ruin_names,1
147,"Which of the following is a humorous edit of this artist or movie name: 'depeche mode'?
Options:
(A) depecxhe mode
(B) depeche hmode
(C) depeche mole
(D) depeche gmode",(C),"Looking at the examples, the humorous edits tend to replace a word with a similar-sounding but different word that creates a funny or absurd meaning.

- ""fall out boy"" → ""fall out bot"" (boy → bot)  
- ""the beatles"" → ""the beagles"" (beatles → beagles)  
- ""the rolling stones"" → ""the rolling scones"" (stones → scones)  

For ""depeche mode"":  
- (A) ""depecxhe mode"" — just a misspelling, not a pun.  
- (B) ""depeche hmode"" — adds a letter, not a meaningful pun.  
- (C) ""depeche mole"" — changes ""mode"" to ""mole"", which is a different word and creates a funny image.  
- (D) ""depeche gmode"" — adds a letter, not a pun.  

(C) follows the pattern of replacing a word with a similar-sounding but different word for humor.  

Final answer: (C)",(A),(C),False,option_letter,,cot_fs,ruin_names,1
148,"Which of the following is a humorous edit of this artist or movie name: 'rocky'?
Options:
(A) ricky
(B) rotky
(C) tocky
(D) crocky",(A),"Looking at the examples, the humorous edits tend to replace part of the name with a similar-sounding but different word that creates a funny or absurd meaning.

For ""rocky"":
- (A) ricky — just changes the vowel, not particularly humorous
- (B) rotky — doesn't create a clear humorous meaning
- (C) tocky — similar sound but no clear joke
- (D) crocky — sounds like ""crock"" (something fake or nonsense), which could humorously suggest the movie is phony or exaggerated

This follows the pattern from the examples where ""the rolling stones"" became ""the rolling scones"" (baked goods instead of rocks) and ""the beatles"" became ""the beagles"" (dog breed instead of insects).

Final answer: (D)",(A),(A),True,option_letter,,cot_fs,ruin_names,1
149,"Which of the following is a humorous edit of this artist or movie name: 'dead man walking'?
Options:
(A) dead man talking
(B) dead men walking
(C) dead man walkinbg
(D) dead man jwalking",(A),"Looking at the options, the humorous edit should involve a small change that creates a pun or a funny twist on the original phrase ""dead man walking.""  

- (A) ""dead man talking"" — changes ""walking"" to ""talking,"" which could be a pun (like a dead man speaking).  
- (B) ""dead men walking"" — just a plural change, not particularly humorous.  
- (C) ""dead man walkinbg"" — a typo-like change, not clever.  
- (D) ""dead man jwalking"" — introduces a ""j"" randomly, not meaningful.  

The best humorous twist is (A), playing on the phrase ""dead man talking"" as a joke.  

Final answer: (A)",(A),(A),True,option_letter,,cot_fs,ruin_names,1
150,"Which of the following is a humorous edit of this artist or movie name: 'news of the world'?
Options:
(A) new of the world
(B) news of thte world
(C) newt of the world
(D) news ofwthe world",(C),"Looking at the options, the humorous edits typically involve a small change that creates a new, funny meaning while keeping the original recognizable.  

""News of the world"" → ""newt of the world"" changes ""news"" to ""newt"" (a small amphibian), which is absurd and humorous.  
The other options are just spelling errors without a clear pun or joke.  

Final answer: (C)",(C),(C),True,option_letter,,cot_fs,ruin_names,1
151,"Which of the following is a humorous edit of this artist or movie name: 'born free'?
Options:
(A) barn free
(B) bsrn free
(C) born flee
(D) bornqfree",(C),"Looking at the examples, the humorous edits tend to replace a word with a similar-sounding but different word that creates a funny or absurd meaning.

- ""fall out boy"" → ""fall out bot"" (boy → bot, suggesting a robot)
- ""the beatles"" → ""the beagles"" (beatles → beagles, a dog breed)
- ""the rolling stones"" → ""the rolling scones"" (stones → scones, a food item)

For ""born free"":
- (A) ""barn free"" changes ""born"" to ""barn"" — a place where animals live, creating a funny image.
- (B) ""bsrn free"" is just a typo, not a meaningful pun.
- (C) ""born flee"" changes ""free"" to ""flee"" — somewhat related but less humorous.
- (D) ""bornqfree"" is just adding a letter, not a clever pun.

The best humorous edit is ""barn free"" because it changes the word to something contextually funny while keeping the sound similar.

Final answer: (A)",(A),(C),False,option_letter,,cot_fs,ruin_names,1
152,"Which of the following is a humorous edit of this artist or movie name: 'rita, sue and bob too'?
Options:
(A) rita
(B) sue and bob too
(C) rita
(D) sue and bob poo
(E) rita
(F) sue and box too
(G) rita,y sue and bob too","rita, sue and bob poo","Looking at the options, the humorous edit should involve a small change that creates a funny or absurd twist on the original name “rita, sue and bob too.”  

Option (D) changes “bob too” to “bob poo,” which is a crude but humorous alteration.  
Option (F) changes “bob” to “box,” which is less obviously funny.  
Option (G) adds a comma and “y” but doesn’t create a clear joke.  

The best humorous edit follows the pattern from the examples: a minimal change that results in a silly or unexpected meaning. “Bob poo” fits that pattern.  

Final answer: (D)",(D),,False,option_letter,,cot_fs,ruin_names,1
153,"Which of the following is a humorous edit of this artist or movie name: 'bridge of spies'?
Options:
(A) bridgye of spies
(B) bridge lf spies
(C) fridge of spies
(D) qbridge of spies",(C),"Looking at the options, the humorous edits in the examples typically involve a small change that creates a pun or a funny twist on the original name.  

- (A) ""bridgye of spies"" — changes spelling but not meaningfully funny.  
- (B) ""bridge lf spies"" — looks like a typo, not a pun.  
- (C) ""fridge of spies"" — changes ""bridge"" to ""fridge,"" which is a real word and creates a humorous image (a fridge full of spies).  
- (D) ""qbridge of spies"" — just adds a random letter.  

The best humorous edit is (C), because it substitutes a word to create a silly new meaning, similar to ""fall out bot"" or ""the beagles.""  

Final answer: (C)",(C),(C),True,option_letter,,cot_fs,ruin_names,1
154,"Which of the following is a humorous edit of this artist or movie name: 'the dark knight rises'?
Options:
(A) the bark knight rises
(B) thetdark knight rises
(C) the dork knight rises
(D) the dark kniggt rises",(C),"Looking at the examples, the humorous edits tend to replace a word with a similar-sounding but different word that changes the meaning in a funny way.  

- ""fall out boy"" → ""fall out bot"" (boy → bot)  
- ""the beatles"" → ""the beagles"" (beatles → beagles)  
- ""the rolling stones"" → ""the rolling scones"" (stones → scones)  

For ""the dark knight rises"":  
- (A) ""the bark knight rises"" changes ""dark"" to ""bark"" — a funny animal-related twist.  
- (B) adds a random letter, not really humorous.  
- (C) ""the dork knight rises"" changes ""dark"" to ""dork"" — also humorous, but ""bark"" feels more in line with the examples (innocent pun rather than mild insult).  
- (D) changes spelling slightly, not a meaningful pun.  

Between (A) and (C), ""bark knight"" fits the pattern of replacing with a similar-sounding, innocent, funny word.  

Final answer: (A)",(A),(C),False,option_letter,,cot_fs,ruin_names,1
155,"Which of the following is a humorous edit of this artist or movie name: 'jojo rabbit'?
Options:
(A) mojo rabbit
(B) jojo vrabbit
(C) jojo rababit
(D) jojvo rabbit",(A),"Looking at the examples, the humorous edits tend to replace a word with a similar-sounding but different word that creates a funny or absurd image.  

- ""fall out boy"" → ""fall out bot"" (boy → bot, robot twist)  
- ""the beatles"" → ""the beagles"" (beatles → beagles, dog twist)  
- ""the rolling stones"" → ""the rolling scones"" (stones → scones, food twist)  

For ""jojo rabbit"":  
- (A) ""mojo rabbit"" — changes ""jojo"" to ""mojo"", which is a slang term for magic charm, still keeps ""rabbit"" but changes the name entirely.  
- (B) ""jojo vrabbit"" — just adds a random letter, not really a funny substitution.  
- (C) ""jojo rababit"" — misspelling, not a clear pun.  
- (D) ""jojvo rabbit"" — changes ""jo"" to ""jvo"", not meaningful.  

The best match for the pattern is (A) ""mojo rabbit"" — it replaces part of the name with a different but real word that creates a humorous new meaning.  

Final answer: (A)",(A),(A),True,option_letter,,cot_fs,ruin_names,1
156,"Which of the following is a humorous edit of this artist or movie name: 'gone with the wind'?
Options:
(A) gone with the wino
(B) gone with thecwind
(C) gone withmthe wind
(D) gone with the wicd",(A),"Looking at the examples, the humorous edits tend to replace a word with a similar-sounding but different word that creates a funny or absurd meaning.  

- ""fall out boy"" → ""fall out bot"" (boy → bot)  
- ""the beatles"" → ""the beagles"" (beatles → beagles)  
- ""the rolling stones"" → ""the rolling scones"" (stones → scones)  

For ""gone with the wind"":  
- (A) ""gone with the wino"" changes ""wind"" to ""wino"" (a humorous twist, meaning a drunk person)  
- (B), (C), and (D) are just misspellings without a clear pun or funny twist.  

So the humorous edit is the one that replaces ""wind"" with a different word for comedic effect.  

Final answer: (A)",(A),(A),True,option_letter,,cot_fs,ruin_names,1
157,"Which of the following is a humorous edit of this artist or movie name: 'guns n' roses'?
Options:
(A) guns n' goses
(B) suns n' roses
(C) guns n' rosjs
(D) guns n' rgoses",(B),"Looking at the examples, the humorous edits tend to replace a word with a similar-sounding but different word that creates a funny or absurd meaning.

- ""fall out boy"" → ""fall out bot"" (boy → bot)  
- ""the beatles"" → ""the beagles"" (beatles → beagles)  
- ""the rolling stones"" → ""the rolling scones"" (stones → scones)  

For ""guns n' roses"":  
- (A) guns n' goses — changes ""roses"" to ""goses"" (not a real word, less funny)  
- (B) suns n' roses — changes ""guns"" to ""suns"" (changes meaning but not as absurd)  
- (C) guns n' rosjs — misspelling, not a meaningful pun  
- (D) guns n' rgoses — misspelling, not a meaningful pun  

The best humorous edit follows the pattern of replacing ""roses"" with a real but different word that sounds similar and creates a funny image — ""roses"" → ""poses"" would be ideal, but here the closest is (A) ""goses"" if we interpret it as a misspelling of ""roses"" to something like ""goes"" or ""grosses,"" but it's not clearly humorous.  

However, (B) ""suns n' roses"" changes ""guns"" to ""suns,"" which is a real word swap and mildly amusing (peaceful suns instead of guns). This fits the pattern best among the options.  

Final answer: (B)",(A),(B),False,option_letter,,cot_fs,ruin_names,1
158,"Which of the following is a humorous edit of this artist or movie name: 'thin lizzy'?
Options:
(A) ghin lizzy
(B) thiny lizzy
(C) thin lpzzy
(D) thin fizzy",(D),"Looking at the examples, the humorous edits tend to replace a word with a similar-sounding but different word that creates a funny or absurd meaning.

- ""fall out boy"" → ""fall out bot"" (boy → bot)  
- ""the beatles"" → ""the beagles"" (beatles → beagles)  
- ""the rolling stones"" → ""the rolling scones"" (stones → scones)  

For ""thin lizzy"", the humorous edit would likely change ""thin"" or ""lizzy"" to something phonetically similar but different in meaning.  
- (A) ""ghin lizzy"" — changes first letter, but ""ghin"" isn’t a real word.  
- (B) ""thiny lizzy"" — just adds a letter, not a meaningful pun.  
- (C) ""thin lpzzy"" — random letter swap, not a real word.  
- (D) ""thin fizzy"" — changes ""lizzy"" to ""fizzy"", which is a real word and creates a funny contrast with ""thin"" (thin vs. fizzy, like a drink).  

This fits the pattern: a real-word substitution that is amusing.  

Final answer: (D)",(A),(D),False,option_letter,,cot_fs,ruin_names,1
159,"Which of the following is a humorous edit of this artist or movie name: 'run dmc'?
Options:
(A) runxdmc
(B) rqn dmc
(C) run dac
(D) run dnc",(D),"Looking at the examples, the humorous edits tend to replace a word with a similar-sounding but different word that creates a funny or absurd meaning.

- ""fall out boy"" → ""fall out bot"" (boy → bot)  
- ""the beatles"" → ""the beagles"" (beatles → beagles)  
- ""the rolling stones"" → ""the rolling scones"" (stones → scones)  

For ""run dmc"", the humorous edit should similarly change one part to something phonetically similar but different in meaning.  

Checking the options:  
(A) runxdmc — just adds an ""x"", not a meaningful funny substitution.  
(B) rqn dmc — changes ""un"" to ""qn"", not a real word substitution.  
(C) run dac — changes ""dmc"" to ""dac"", not obviously humorous.  
(D) run dnc — changes ""dmc"" to ""dnc"", which could reference the Democratic National Committee, creating a humorous political twist.  

This fits the pattern: ""dmc"" → ""dnc"" is a real-world abbreviation swap with comedic effect.  

Final answer: (D)",(A),(D),False,option_letter,,cot_fs,ruin_names,1
160,"Which of the following is a humorous edit of this artist or movie name: 'star wars'?
Options:
(A) star wart
(B) star waqs
(C) stal wars
(D) star wafs",(A),"Looking at the examples, the humorous edits tend to replace a word with a similar-sounding but different word that creates a funny or absurd meaning.

- ""fall out boy"" → ""fall out bot"" (boy → bot, a robot twist)
- ""the beatles"" → ""the beagles"" (beatles → beagles, a dog breed)
- ""the rolling stones"" → ""the rolling scones"" (stones → scones, a baked good)

For ""star wars"":
- (A) ""star wart"" changes ""wars"" to ""wart"" — a humorous, silly image (a star with a wart)
- (B), (C), and (D) are just misspellings without a clear humorous twist.

So the best humorous edit is ""star wart"".

Final answer: (A)",(A),(A),True,option_letter,,cot_fs,ruin_names,1
161,"Which of the following is a humorous edit of this artist or movie name: 'nine inch nails'?
Options:
(A) nine ionch nails
(B) nine inch sails
(C) nine inch qnails
(D) nine isch nails",(B),"Looking at the examples, the humorous edits tend to replace a word with a similar-sounding but different word that creates a funny or absurd meaning.  

- ""fall out boy"" → ""fall out bot"" (boy → bot)  
- ""the beatles"" → ""the beagles"" (beatles → beagles)  
- ""the rolling stones"" → ""the rolling scones"" (stones → scones)  

For ""nine inch nails"":  
- (A) ""nine ionch nails"" — changes spelling but not meaning humorously.  
- (B) ""nine inch sails"" — changes ""nails"" to ""sails"", which is a real word with a different meaning, creating absurd imagery.  
- (C) ""nine inch qnails"" — just a misspelling.  
- (D) ""nine isch nails"" — awkward misspelling, not particularly funny.  

The best humorous edit is (B), similar to the pattern in the examples.  

Final answer: (B)",(A),(B),False,option_letter,,cot_fs,ruin_names,1
162,"Which of the following is a humorous edit of this artist or movie name: 'bon iver'?
Options:
(A) bon liver
(B) bion iver
(C) ban iver
(D) bon ivee",(A),"Looking at the examples, the humorous edits tend to replace a word with a similar-sounding but different word that creates a playful or absurd meaning.

""Bon Iver"" is an artist name.  
- ""Bon"" could be changed to ""Bon"" (already there) or something else, but ""Bon liver"" changes ""Iver"" to ""liver,"" which is a real organ and creates a funny image (a ""good liver"").  
- The other options just change spelling slightly without creating a humorous twist.

This matches the pattern in the examples:  
- ""fall out boy"" → ""fall out bot"" (boy → bot)  
- ""the beatles"" → ""the beagles"" (beatles → beagles)  
- ""the rolling stones"" → ""the rolling scones"" (stones → scones)  

So here: ""Bon Iver"" → ""Bon liver"" (Iver → liver).

Final answer: (A)",(A),(A),True,option_letter,,cot_fs,ruin_names,1
163,"Which of the following is a humorous edit of this artist or movie name: 'it's a wonderful life'?
Options:
(A) it's a wonderful line
(B) it's a londerful life
(C) it's a wonderful lifr
(D) it's a wonderful libfe",(A),"Looking at the options, the humorous edits typically involve a small change that creates a new, funny meaning while keeping the original recognizable.  

- (A) ""it's a wonderful line"" — changes ""life"" to ""line,"" which could be a pun (like a pick-up line or a script line).  
- (B) ""it's a londerful life"" — changes ""wonderful"" to ""londerful,"" which is just a misspelling without clear humor.  
- (C) ""it's a wonderful lifr"" — changes ""life"" to ""lifr,"" which seems like a typo, not a joke.  
- (D) ""it's a wonderful libfe"" — also a typo-like misspelling without clear humor.  

The best humorous edit is (A), because ""line"" creates a plausible alternate phrase with a different, amusing meaning.  

Final answer: (A)",(A),(A),True,option_letter,,cot_fs,ruin_names,1
164,"Which of the following is a humorous edit of this artist or movie name: 'jay and silent bob strike back'?
Options:
(A) jay and sizent bob strike back
(B) jay and silent rob strike back
(C) jagy and silent bob strike back
(D) jay and silent bob strike bach",(D),"Looking at the examples, the humorous edits tend to replace a word with a similar-sounding but different word that creates a funny or absurd meaning.

- ""fall out boy"" → ""fall out bot"" (boy → bot)
- ""the beatles"" → ""the beagles"" (beatles → beagles)  
- ""the rolling stones"" → ""the rolling scones"" (stones → scones)

For ""jay and silent bob strike back"", we need a similar substitution that changes meaning humorously.

(A) ""sizent"" – just a misspelling, not a meaningful substitution  
(B) ""silent rob"" – changes ""bob"" to ""rob"", which is a name substitution but not particularly funny  
(C) ""jagy"" – misspelling of ""jay"", not meaningful  
(D) ""strike bach"" – changes ""back"" to ""bach"" (as in Johann Sebastian Bach), creating a humorous musical reference

Option (D) follows the pattern best by replacing ""back"" with ""bach"" for a clever pun.

Final answer: (D)",(A),(D),False,option_letter,,cot_fs,ruin_names,1
165,"Which of the following is a humorous edit of this artist or movie name: 'soundgarden'?
Options:
(A) foundgarden
(B) sounhgarden
(C) soundgardew
(D) sojndgarden",(A),"Looking at the examples, the humorous edits tend to replace a word with a similar-sounding but different word that creates a playful or absurd meaning.

- ""fall out boy"" → ""fall out bot"" (boy → bot)  
- ""the beatles"" → ""the beagles"" (beatles → beagles)  
- ""the rolling stones"" → ""the rolling scones"" (stones → scones)  

For ""soundgarden"":  
- (A) ""foundgarden"" changes ""sound"" to ""found"" — this creates a new meaning but keeps the structure.  
- (B), (C), and (D) are just misspellings without a clear humorous twist.  

Since the pattern is replacing a word with a phonetically similar but different real word, ""foundgarden"" fits best.  

Final answer: (A)",(A),(A),True,option_letter,,cot_fs,ruin_names,1
166,"Which of the following is a humorous edit of this artist or movie name: 'foo fighters'?
Options:
(A) poo fighters
(B) foo fighthers
(C) foo fighter
(D) fyo fighters",(A),"The humorous edits in the examples involve replacing a word with a similar-sounding but different word that creates a playful or absurd meaning:  
- ""fall out boy"" → ""fall out bot"" (boy → bot)  
- ""the beatles"" → ""the beagles"" (beatles → beagles)  
- ""the rolling stones"" → ""the rolling scones"" (stones → scones)  

For ""foo fighters"":  
- (A) ""poo fighters"" changes ""foo"" to ""poo"", which is a juvenile but humorous twist.  
- The others are minor spelling changes that don’t create the same kind of pun or amusing substitution.  

Final answer: (A)",(A),(A),True,option_letter,,cot_fs,ruin_names,1
167,"Which of the following is a humorous edit of this artist or movie name: 'seven brides for seven brothers'?
Options:
(A) seven bride for seven brothers
(B) seven brides for seven byrothers
(C) seven brides for seven brotders
(D) seven brides for seven brothels",(D),"Looking at the original title ""seven brides for seven brothers,"" the humorous edit should involve a small change that creates a pun or a funny twist.  

Option (D) changes ""brothers"" to ""brothels,"" which is a real word with a very different meaning, creating a humorous double entendre.  
The other options either remove letters or make nonsensical changes without a clear pun.  

Final answer: (D)",(D),(D),True,option_letter,,cot_fs,ruin_names,1
168,"Which of the following is a humorous edit of this artist or movie name: 'get shorty'?
Options:
(A) wet shorty
(B) get shirty
(C) get shovrty
(D) get sbhorty",(B),"Looking at the original title ""get shorty,"" the humor in the examples comes from replacing a word with a similar-sounding but different word that changes the meaning in a funny way.  

- ""fall out boy"" → ""fall out bot"" (boy → bot)  
- ""the beatles"" → ""the beagles"" (beatles → beagles)  
- ""the rolling stones"" → ""the rolling scones"" (stones → scones)  

Here, ""shorty"" could be changed to another word that sounds similar.  
""Get shirty"" replaces ""shorty"" with ""shirty"" (meaning irritable/annoyed), which is a real word and creates a humorous twist.  

Other options either change letters without making a real word (""shovrty"", ""sbhorty"") or change the first word in a less clever way (""wet shorty"").  

Final answer: (B)",(B),(B),True,option_letter,,cot_fs,ruin_names,1
169,"Which of the following is a humorous edit of this artist or movie name: 'bridge of spies'?
Options:
(A) bridge of spivs
(B) bridges of spies
(C) brikge of spies
(D) bridge off spies",(A),"Looking at the examples, the humorous edits tend to replace a word with a similar-sounding but different word that creates a funny or absurd meaning.

- ""fall out boy"" → ""fall out bot"" (boy → bot)  
- ""the beatles"" → ""the beagles"" (beatles → beagles)  
- ""the rolling stones"" → ""the rolling scones"" (stones → scones)  

For ""bridge of spies"":  
- (A) ""bridge of spivs"" changes ""spies"" to ""spivs"" (a British slang term for a petty criminal or flashy dresser), which is a real word substitution with humorous effect.  
- (B) changes ""bridge"" to ""bridges"" — just plural, not really humorous.  
- (C) changes ""bridge"" to ""brikge"" — a typo-like edit, not a pun.  
- (D) changes ""of"" to ""off"" — minor misspelling, not particularly funny.  

The best humorous edit is (A), similar to the pattern in the examples.  

Final answer: (A)",(A),(A),True,option_letter,,cot_fs,ruin_names,1
170,"Which of the following is a humorous edit of this artist or movie name: 'the godfather'?
Options:
(A) the godfathers
(B) uthe godfather
(C) the gondfather
(D) the bodfather",(D),"Looking at the examples, the humorous edits tend to replace a word with a similar-sounding but different word that creates a funny or absurd meaning.

- ""fall out boy"" → ""fall out bot"" (boy → bot, a robot twist)
- ""the beatles"" → ""the beagles"" (beatles → beagles, a dog breed)
- ""the rolling stones"" → ""the rolling scones"" (stones → scones, a baked good)

For ""the godfather"":
- (A) ""the godfathers"" — just plural, not particularly humorous.
- (B) ""uthe godfather"" — adds a letter at the start, but not meaningfully funny.
- (C) ""the gondfather"" — changes ""god"" to ""gond"" (like a gondola), which is a pun and absurd.
- (D) ""the bodfather"" — changes ""god"" to ""bod"" (slang for body), also a pun but less clear.

The best humorous edit is (C) ""the gondfather"" — it changes the word to something similarly sounding but silly (gondola + godfather).

Final answer: (C)",(A),(D),False,option_letter,,cot_fs,ruin_names,1
171,"Which of the following is a humorous edit of this artist or movie name: 'paint your wagon'?
Options:
(A) pajint your wagon
(B) paint your wagons
(C) taint your wagon
(D) paint youbr wagon",(C),"Looking at the examples, the humorous edits tend to replace a word with a similar-sounding but different word that creates a funny or absurd meaning.  

- ""fall out boy"" → ""fall out bot"" (boy → bot)  
- ""the beatles"" → ""the beagles"" (beatles → beagles)  
- ""the rolling stones"" → ""the rolling scones"" (stones → scones)  

For ""paint your wagon"":  
- (A) ""pajint your wagon"" — just a misspelling, not a meaningful pun.  
- (B) ""paint your wagons"" — plural, not really humorous.  
- (C) ""taint your wagon"" — changes ""paint"" to ""taint"", which means to contaminate or spoil, creating a funny twist.  
- (D) ""paint youbr wagon"" — misspelling, not a pun.  

The best humorous edit is (C), because it changes the meaning in a comical way.  

Final answer: (C)",(A),(C),False,option_letter,,cot_fs,ruin_names,1
172,"Which of the following is a humorous edit of this artist or movie name: 'the men who stare at goats'?
Options:
(A) the men who stare at coats
(B) the men who stare akt goats
(C) the men who stare as goats
(D) the men who stare at giats",(A),"Looking at the examples, the humorous edits tend to replace a word with a similar-sounding but different word that creates a funny or absurd meaning.

- ""fall out boy"" → ""fall out bot"" (boy → bot, a robot twist)
- ""the beatles"" → ""the beagles"" (beatles → beagles, a dog breed)
- ""the rolling stones"" → ""the rolling scones"" (stones → scones, a baked good)

Here, ""the men who stare at goats"" becomes funny if ""goats"" is replaced with something unexpected but similar in sound.  
Option (A) changes ""goats"" to ""coats"" — men staring at coats instead of goats — which is absurd and fits the pattern of humorous substitution.  
The other options are just misspellings without a clear humorous twist.  

Final answer: (A)",(A),(A),True,option_letter,,cot_fs,ruin_names,1
173,"Which of the following is a humorous edit of this artist or movie name: 'earth, wind, & fire'?
Options:
(A) eareth
(B) wind
(C) & fire
(D) earth
(E) bind
(F) & fire
(G) earthm wind
(H) & fire
(I) dearth
(J) wind
(K) & fire","dearth, wind, & fire","Looking at the examples, the humorous edits tend to replace one word with a similar-sounding but different word that creates a funny or absurd meaning.

For ""earth, wind, & fire"":
- ""earth"" changed to ""dearth"" (meaning scarcity or lack) creates a humorous contrast with the original elemental theme
- ""wind"" and ""& fire"" remain unchanged in the humorous option
- This follows the pattern from the examples where one element is altered while others stay the same

The option with ""dearth, wind, & fire"" is option (I), (J), (K).

Final answer: (I)",(I),,False,option_letter,,cot_fs,ruin_names,1
174,"Which of the following is a humorous edit of this artist or movie name: 'the bangles'?
Options:
(A) the mangles
(B) the mfangles
(C) the tmangles
(D) tue mangles",(A),"Looking at the examples, the humorous edits tend to replace a word with a similar-sounding but different word that creates a funny or absurd meaning.

- ""fall out boy"" → ""fall out bot"" (boy → bot, robot theme)  
- ""the beatles"" → ""the beagles"" (beatles → beagles, dog theme)  
- ""the rolling stones"" → ""the rolling scones"" (stones → scones, food theme)  

For ""the bangles"" (a band name), the humorous edit should replace ""bangles"" with a similar-sounding word that changes meaning in a funny way.  
""Bangles"" → ""mangles"" (to damage or crush) fits the pattern: similar sound, different word, humorous twist.  

Options (B), (C), and (D) introduce extra letters or misspellings that don’t follow the same simple word-replacement humor seen in the examples.  

Final answer: (A)",(B),(A),False,option_letter,,cot_fs,ruin_names,1
175,"Which of the following is a humorous edit of this artist or movie name: 'cat on a hot tin roof'?
Options:
(A) cat on a hkt tin roof
(B) cat on a hot tin riof
(C) cat on a hot tan roof
(D) fat on a hot tin roof",(D),"Looking at the options, the humorous edits typically involve a small change that creates a new, funny meaning while keeping the original recognizable.  

- (A) ""cat on a hkt tin roof"" — random letter swap, not meaningful.  
- (B) ""cat on a hot tin riof"" — just a typo, not humorous.  
- (C) ""cat on a hot tan roof"" — changes ""tin"" to ""tan,"" which doesn’t create a clear joke.  
- (D) ""fat on a hot tin roof"" — changes ""cat"" to ""fat,"" creating a funny visual of a fat animal on a hot roof.  

This matches the pattern from the examples where one word is altered to something silly but plausible.  

Final answer: (D)",(D),(D),True,option_letter,,cot_fs,ruin_names,1
176,"Which of the following is a humorous edit of this artist or movie name: 'weezer'?
Options:
(A) weezej
(B) weepzer
(C) tweezer
(D) wemezer",(C),"Looking at the examples, the humorous edits tend to replace part of the name with a similar-sounding but different word that creates a funny or absurd meaning.

""Weezer"" sounds like ""weasel"" or ""wheeze,"" but option (C) ""tweezer"" replaces it with a common grooming tool, which is a real word but creates a humorous mismatch with the band name context.

Final answer: (C)",(C),(C),True,option_letter,,cot_fs,ruin_names,1
177,"Which of the following is a humorous edit of this artist or movie name: 'boyz 2 men'?
Options:
(A) boyz 2 mewn
(B) boyz 2 ben
(C) toyz 2 men
(D) boiz 2 men",(C),"Looking at the original name ""boyz 2 men,"" the humor in the examples typically comes from replacing a word with a similar-sounding but different word that creates a funny or absurd meaning.

- ""fall out boy"" → ""fall out bot"" (boy → bot)
- ""the beatles"" → ""the beagles"" (beatles → beagles, a dog breed)
- ""the rolling stones"" → ""the rolling scones"" (stones → scones, a food item)

For ""boyz 2 men"":
- (A) ""boyz 2 mewn"" — changes ""men"" to ""mewn"" (nonsense word, not particularly funny)
- (B) ""boyz 2 ben"" — changes ""men"" to ""ben"" (a name, not especially humorous)
- (C) ""toyz 2 men"" — changes ""boyz"" to ""toyz"" (boys → toys, creates a funny contrast)
- (D) ""boiz 2 men"" — just a spelling variation, not really humorous

Option (C) follows the pattern of changing one word to something phonetically similar but different in meaning, creating a humorous twist.

Final answer: (C)",(A),(C),False,option_letter,,cot_fs,ruin_names,1
178,"Which of the following is a humorous edit of this artist or movie name: 'the moody blues'?
Options:
(A) the mfody blues
(B) the moody blueds
(C) the moody blueus
(D) the moldy blues",(D),"Looking at the examples, the humorous edits tend to replace a word with a similar-sounding but different word that creates a funny or absurd meaning.  

- ""fall out boy"" → ""fall out bot"" (boy → bot)  
- ""the beatles"" → ""the beagles"" (beatles → beagles)  
- ""the rolling stones"" → ""the rolling scones"" (stones → scones)  

For ""the moody blues"":  
- (A) ""mfody"" — just a typo-like change, not a funny word substitution.  
- (B) ""blueds"" — misspelling, not a real word substitution.  
- (C) ""blueus"" — misspelling, not a real word substitution.  
- (D) ""moldy blues"" — changes ""moody"" to ""moldy"", which is a real word with a humorous twist (moldy instead of moody).  

This fits the pattern: replace one word with a similar-sounding but different-meaning word for humor.  

Final answer: (D)",(A),(D),False,option_letter,,cot_fs,ruin_names,1
179,"Which of the following is a humorous edit of this artist or movie name: 'the jam'?
Options:
(A) the jams
(B) the ljam
(C) the jar
(D) the ham",(C),"Looking at the examples, the humorous edits tend to replace a word with a similar-sounding but different word that creates a funny or absurd meaning.

- ""fall out boy"" → ""fall out bot"" (boy → bot, robot theme)  
- ""the beatles"" → ""the beagles"" (beatles → beagles, dog theme)  
- ""the rolling stones"" → ""the rolling scones"" (stones → scones, food theme)  

For ""the jam"":  
- (A) ""the jams"" — just plural, not really humorous.  
- (B) ""the ljam"" — odd spelling change, not obviously funny.  
- (C) ""the jar"" — jam → jar (container theme), plausible pun.  
- (D) ""the ham"" — jam → ham (food theme), also plausible pun.  

Between (C) and (D), ""the ham"" seems funnier because ""ham"" is a different food, creating a more absurd change, similar to ""beagles"" and ""scones"" in the examples.  

Final answer: (D)",(A),(C),False,option_letter,,cot_fs,ruin_names,1
180,"Which of the following is a humorous edit of this artist or movie name: 'skinny puppy'?
Options:
(A) skinny yuppy
(B) skinny puspy
(C) skihnny puppy
(D) skinny puppry",(A),"Looking at the examples, the humorous edits tend to replace a word with a similar-sounding but different word that creates a funny or absurd meaning, rather than just misspelling the original words.

- ""fall out boy"" → ""fall out bot"" (boy → bot)  
- ""the beatles"" → ""the beagles"" (beatles → beagles)  
- ""the rolling stones"" → ""the rolling scones"" (stones → scones)  

For ""skinny puppy"":  
- (A) ""skinny yuppy"" replaces ""puppy"" with ""yuppy"" (young urban professional), which is a humorous twist.  
- (B) is a misspelling of ""puppy"" but not particularly funny.  
- (C) and (D) are just misspellings of ""skinny"" or ""puppy"" without a clever twist.  

The best humorous edit is (A).  

Final answer: (A)",(A),(A),True,option_letter,,cot_fs,ruin_names,1
181,"Which of the following is a humorous edit of this artist or movie name: 'the bay city rollers'?
Options:
(A) the baby city rollers
(B) the bay city rolleyrs
(C) tce bay city rollers
(D) the bay ciby rollers",(A),"Looking at the examples, the humorous edits tend to replace a word with a similar-sounding but different word that creates a funny or absurd meaning.

- ""fall out boy"" → ""fall out bot"" (boy → bot)
- ""the beatles"" → ""the beagles"" (beatles → beagles)
- ""the rolling stones"" → ""the rolling scones"" (stones → scones)

For ""the bay city rollers"":
- (A) ""the baby city rollers"" changes ""bay"" to ""baby"" — this creates a humorous shift in meaning while keeping the sound similar.
- (B) and (D) are minor spelling changes that don’t create a funny twist.
- (C) changes the first letter of ""the"" but doesn’t produce a clear humorous alternative.

The best humorous edit is (A), similar to the pattern in the examples.

Final answer: (A)",(A),(A),True,option_letter,,cot_fs,ruin_names,1
182,"Which of the following is a humorous edit of this artist or movie name: 'run dmc'?
Options:
(A) run dmv
(B) run bdmc
(C) runs dmc
(D) run hmc",(A),"The humorous edits in the examples involve replacing part of the name with a real, phonetically similar word that changes the meaning in a funny way:  
- ""fall out boy"" → ""fall out bot"" (boy → bot)  
- ""the beatles"" → ""the beagles"" (beatles → beagles, a dog breed)  
- ""the rolling stones"" → ""the rolling scones"" (stones → scones, a food)  

For ""run dmc"":  
- (A) ""run dmv"" changes ""dmc"" to ""dmv"" (Department of Motor Vehicles), which is a real, familiar term and creates a humorous twist.  
- Other options either insert letters or change letters without forming a known humorous real-word substitution.  

Final answer: (A)",(A),(A),True,option_letter,,cot_fs,ruin_names,1
183,"Which of the following is a humorous edit of this artist or movie name: 'new kids on the block'?
Options:
(A) newgkids on the block
(B) new kid on the block
(C) new kids on the clock",(C),"Looking at the examples, the humorous edits tend to replace one word with a similar-sounding but different word that creates a funny or absurd meaning.

""New kids on the block"" → ""new kids on the clock"" changes ""block"" to ""clock,"" creating a humorous image of kids standing on a clock instead of a neighborhood block.

The other options:
- (A) ""newgkids on the block"" just adds a random letter
- (B) ""new kid on the block"" is just the singular form, which isn't particularly humorous

Final answer: (C)",(A),(C),False,option_letter,,cot_fs,ruin_names,1
184,"Which of the following is a humorous edit of this artist or movie name: 'jurassic park'?
Options:
(A) jurassic mark
(B) jurassic pack
(C) jurassic pairk
(D) jurassic pork",(D),"Looking at the options, the humorous edits typically involve a small change that creates a pun or a funny twist on the original name.  

- (A) jurassic mark — changes “park” to “mark,” which doesn’t create a clear pun.  
- (B) jurassic pack — changes “park” to “pack,” not especially humorous.  
- (C) jurassic pairk — just a misspelling, not a pun.  
- (D) jurassic pork — changes “park” to “pork,” which is a pun (“pork” as in meat, contrasting with the prehistoric theme in a silly way).  

This follows the pattern from the examples where the humorous option is a real-word substitution that creates a funny image (e.g., “rolling scones” instead of “rolling stones”).  

Final answer: (D)",(D),(D),True,option_letter,,cot_fs,ruin_names,1
185,"Which of the following is a humorous edit of this artist or movie name: 'the avengers'?
Options:
(A) toe avengers
(B) the avjngers
(C) thes avengers
(D) the avengegs",(A),"Looking at the options, the humorous edits in the examples typically involve a small change that creates a real but different word with a funny twist — like ""beagles"" instead of ""beatles"" or ""scones"" instead of ""stones.""  

Here:  
- (A) ""toe avengers"" — changes ""the"" to ""toe,"" which is a real word and creates a silly image.  
- (B) ""avjngers"" — just a typo-like change, not a real word substitution.  
- (C) ""thes avengers"" — ""thes"" is not a real word.  
- (D) ""avengegs"" — not a real word.  

The best humorous edit following the pattern is (A).  

Final answer: (A)",(A),(A),True,option_letter,,cot_fs,ruin_names,1
186,"Which of the following is a humorous edit of this artist or movie name: 'the men who stare at goats'?
Options:
(A) the men who stare at boats
(B) uhe men who stare at goats
(C) the men who stare vt goats
(D) the omen who stare at goats",(A),"Looking at the options, the humorous edits in the examples typically involve replacing a word with a similar-sounding but different word that creates a funny or absurd meaning.  

- (A) changes ""goats"" to ""boats"" — this keeps the structure but changes the object to something less absurd, which could be humorous.  
- (B), (C), and (D) are minor letter changes or misspellings that don’t really create a new humorous concept, just typos.  

Since the pattern from the examples is about word substitution for comedic effect, (A) fits best.  

Final answer: (A)",(A),(A),True,option_letter,,cot_fs,ruin_names,1
187,"Which of the following is a humorous edit of this artist or movie name: 'the mash'?
Options:
(A) tee mash
(B) the maseh
(C) thj mash
(D) the smash",(D),"Looking at the options, the humorous edits typically involve a small change that creates a real word or phrase with a different meaning, often pun-like.  

""The mash"" could be humorously edited to ""the smash"" — both are words, and ""smash"" can mean a hit or to break something, giving it a playful twist.  
The other options just change spelling without creating a meaningful pun.  

Final answer: (D)",(D),(D),True,option_letter,,cot_fs,ruin_names,1
188,"Which of the following is a humorous edit of this artist or movie name: 'toto'?
Options:
(A) thto
(B) tioto
(C) totco
(D) tote",(D),"Looking at the examples, the humorous edits tend to replace part of the name with a similar-sounding but different word that creates a funny or absurd meaning.

For ""toto"":
- (A) ""thto"" — just changes spelling, not particularly humorous
- (B) ""tioto"" — rearranges letters, doesn't create a funny meaning
- (C) ""totco"" — changes ""to"" to ""co"", not obviously humorous
- (D) ""tote"" — changes the name to a common word meaning a carrying bag, which is simple but creates an amusing visual/image

The pattern from the examples shows that the humorous edits often transform the name into another real word with a completely different meaning (like ""beatles"" → ""beagles"" or ""stones"" → ""scones""). ""Tote"" follows this pattern by changing the band name to a common noun.

Final answer: (D)",(A),(D),False,option_letter,,cot_fs,ruin_names,1
189,"Which of the following is a humorous edit of this artist or movie name: 'the band'?
Options:
(A) the bland
(B) khe band
(C) the banmd
(D) the bend",(A),"Looking at the examples, the humorous edits tend to replace a word with a similar-sounding but different word that creates a funny or absurd meaning.  

- ""fall out boy"" → ""fall out bot"" (boy → bot)  
- ""the beatles"" → ""the beagles"" (beatles → beagles, a dog breed)  
- ""the rolling stones"" → ""the rolling scones"" (stones → scones, a food)  

For ""the band"":  
- (A) ""the bland"" changes ""band"" to ""bland"" (meaning dull), which is a real word substitution with humorous meaning.  
- (B) ""khe band"" is just a misspelling of ""the"" without changing ""band"".  
- (C) ""the banmd"" is a typo, not a pun.  
- (D) ""the bend"" could be a pun, but ""bend"" doesn’t relate humorously to music groups like ""bland"" does for a possible joke about the band being boring.  

The best match for the pattern is (A).  

Final answer: (A)",(A),(A),True,option_letter,,cot_fs,ruin_names,1
190,"Which of the following is a humorous edit of this artist or movie name: 'rain man'?
Options:
(A) ruin man
(B) rains man
(C) rain men
(D) rainmman",(A),"Looking at the pattern from the examples, the humorous edits tend to replace a word with a similar-sounding but different word that creates a funny or absurd meaning.

- ""fall out boy"" → ""fall out bot"" (boy → bot, a robot twist)
- ""the beatles"" → ""the beagles"" (beatles → beagles, a dog twist)
- ""the rolling stones"" → ""the rolling scones"" (stones → scones, a food twist)

For ""rain man"":
- (A) ruin man — changes ""rain"" to ""ruin"", which is a similar-sounding word but changes the meaning humorously (someone who ruins things rather than has rain-related abilities).
- The others are minor spelling changes or pluralization, which don’t create the same kind of pun.

Final answer: (A)",(A),(A),True,option_letter,,cot_fs,ruin_names,1
191,"Which of the following is a humorous edit of this artist or movie name: 'the sisterhood of the traveling pants'?
Options:
(A) the sisterhootd of the traveling pants
(B) the sisterhood of the traveling pints
(C) the sisterhood vf the traveling pants
(D) the sisterhood of the traveling pnants",(B),"Looking at the examples, the humorous edits tend to replace a word with a similar-sounding but different word that creates a funny or absurd meaning.

- ""fall out boy"" → ""fall out bot"" (boy → bot, a robot twist)
- ""the beatles"" → ""the beagles"" (beatles → beagles, a dog breed)
- ""the rolling stones"" → ""the rolling scones"" (stones → scones, a baked good)

Here, ""the sisterhood of the traveling pants"" could be humorously edited by changing ""pants"" to ""pints"" (pants → pints, clothing to drinks), which creates a funny image of a sisterhood traveling with drinks instead of pants.

(A) is a typo-like change (""hootd""), not a pun.  
(B) changes ""pants"" to ""pints"" — a pun.  
(C) is a typo (""vf"").  
(D) is a typo (""pnants"").

Final answer: (B)",(A),(B),False,option_letter,,cot_fs,ruin_names,1
192,"Which of the following is a humorous edit of this artist or movie name: 'raging bull'?
Options:
(A) raging bulls
(B) rating bull
(C) ragingzbull
(D) raging dull",(D),"Looking at the examples, the humorous edits tend to replace a word with a similar-sounding but different word that creates a funny or absurd meaning.

- ""fall out boy"" → ""fall out bot"" (boy → bot, a robot twist)
- ""the beatles"" → ""the beagles"" (beatles → beagles, a dog breed)
- ""the rolling stones"" → ""the rolling scones"" (stones → scones, a baked good)

For ""raging bull"":
- (A) ""raging bulls"" — just plural, not really humorous.
- (B) ""rating bull"" — changes ""raging"" to ""rating,"" not especially funny.
- (C) ""ragingzbull"" — random letter insertion, not clever.
- (D) ""raging dull"" — changes ""bull"" to ""dull,"" meaning the opposite of intense/raging, which is a humorous twist.

Final answer: (D)",(A),(D),False,option_letter,,cot_fs,ruin_names,1
193,"Which of the following is a humorous edit of this artist or movie name: 'my big fat greek wedding'?
Options:
(A) my bzg fat greek wedding
(B) my big fatggreek wedding
(C) my big fat greek weeding
(D) my big fat greek wedading",(C),"Looking at the examples, the humorous edits tend to replace a word with a similar-sounding but different word that creates a funny or absurd meaning.  

- ""fall out boy"" → ""fall out bot"" (boy → bot)  
- ""the beatles"" → ""the beagles"" (beatles → beagles)  
- ""the rolling stones"" → ""the rolling scones"" (stones → scones)  

Here, ""my big fat greek wedding"" could be humorously changed by replacing ""wedding"" with ""weeding"" — turning a marriage event into gardening.  

Option (C) ""my big fat greek weeding"" fits this pattern.  

Final answer: (C)",(C),(C),True,option_letter,,cot_fs,ruin_names,1
194,"Which of the following is a humorous edit of this artist or movie name: 'counting crows'?
Options:
(A) mounting crows
(B) coufting crows
(C) counting crowj
(D) counting brows",(D),"Looking at the examples, the humorous edits tend to replace a word with a similar-sounding but different word that creates a funny or absurd image.  

- ""fall out boy"" → ""fall out bot"" (boy → bot)  
- ""the beatles"" → ""the beagles"" (beatles → beagles, a dog breed)  
- ""the rolling stones"" → ""the rolling scones"" (stones → scones, a food)  

For ""counting crows"":  
- (A) ""mounting crows"" changes ""counting"" to ""mounting,"" which is a different action and creates a funny visual.  
- (B), (C), and (D) are just misspellings or letter swaps without a clear humorous twist.  

So the best humorous edit is (A).  

Final answer: (A)",(A),(D),False,option_letter,,cot_fs,ruin_names,1
195,"Which of the following is a humorous edit of this artist or movie name: 'raiders of the lost ark'?
Options:
(A) raiders of the last ark
(B) raiders of the lost irk
(C) raidems of the lost ark
(D) raiuders of the lost ark",(B),"Looking at the options, the humorous edits typically involve a small change that creates a pun or a funny twist on the original name.  

- (A) ""raiders of the last ark"" — changes ""lost"" to ""last,"" which is a plausible phrase but not particularly humorous.  
- (B) ""raiders of the lost irk"" — changes ""ark"" to ""irk,"" meaning to annoy, which could be funny because ""lost irk"" suggests a missing annoyance.  
- (C) ""raidems of the lost ark"" — changes ""raiders"" to ""raidems,"" which is not a real word and doesn’t create a clear pun.  
- (D) ""raiuders of the lost ark"" — just a misspelling of ""raiders"" without a clear joke.  

The best humorous edit is (B), since ""lost irk"" is a pun that plays on the original title.  

Final answer: (B)",(B),(B),True,option_letter,,cot_fs,ruin_names,1
196,"Which of the following is a humorous edit of this artist or movie name: 'johnny got his gun'?
Options:
(A) johnny got hiw gun
(B) johnno got his gun
(C) johnny got his run
(D) johgnny got his gun",(C),"Looking at the examples, the humorous edits tend to replace a word with a similar-sounding but different word that creates a funny or absurd meaning.

- ""fall out boy"" → ""fall out bot"" (boy → bot)
- ""the beatles"" → ""the beagles"" (beatles → beagles)
- ""the rolling stones"" → ""the rolling scones"" (stones → scones)

For ""johnny got his gun"":
- (A) ""johnny got hiw gun"" — minor typo, not meaningfully humorous
- (B) ""johnno got his gun"" — name change, but not particularly funny
- (C) ""johnny got his run"" — changes ""gun"" to ""run"", which creates an absurd image (instead of getting a weapon, he gets a run)
- (D) ""johgnny got his gun"" — just a misspelling of Johnny

The best humorous edit is (C), because ""got his run"" changes the meaning in a silly way, similar to the pattern in the examples.

Final answer: (C)",(A),(C),False,option_letter,,cot_fs,ruin_names,1
197,"Which of the following is a humorous edit of this artist or movie name: 'state champs'?
Options:
(A) state champ
(B) statek champs
(C) state cqhamps
(D) state chumps",(D),"Looking at the examples, the humorous edits tend to replace one word with a similar-sounding but different word that creates a funny or absurd meaning.

- ""fall out boy"" → ""fall out bot"" (boy → bot)
- ""the beatles"" → ""the beagles"" (beatles → beagles)
- ""the rolling stones"" → ""the rolling scones"" (stones → scones)

For ""state champs"", the humorous edit would likely replace ""champs"" with a similar-sounding word that changes the meaning in a funny way.

Option (D) ""state chumps"" changes ""champs"" (champions) to ""chumps"" (fools or losers), which is a humorous reversal of meaning.

Final answer: (D)",(D),(D),True,option_letter,,cot_fs,ruin_names,1
198,"Which of the following is a humorous edit of this artist or movie name: 'star wars'?
Options:
(A) stap wars
(B) staz wars
(C) scar wars
(D) svar wars",(C),"Looking at the examples, the humorous edits tend to replace a word with a similar-sounding but different word that creates a funny or absurd meaning:

- ""fall out boy"" → ""fall out bot"" (boy → bot)
- ""the beatles"" → ""the beagles"" (beatles → beagles, a dog breed)
- ""the rolling stones"" → ""the rolling scones"" (stones → scones, a food item)

For ""star wars"":
- (A) ""stap wars"" - changes ""star"" to ""stap"" (not a real word, not particularly funny)
- (B) ""staz wars"" - changes ""star"" to ""staz"" (not a real word, not particularly funny)
- (C) ""scar wars"" - changes ""star"" to ""scar"" (creates a humorous image of battles over scars)
- (D) ""svar wars"" - changes ""star"" to ""svar"" (not a real word, not particularly funny)

""Scar wars"" follows the pattern of creating a humorous alternative meaning by replacing one word with a similar-sounding real word that changes the context in a funny way.

Final answer: (C)",(A),(C),False,option_letter,,cot_fs,ruin_names,1
199,"Which of the following is a humorous edit of this artist or movie name: 'citizen kane'?
Options:
(A) citizen kale
(B) citizey kane
(C) citsizen kane
(D) citizen kahne",(A),"Looking at the examples, the humorous edits tend to replace a word with a similar-sounding but different word that creates a playful or absurd meaning.  

For ""citizen kane"":  
- (A) ""citizen kale"" changes ""kane"" to ""kale"" (a leafy green vegetable), which is a pun.  
- The other options just misspell the original words without creating a humorous twist.  

This matches the pattern from earlier examples like ""the beagles"" (Beatles → beagles) and ""the rolling scones"" (stones → scones).  

Final answer: (A)",(A),(A),True,option_letter,,cot_fs,ruin_names,1
200,"Which of the following is a humorous edit of this artist or movie name: 'a bridge too far'?
Options:
(A) a bridge toe far
(B) a bridge top far
(C) a bridge too fat
(D) a bfridge too far",(C),"Looking at the options, the humorous edits typically involve a small change that creates a new, funny meaning while keeping the original recognizable.  

- (A) ""a bridge toe far"" — changes ""too"" to ""toe,"" which could imply a literal toe, but doesn’t create a strong humorous twist.  
- (B) ""a bridge top far"" — ""top far"" doesn’t make much sense and isn’t particularly funny.  
- (C) ""a bridge too fat"" — changes ""far"" to ""fat,"" implying the bridge is overweight, which is a clear pun and humorous.  
- (D) ""a bfridge too far"" — changes ""bridge"" to ""bfridge,"" which is just a typo-like change without a clear joke.  

The best humorous edit is (C), because it changes the meaning in a silly way while preserving the original’s structure.  

Final answer: (C)",(C),(C),True,option_letter,,cot_fs,ruin_names,1
201,"Which of the following is a humorous edit of this artist or movie name: 'die another day'?
Options:
(A) vie another day
(B) die another iday
(C) dive another day
(D) pie another day",(D),"Looking at the options, the humorous edits in the examples typically involve a small change that creates a pun or a funny twist on the original name.  

- ""die another day"" is a serious action/spy movie title.  
- (A) ""vie another day"" — ""vie"" means compete, not obviously funny.  
- (B) ""die another iday"" — adds ""i"" like Apple product, but not a clear pun.  
- (C) ""dive another day"" — changes ""die"" to ""dive,"" which is a different verb but not strongly humorous.  
- (D) ""pie another day"" — changes ""die"" to ""pie,"" creating a pun on ""pie"" (dessert) and the phrase ""live another day,"" making it absurd and funny.  

This matches the pattern in the examples where a word is replaced with a similar-sounding but silly alternative (e.g., ""stones"" → ""scones"").  

Final answer: (D)",(D),(D),True,option_letter,,cot_fs,ruin_names,1
202,"Which of the following is a humorous edit of this artist or movie name: '12 angry men'?
Options:
(A) 2 angry men
(B) 12 angry mhen
(C) 12oangry men
(D) 12 hangry men",(D),"Looking at the options, the humorous edits in the examples typically involve a small change that creates a pun or a funny twist on the original name.  

- (A) ""2 angry men"" changes the number, but that’s not really a pun, just a quantity change.  
- (B) ""12 angry mhen"" changes spelling but doesn’t create a clear joke.  
- (C) ""12oangry men"" seems like a typo, not a deliberate pun.  
- (D) ""12 hangry men"" replaces ""angry"" with ""hangry"" (hungry + angry), which is a modern slang pun and fits the humorous style seen in the examples.  

Final answer: (D)",(D),(D),True,option_letter,,cot_fs,ruin_names,1
203,"Which of the following is a humorous edit of this artist or movie name: 'the police'?
Options:
(A) the polixce
(B) the poplice
(C) the polece
(D) the polite",(D),"Looking at the examples, the humorous edits tend to replace a word with a similar-sounding but different word that creates a funny or absurd meaning.

- ""fall out boy"" → ""fall out bot"" (boy → bot, a robot)
- ""the beatles"" → ""the beagles"" (beatles → beagles, a dog breed)
- ""the rolling stones"" → ""the rolling scones"" (stones → scones, a food item)

For ""the police"":
- (A) ""polixce"" – just a misspelling, not a meaningful substitution
- (B) ""poplice"" – slight spelling change, not particularly humorous
- (C) ""polece"" – another misspelling
- (D) ""the polite"" – changes ""police"" to ""polite,"" creating a humorous contrast (authority figures → well-mannered people)

The pattern suggests replacing with a real word that creates a funny new meaning, so ""the polite"" fits best.

Final answer: (D)",(A),(D),False,option_letter,,cot_fs,ruin_names,1
204,"Which of the following is a humorous edit of this artist or movie name: 'killing joke'?
Options:
(A) killing toke
(B) killing jokes
(C) killing coke
(D) villing joke",(A),"Looking at the examples, the humorous edits tend to replace one word with a similar-sounding but different word that creates a funny or absurd meaning.

""Killing joke"" → replacing ""joke"" with ""coke"" changes it to ""killing coke,"" which could humorously refer to cocaine.  
The other options:  
- (A) ""killing toke"" — less clear humorous connection  
- (B) ""killing jokes"" — just plural, not really a pun  
- (D) ""villing joke"" — just a letter change without clear humor  

The best humorous edit is ""killing coke"" because it changes the meaning in a funny, unexpected way.

Final answer: (C)",(A),(A),True,option_letter,,cot_fs,ruin_names,1
205,"Which of the following is a humorous edit of this artist or movie name: 'the smashing pumpkins'?
Options:
(A) the smashing bumpkins
(B) thez smashing pumpkins
(C) the smashingq pumpkins
(D) the rmashing pumpkins",(A),"Looking at the options, the humorous edits in the examples typically involve a single letter substitution that creates a real but different word with a funny or absurd meaning.  

- (A) changes ""pumpkins"" to ""bumpkins"" — ""bumpkins"" is a real word meaning unsophisticated people, which humorously contrasts with ""smashing.""  
- The other options only change spelling without creating a meaningful pun.  

This matches the pattern from the examples, where ""beatles"" → ""beagles"" and ""rolling stones"" → ""rolling scones"" create new, funny meanings.  

Final answer: (A)",(A),(A),True,option_letter,,cot_fs,ruin_names,1
206,"Which of the following is a humorous edit of this artist or movie name: 'big country'?
Options:
(A) mbig country
(B) big countrys
(C) pig country
(D) bag country",(C),"Looking at the examples, the humorous edits tend to replace a word with a similar-sounding but different word that creates a funny or absurd meaning.

- ""fall out boy"" → ""fall out bot"" (boy → bot, a robot twist)
- ""the beatles"" → ""the beagles"" (beatles → beagles, a dog breed)
- ""the rolling stones"" → ""the rolling scones"" (stones → scones, a baked good)

For ""big country"":
- (A) ""mbig country"" — just adds a letter, not really humorous.
- (B) ""big countrys"" — just a plural, not funny.
- (C) ""pig country"" — changes ""big"" to ""pig"", which is a real animal and creates a silly image.
- (D) ""bag country"" — changes ""big"" to ""bag"", less inherently funny than ""pig"".

""Pig country"" is the most similar to the pattern in the examples — a single word replaced with something phonetically close but absurd in context.

Final answer: (C)",(A),(C),False,option_letter,,cot_fs,ruin_names,1
207,"Which of the following is a humorous edit of this artist or movie name: 'the lady vanishes'?
Options:
(A) the lady varnishes
(B) the lady ranishes
(C) the lady vanishxes
(D) the lady vanzishes",(A),"The humorous edits in the examples typically involve replacing a word with a similar-sounding but different word that creates a playful or absurd meaning.  

Here, ""the lady vanishes"" could be humorously altered by changing ""vanishes"" to a word that sounds similar but has a different meaning.  

- (A) ""the lady varnishes"" — ""vanishes"" → ""varnishes"" (as in applying varnish) is a real word with a different meaning, creating a pun.  
- The others are misspellings or distortions without the same kind of wordplay.  

This matches the pattern from the examples, where ""fall out boy"" → ""fall out bot"" and ""the rolling stones"" → ""the rolling scones"" change one word to a similar-sounding, different word.  

Final answer: (A)",(A),(A),True,option_letter,,cot_fs,ruin_names,1
208,"Which of the following is a humorous edit of this artist or movie name: 'sex pistols'?
Options:
(A) sex fistols
(B) sex pisthls
(C) skx pistols
(D) sex piwtols",(A),"Looking at the examples, the humorous edits tend to replace a word with a similar-sounding but different word that creates a funny or absurd meaning.

- ""fall out boy"" → ""fall out bot"" (boy → bot)  
- ""the beatles"" → ""the beagles"" (beatles → beagles)  
- ""the rolling stones"" → ""the rolling scones"" (stones → scones)  

For ""sex pistols"":  
- (A) ""sex fistols"" changes ""pistols"" to ""fistols"" — not a real word, but sounds like ""fist"" + ""pistols,"" which is mildly humorous but not a clear pun.  
- (B) ""sex pisthls"" — just a misspelling, not a pun.  
- (C) ""skx pistols"" — changes ""sex"" to ""skx,"" which is nonsensical.  
- (D) ""sex piwtols"" — misspelling, not a pun.  

The best match for the pattern is (A) because it changes ""pistols"" to ""fistols,"" which sounds like ""fist"" and could be interpreted humorously as replacing guns with fists.  

Final answer: (A)",(A),(A),True,option_letter,,cot_fs,ruin_names,1
209,"Which of the following is a humorous edit of this artist or movie name: 'hank williams'?
Options:
(A) hank willianms
(B) hank williyams
(C) dank williams
(D) hanqk williams",(C),"Looking at the examples, the humorous edits tend to replace a word with a similar-sounding but different word that creates a funny or absurd meaning — like ""beatles"" → ""beagles"" or ""stones"" → ""scones"".  

Here, ""hank williams"" could be humorously altered by changing ""hank"" to ""dank"", since ""dank"" is slang and creates a funny contrast with the classic country singer's name. The other options are just misspellings without a clear humorous twist.  

Final answer: (C)",(C),(C),True,option_letter,,cot_fs,ruin_names,1
210,"Which of the following is a humorous edit of this artist or movie name: 'the battle of britain'?
Options:
(A) the battles of britain
(B) the cattle of britain
(C) the battle ofkbritain
(D) thke battle of britain",(B),"Looking at the examples, the humorous edits tend to replace a word with a similar-sounding but different word that creates a funny or absurd meaning.

- ""fall out boy"" → ""fall out bot"" (boy → bot)  
- ""the beatles"" → ""the beagles"" (beatles → beagles)  
- ""the rolling stones"" → ""the rolling scones"" (stones → scones)  

For ""the battle of britain"", the humorous edit should similarly replace one word with a similar-sounding but different word that changes the meaning in a funny way.  

- (A) ""the battles of britain"" — just pluralizes ""battle"", not particularly humorous.  
- (B) ""the cattle of britain"" — replaces ""battle"" with ""cattle"", which is similar in sound but absurd in meaning (cows of Britain). This fits the pattern.  
- (C) ""the battle ofkbritain"" — looks like a typo, not a pun.  
- (D) ""thke battle of britain"" — also a typo, not a pun.  

Final answer: (B)",(A),(B),False,option_letter,,cot_fs,ruin_names,1
211,"Which of the following is a humorous edit of this artist or movie name: 'the third man'?
Options:
(A) the third mans
(B) the third men
(C) the jhird man
(D) the third nan",(D),"Looking at the examples, the humorous edits tend to replace a word with a similar-sounding but different word that creates a funny or absurd meaning.

- ""fall out boy"" → ""fall out bot"" (boy → bot, a robot twist)  
- ""the beatles"" → ""the beagles"" (beatles → beagles, a dog breed)  
- ""the rolling stones"" → ""the rolling scones"" (stones → scones, a baked good)  

For ""the third man"":  
- (A) ""the third mans"" — just adds an 's', not particularly funny.  
- (B) ""the third men"" — changes singular to plural, not especially humorous.  
- (C) ""the jhird man"" — changes 't' to 'jh', which is just a typo-like change, not clever.  
- (D) ""the third nan"" — changes ""man"" to ""nan"" (meaning grandmother), which is a funny twist similar to the examples.  

Final answer: (D)",(A),(D),False,option_letter,,cot_fs,ruin_names,1
212,"Which of the following is a humorous edit of this artist or movie name: 'no time to die'?
Options:
(A) no time to diet
(B) noetime to die
(C) no timu to die
(D) no time to diz",(A),"Looking at the options, the humorous edits typically involve a small change that creates a pun or a funny twist on the original name.  
""No time to die"" is a movie title.  
Option (A) changes ""die"" to ""diet,"" which creates a pun related to dieting — a humorous twist on the original meaning.  
The other options just change spelling without creating a clear pun or joke.  

Final answer: (A)",(A),(A),True,option_letter,,cot_fs,ruin_names,1
213,"Which of the following is a humorous edit of this artist or movie name: 'dolly dots'?
Options:
(A) dolly kots
(B) dolly dot
(C) dolly dotcs
(D) dolly dott",(A),"Looking at the examples, the humorous edits tend to replace one word with a similar-sounding but different word that creates a funny or absurd meaning.

- ""fall out boy"" → ""fall out bot"" (boy → bot)
- ""the beatles"" → ""the beagles"" (beatles → beagles)
- ""the rolling stones"" → ""the rolling scones"" (stones → scones)

For ""dolly dots"":
- (A) ""dolly kots"" changes ""dots"" to ""kots"" — not a common word, unclear humor.
- (B) ""dolly dot"" — just singular, not really humorous.
- (C) ""dolly dotcs"" — adds letters, not a meaningful pun.
- (D) ""dolly dott"" — changes spelling slightly, but not a clear pun.

None of these match the pattern perfectly, but the closest in spirit to the examples is (A) ""dolly kots"" if ""kots"" is interpreted as ""cots"" (baby beds) or maybe ""dots"" → ""kots"" sounds like ""cots"" — a mild pun on baby-related items (dolls → cots). Still, it's weak compared to the examples.

Given the examples, the humorous edits were clear puns: boy→bot, beatles→beagles, stones→scones. Here, none are strong, but (A) is the only one attempting a word substitution.

Final answer: (A)",(A),(A),True,option_letter,,cot_fs,ruin_names,1
214,"Which of the following is a humorous edit of this artist or movie name: 'the princess and the frog'?
Options:
(A) the princess aud the frog
(B) the princess and the frig
(C) tee princess and the frog
(D) the princess and tge frog",(B),"Looking at the examples, the humorous edits tend to replace a word with a similar-sounding but different word that creates a funny or absurd meaning.

- ""fall out boy"" → ""fall out bot"" (boy → bot)
- ""the beatles"" → ""the beagles"" (beatles → beagles)
- ""the rolling stones"" → ""the rolling scones"" (stones → scones)

For ""the princess and the frog"":
- (A) changes ""and"" to ""aud"" — minor typo, not particularly funny.
- (B) changes ""frog"" to ""frig"" — sounds like ""fridge,"" creating a silly image.
- (C) changes ""the"" to ""tee"" — minor typo, not especially humorous.
- (D) changes ""the"" to ""tge"" — just a typo, not funny.

The best humorous edit is (B) ""the princess and the frig"" because it replaces ""frog"" with a word that sounds like ""fridge,"" creating an absurd image.

Final answer: (B)",(A),(B),False,option_letter,,cot_fs,ruin_names,1
215,"Which of the following is a humorous edit of this artist or movie name: 'reservoir dogs'?
Options:
(A) reservoir dofgs
(B) resxervoir dogs
(C) reservoir fogs
(D) reservzoir dogs",(C),"Looking at the examples, the humorous edits tend to replace a word with a similar-sounding but different word that creates a funny or absurd image.  

- ""fall out boy"" → ""fall out bot"" (boy → bot)  
- ""the beatles"" → ""the beagles"" (beatles → beagles, a dog breed)  
- ""the rolling stones"" → ""the rolling scones"" (stones → scones, a food)  

For ""reservoir dogs"":  
- (A) ""reservoir dofgs"" — just scrambled letters, not a meaningful pun.  
- (B) ""resxervoir dogs"" — misspelling, not a pun.  
- (C) ""reservoir fogs"" — dogs → fogs, a different word that fits the ""reservoir"" context humorously.  
- (D) ""reservzoir dogs"" — misspelling, not a pun.  

The best humorous edit is (C), because ""fogs"" replaces ""dogs"" with a related but absurd word.  

Final answer: (C)",(A),(C),False,option_letter,,cot_fs,ruin_names,1
216,"Which of the following is a humorous edit of this artist or movie name: 'blue'?
Options:
(A) blfue
(B) glue
(C) lue
(D) bvlue",(B),"The task is to identify a humorous edit of the name ""blue."" Humorous edits in these examples typically involve a small change that creates a real, common word with a different meaning, often resulting in a pun or playful twist.  

- (A) ""blfue"" — just a scrambled spelling, not a real word.  
- (B) ""glue"" — a real word, and changing ""blue"" to ""glue"" is a simple letter substitution that creates a humorous connection.  
- (C) ""lue"" — not a common word, just a truncation.  
- (D) ""bvlue"" — an odd spelling, not a real word.  

The best humorous edit is ""glue"" because it’s a common word and the change from ""blue"" to ""glue"" is minimal but meaningful.  

Final answer: (B)",(B),(B),True,option_letter,,cot_fs,ruin_names,1
217,"Which of the following is a humorous edit of this artist or movie name: 'singin' in the rain'?
Options:
(A) silgin' in the rain
(B) singint in the rain
(C) singin' in the ruin
(D) sizngin' in the rain",(C),"Looking at the options, the humorous edits typically involve a small change that creates a new, funny meaning while keeping the original recognizable.  

""Singin' in the rain"" → changing ""rain"" to ""ruin"" creates a humorous twist because ""singin' in the ruin"" suggests a comically different scenario (singing in a destroyed place rather than in rainfall).  

The other options just change spelling without creating a funny alternative meaning.  

Final answer: (C)",(C),(C),True,option_letter,,cot_fs,ruin_names,1
218,"Which of the following is a humorous edit of this artist or movie name: 'night of the demons'?
Options:
(A) nights of the demons
(B) night of the demon
(C) nighkt of the demons
(D) night of the lemons",(D),"Looking at the examples, the humorous edits tend to replace a word with a similar-sounding but different word that creates a funny or absurd meaning.  

- ""fall out boy"" → ""fall out bot"" (boy → bot)  
- ""the beatles"" → ""the beagles"" (beatles → beagles)  
- ""the rolling stones"" → ""the rolling scones"" (stones → scones)  

For ""night of the demons"":  
- (A) changes ""night"" to ""nights"" — not a funny substitution, just plural change.  
- (B) changes ""demons"" to ""demon"" — just singular form, not humorous.  
- (C) ""nighkt"" — a typo-like change, not a pun.  
- (D) ""night of the lemons"" — ""demons"" → ""lemons"" is a funny substitution, similar to the examples.  

Final answer: (D)",(A),(D),False,option_letter,,cot_fs,ruin_names,1
219,"Which of the following is a humorous edit of this artist or movie name: 'a tribe called quest'?
Options:
(A) a tribe valled quests
(B) a tribe callew quest
(C) a tribe called queso
(D) a tribe callel quest",(C),"Looking at the examples, the humorous edits tend to replace one word with a similar-sounding but different word that creates a funny or absurd meaning.

- ""fall out boy"" → ""fall out bot"" (boy → bot)
- ""the beatles"" → ""the beagles"" (beatles → beagles)
- ""the rolling stones"" → ""the rolling scones"" (stones → scones)

For ""a tribe called quest"":
- (A) changes ""called"" to ""valled"" and ""quest"" to ""quests"" — minor spelling changes, not a meaningful pun.
- (B) changes ""called"" to ""callew"" — just a misspelling.
- (C) changes ""quest"" to ""queso"" — ""queso"" means cheese in Spanish, creating a funny new meaning.
- (D) changes ""called"" to ""callel"" — just a misspelling.

The humorous one is (C) because it replaces ""quest"" with ""queso"" for a playful, unexpected twist.

Final answer: (C)",(A),(C),False,option_letter,,cot_fs,ruin_names,1
220,"Which of the following is a humorous edit of this artist or movie name: 'mank'?
Options:
(A) man
(B) monk
(C) manks
(D) hank",(B),"The task is to find a humorous edit of ""mank."" Humorous edits in these examples often involve a small change that creates a real, different word with a funny or absurd twist—like ""fall out bot"" (robot instead of boy), ""the beagles"" (dogs instead of musicians), or ""the rolling scones"" (food instead of stones).  

Looking at the options:  
- (A) man — just shortens it, not particularly funny.  
- (B) monk — changes one letter to a different word, humorous because it shifts meaning to a religious figure.  
- (C) manks — adds a letter, but not a clear humorous twist.  
- (D) hank — changes the first letter to another name, mildly amusing but less of a pun-like twist compared to monk.  

The best humorous edit seems to be ""monk"" — a single letter change that results in a completely different, somewhat absurd meaning relative to the original.  

Final answer: (B)",(B),(B),True,option_letter,,cot_fs,ruin_names,1
221,"Which of the following is a humorous edit of this artist or movie name: 'black sabbath'?
Options:
(A) blaik sabbath
(B) black seabbath
(C) black sabzbath
(D) slack sabbath",(D),"Looking at the examples, the humorous edits tend to replace a word with a similar-sounding but different word that creates a funny or absurd meaning — not just a typo or misspelling.

- ""fall out boy"" → ""fall out bot"" (boy → bot)  
- ""the beatles"" → ""the beagles"" (beatles → beagles)  
- ""the rolling stones"" → ""the rolling scones"" (stones → scones)  

For ""black sabbath"":  
- (A) ""blaik sabbath"" — just a misspelling of ""black""  
- (B) ""black seabbath"" — misspelling of ""sabbath""  
- (C) ""black sabzbath"" — misspelling of ""sabbath""  
- (D) ""slack sabbath"" — changes ""black"" to ""slack"", which is a real word with a different meaning, creating a humorous twist  

The pattern suggests (D) fits best because it replaces ""black"" with ""slack"" for a funny new phrase.  

Final answer: (D)",(A),(D),False,option_letter,,cot_fs,ruin_names,1
222,"Which of the following is a humorous edit of this artist or movie name: 'die hard'?
Options:
(A) dib hard
(B) die haard
(C) die hare
(D) die sard",(C),"Looking at the options for ""die hard"":

- (A) ""dib hard"" — changes ""die"" to ""dib,"" which doesn’t create a clear pun or humorous twist.  
- (B) ""die haard"" — changes ""hard"" to ""haard,"" which is a minor spelling change but not obviously funny.  
- (C) ""die hare"" — changes ""hard"" to ""hare,"" creating a pun: ""die hard"" → ""die hare"" (sounds like ""die hair"" or possibly ""die hare"" as in a rabbit, which is absurd).  
- (D) ""die sard"" — changes ""hard"" to ""sard,"" which doesn’t make a clear joke.

The humorous edit usually involves a pun or a real word substitution that changes the meaning in a funny way. ""Die hare"" fits that pattern best.  

Final answer: (C)",(D),(C),False,option_letter,,cot_fs,ruin_names,1
223,"Which of the following is a humorous edit of this artist or movie name: 'star wars'?
Options:
(A) stars wars
(B) stat wars
(C) star wwars
(D) star warg",(B),"Looking at the examples, the humorous edits tend to replace a word with a similar-sounding but different word that creates a playful or absurd meaning.

- ""fall out boy"" → ""fall out bot"" (boy → bot, a robot twist)
- ""the beatles"" → ""the beagles"" (beatles → beagles, a dog breed)
- ""the rolling stones"" → ""the rolling scones"" (stones → scones, a baked good)

For ""star wars"":
- (A) ""stars wars"" — just pluralizes ""star,"" not a meaningful pun.
- (B) ""stat wars"" — changes ""star"" to ""stat"" (like statistics), not strongly humorous.
- (C) ""star wwars"" — just doubles a letter, not a real pun.
- (D) ""star warg"" — changes ""wars"" to ""warg"" (a mythical wolf from Tolkien), which is a playful and absurd substitution, similar to the examples.

Final answer: (D)",(A),(B),False,option_letter,,cot_fs,ruin_names,1
224,"Which of the following is a humorous edit of this artist or movie name: 'midnight cowboy'?
Options:
(A) midnigmht cowboy
(B) midnight cow boy
(C) midnights cowboy
(D) midnight cowbory",(B),"Looking at the examples, the humorous edits tend to replace one word with a similar-sounding but different word that creates a funny or absurd meaning.

""Midnight cowboy"" → replacing ""cowboy"" with something similar but silly.

Option (D) ""midnight cowbory"" changes ""cowboy"" to ""cowbory,"" which isn’t a real word and doesn’t create a clear humorous twist.  
Option (A) ""midnigmht cowboy"" just scrambles spelling without changing meaning.  
Option (B) ""midnight cow boy"" is just a space insertion, not particularly funny.  
Option (C) ""midnights cowboy"" changes ""midnight"" to ""midnights,"" which is a minor plural change but not strongly humorous.  

Actually, reviewing the pattern from earlier examples:  
- ""fall out boy"" → ""fall out bot"" (boy → bot)  
- ""the beatles"" → ""the beagles"" (beatles → beagles)  
- ""the rolling stones"" → ""the rolling scones"" (stones → scones)  

So the humorous edit usually changes one word into another real but different word for comic effect.  

Here, ""midnight cowboy"" → ""midnight cowbory"" isn’t a real word, so it doesn’t fit the pattern well. None of these perfectly match the earlier examples, but ""midnight cowbory"" is the only one attempting a pun-like alteration (though ""cowbory"" isn’t a real word, unlike ""scones"" or ""beagles"").  

Given the options, (D) is the closest in spirit to the examples because it alters ""cowboy"" to a nonsense word that sounds similar, which could be seen as humorous in a ""ruin names"" context.  

Final answer: (D)",(D),(B),False,option_letter,,cot_fs,ruin_names,1
225,"Which of the following is a humorous edit of this artist or movie name: 'gone with the wind'?
Options:
(A) gone with the winm
(B) gong with the wind
(C) goke with the wind
(D) gone with the wynd",(B),"Looking at the examples, the humorous edits tend to replace a word with a similar-sounding but different word that creates a funny or absurd meaning.

- ""fall out boy"" → ""fall out bot"" (boy → bot, a robot twist)
- ""the beatles"" → ""the beagles"" (beatles → beagles, a dog breed)
- ""the rolling stones"" → ""the rolling scones"" (stones → scones, a baked good)

For ""gone with the wind"", the humorous edit should replace one of the words with something phonetically similar but different in meaning.

- (A) ""gone with the winm"" — just a typo, not a meaningful pun.
- (B) ""gong with the wind"" — ""gone"" → ""gong"" (a large bell), creates a funny image.
- (C) ""goke with the wind"" — ""gone"" → ""goke"" (nonsense word, not funny).
- (D) ""gone with the wynd"" — just an archaic spelling, not humorous.

(B) follows the pattern of replacing a word with a similar-sounding but unrelated object for comedic effect.

Final answer: (B)",(A),(B),False,option_letter,,cot_fs,ruin_names,1
226,"Which of the following is a humorous edit of this artist or movie name: 'brokeback mountain'?
Options:
(A) brhokeback mountain
(B) broseback mountain
(C) brokeback mounttin
(D) brokeback fountain",(D),"Looking at the examples, the humorous edits tend to replace a word with a similar-sounding but different word that creates a funny or absurd meaning.

- ""fall out boy"" → ""fall out bot"" (boy → bot)  
- ""the beatles"" → ""the beagles"" (beatles → beagles)  
- ""the rolling stones"" → ""the rolling scones"" (stones → scones)  

For ""brokeback mountain"", the humorous edit would likely replace ""mountain"" with something similar in sound but different and funny in context.  
""Brokeback fountain"" changes ""mountain"" to ""fountain"", which fits the pattern of a real-word substitution with humorous effect.

Final answer: (D)",(D),(D),True,option_letter,,cot_fs,ruin_names,1
227,"Which of the following is a humorous edit of this artist or movie name: 'the man with the golden gun'?
Options:
(A) the man with the golden bun
(B) the men with the golden gun
(C) the man withethe golden gun
(D) the dan with the golden gun",(A),"Looking at the examples, the humorous edits tend to replace a word with a similar-sounding but different word that creates a funny or absurd image.  

- ""fall out boy"" → ""fall out bot"" (boy → bot)  
- ""the beatles"" → ""the beagles"" (beatles → beagles)  
- ""the rolling stones"" → ""the rolling scones"" (stones → scones)  

Here, ""the man with the golden gun"" could be humorously changed by replacing ""gun"" with something silly like ""bun"" (a baked good).  
Option (A) ""the man with the golden bun"" fits that pattern.  

Other options:  
(B) changes ""man"" to ""men"" — not a pun, just plural.  
(C) is a typo-like edit (""withethe"") — not a pun.  
(D) changes ""the"" to ""dan"" — not particularly humorous in the same way.  

Final answer: (A)",(A),(A),True,option_letter,,cot_fs,ruin_names,1
228,"Which of the following is a humorous edit of this artist or movie name: 'dream theater'?
Options:
(A) tdream theater
(B) dreaml theater
(C) cream theater
(D) dream theatpr",(C),"Looking at the examples, the humorous edits tend to replace a word with a similar-sounding but different word that creates a funny or absurd meaning.

- ""fall out boy"" → ""fall out bot"" (boy → bot)  
- ""the beatles"" → ""the beagles"" (beatles → beagles)  
- ""the rolling stones"" → ""the rolling scones"" (stones → scones)  

For ""dream theater"":  
- (A) ""tdream theater"" — adds a letter, not a meaningful pun.  
- (B) ""dreaml theater"" — adds a letter, not a meaningful pun.  
- (C) ""cream theater"" — changes ""dream"" to ""cream"", which is a real word and creates a funny image.  
- (D) ""dream theatpr"" — just a typo, not humorous.  

The best humorous edit is (C), similar to the pattern in the examples.  

Final answer: (C)",(A),(C),False,option_letter,,cot_fs,ruin_names,1
229,"Which of the following is a humorous edit of this artist or movie name: 'herbie hancock'?
Options:
(A) ferbie hancock
(B) hecrbie hancock
(C) herbqe hancock
(D) hejrbie hancock",(A),"Looking at the examples, the humorous edits tend to replace part of the name with a similar-sounding but different word that creates a funny or absurd meaning.

""Herbie Hancock"" → ""Herbie"" could be altered to something like ""Ferbie"" (sounds like ""Furby,"" the toy), which is a playful and recognizable twist.  
The other options just change spelling in ways that don’t create a clear humorous alternative meaning.

Final answer: (A)",(A),(A),True,option_letter,,cot_fs,ruin_names,1
230,"Which of the following is a humorous edit of this artist or movie name: 'blade runner'?
Options:
(A) brlade runner
(B) blate runner
(C) jblade runner
(D) blade rknner",(B),"Looking at the examples, the humorous edits tend to replace a word with a similar-sounding but different word that creates a funny or absurd meaning.

- ""fall out boy"" → ""fall out bot"" (boy → bot)  
- ""the beatles"" → ""the beagles"" (beatles → beagles)  
- ""the rolling stones"" → ""the rolling scones"" (stones → scones)  

For ""blade runner"":  
- (A) ""brlade runner"" — scrambled letters, not a meaningful pun.  
- (B) ""blate runner"" — ""blate"" isn’t a common word, doesn’t create clear humor.  
- (C) ""jblade runner"" — adds a letter, not a pun.  
- (D) ""blade rknner"" — scrambled letters, not a pun.  

None of these follow the pattern exactly, but (B) ""blate runner"" could be interpreted as ""blade"" → ""blate"" (maybe suggesting ""late runner""), which is the closest to a meaningful change, though weak.  

Given the examples, the best match for the humorous edit pattern is (B).  

Final answer: (B)",(A),(B),False,option_letter,,cot_fs,ruin_names,1
231,"Which of the following is a humorous edit of this artist or movie name: 'frank kappa'?
Options:
(A) frank fkappa
(B) franks kappa
(C) frank kappa
(D) frank kapoa",(C),"Looking at the examples, the humorous edits tend to replace a word with a similar-sounding but different word that creates a playful or absurd twist.

""Frank kappa"" sounds similar to ""Frank Zappa,"" a famous musician.  
The humorous edits in the examples change part of the name to something phonetically similar but different in meaning:  
- fall out boy → fall out bot  
- the beatles → the beagles  
- the rolling stones → the rolling scones  

Here, ""kappa"" could be changed to ""kapoa,"" which sounds similar but is not a real word, creating a nonsensical and humorous twist.  

Final answer: (D)",(D),(C),False,option_letter,,cot_fs,ruin_names,1
232,"Which of the following is a humorous edit of this artist or movie name: 'panic! at the disco'?
Options:
(A) panic! at the cisco
(B) panic! at the discos
(C) panic! at thexdisco
(D) panic! art the disco",(A),"Looking at the options, the humorous edits typically involve a small change that creates a pun or a funny twist on the original name.  

- (A) ""panic! at the cisco"" changes ""disco"" to ""cisco,"" which could refer to the tech company Cisco — a humorous mismatch.  
- (B) ""panic! at the discos"" just pluralizes ""disco,"" which isn’t particularly funny.  
- (C) ""panic! at thexdisco"" is a misspelling without clear humor.  
- (D) ""panic! art the disco"" changes ""at"" to ""art,"" which doesn’t create a strong pun.  

The best humorous edit is (A), because replacing ""disco"" with ""cisco"" creates an unexpected and amusing tech-related twist.  

Final answer: (A)",(A),(A),True,option_letter,,cot_fs,ruin_names,1
233,"Which of the following is a humorous edit of this artist or movie name: 'i spit on your grave'?
Options:
(A) i spit on your erave
(B) i spit on your brave
(C) i skit on your grave
(D) i spit on your gravy",(D),"Looking at the original title ""i spit on your grave,"" the humor in the edits from the examples often comes from changing a word to something phonetically similar but different in meaning, creating a pun or absurd twist.  

- (A) ""i spit on your erave"" — changes ""grave"" to ""erave,"" which is not a real word and not particularly funny.  
- (B) ""i spit on your brave"" — changes ""grave"" to ""brave,"" which slightly alters meaning but isn’t strongly humorous.  
- (C) ""i skit on your grave"" — changes ""spit"" to ""skit,"" which is a mild pun but not as strong as other possibilities.  
- (D) ""i spit on your gravy"" — changes ""grave"" to ""gravy,"" which is a real word and creates a ridiculous image (spitting on food instead of a burial site), matching the absurd humor seen in the examples like ""the rolling scones"" or ""the beagles.""  

The best humorous edit is (D).  

Final answer: (D)",(A),(D),False,option_letter,,cot_fs,ruin_names,1
234,"Which of the following is a humorous edit of this artist or movie name: 'belle and sebastian'?
Options:
(A) belle and sebasrtian
(B) belly and sebastian
(C) belle and sebajtian
(D) ibelle and sebastian",(B),"Looking at the examples, the humorous edits tend to replace a word with a similar-sounding but different word that creates a funny or absurd image — like ""beatles"" → ""beagles"" or ""stones"" → ""scones"".

For ""belle and sebastian"":  
- (A) ""sebasrtian"" is just a typo, not humorous.  
- (B) ""belly and sebastian"" changes ""belle"" (beautiful woman) to ""belly"" (stomach), which is silly.  
- (C) ""sebajtian"" is a typo, not funny.  
- (D) ""ibelle"" is a minor misspelling, not humorous.

The best humorous edit is (B), because ""belly"" is a real but comically different word from ""belle"".

Final answer: (B)",(A),(B),False,option_letter,,cot_fs,ruin_names,1
235,"Which of the following is a humorous edit of this artist or movie name: 'brief encounter'?
Options:
(A) grief encounter
(B) brief encounzter
(C) brief eencounter
(D) brief qncounter",(A),"Looking at the examples, the humorous edits tend to replace a word with a similar-sounding but different word that creates a funny or absurd meaning.  

- ""fall out boy"" → ""fall out bot"" (boy → bot)  
- ""the beatles"" → ""the beagles"" (beatles → beagles)  
- ""the rolling stones"" → ""the rolling scones"" (stones → scones)  

For ""brief encounter"":  
- (A) ""grief encounter"" changes ""brief"" to ""grief"" — similar sound, different meaning, and creates a funny twist.  
- The others are just misspellings without a clear humorous twist.  

So the best humorous edit is (A).  

Final answer: (A)",(A),(A),True,option_letter,,cot_fs,ruin_names,1
236,"Which of the following is a humorous edit of this artist or movie name: 'the shawshank redemption'?
Options:
(A) the shapwshank redemption
(B) the shcawshank redemption
(C) the shawshanknredemption
(D) the shawshark redemption",(D),"Looking at the examples, the humorous edits tend to replace a word with a similar-sounding but different word that creates a funny or absurd meaning.

- ""fall out boy"" → ""fall out bot"" (boy → bot)
- ""the beatles"" → ""the beagles"" (beatles → beagles)
- ""the rolling stones"" → ""the rolling scones"" (stones → scones)

For ""the shawshank redemption"":
- (A) and (B) are minor spelling changes that don’t change meaning.
- (C) is a spacing/typo error.
- (D) changes ""shank"" to ""shark,"" creating ""shawshark,"" which is absurd and humorous.

Final answer: (D)",(A),(D),False,option_letter,,cot_fs,ruin_names,1
237,"Which of the following is a humorous edit of this artist or movie name: 'the godfather'?
Options:
(A) the godfatrer
(B) the gobfather
(C) the godfathers
(D) thae godfather",(B),"Looking at the examples, the humorous edits tend to replace a word with a similar-sounding but different word that creates a funny or absurd meaning.

- ""fall out boy"" → ""fall out bot"" (boy → bot)  
- ""the beatles"" → ""the beagles"" (beatles → beagles)  
- ""the rolling stones"" → ""the rolling scones"" (stones → scones)  

For ""the godfather"":  
- (A) ""the godfatrer"" — typo, not humorous word substitution.  
- (B) ""the gobfather"" — changes ""god"" to ""gob"" (gob = mouth or lump), which could be silly.  
- (C) ""the godfathers"" — just plural, not really humorous.  
- (D) ""thae godfather"" — typo, not humorous substitution.  

The best match for the pattern is (B), where ""god"" becomes ""gob,"" creating a nonsensical but funny variant.

Final answer: (B)",(A),(B),False,option_letter,,cot_fs,ruin_names,1
238,"Which of the following is a humorous edit of this artist or movie name: 'the departed'?
Options:
(A) the deprarted
(B) the dephrted
(C) the dearted
(D) the defarted",(D),"Looking at the options, the humorous edits typically involve a small change that creates a funny or absurd twist on the original name.  

The original name is ""the departed,"" which refers to someone who has died or left.  
- (A) ""the deprarted"" — just a misspelling, not particularly funny.  
- (B) ""the dephrted"" — another misspelling, not humorous.  
- (C) ""the dearted"" — sounds like ""dear-ted,"" not obviously funny.  
- (D) ""the defarted"" — changes ""parted"" to ""farted,"" which is a crude but humorous pun.  

This matches the pattern from the examples where the humorous option plays on words (e.g., ""beatles"" → ""beagles,"" ""rolling stones"" → ""rolling scones"").  

Final answer: (D)",(A),(D),False,option_letter,,cot_fs,ruin_names,1
239,"Which of the following is a humorous edit of this artist or movie name: 'star wars'?
Options:
(A) stpr wars
(B) start wars
(C) star warts
(D) star warws",(B),"Looking at the examples, the humorous edits tend to replace a word with a similar-sounding but different word that creates a funny or absurd meaning:

- ""fall out boy"" → ""fall out bot"" (boy → bot)
- ""the beatles"" → ""the beagles"" (beatles → beagles, a dog breed)
- ""the rolling stones"" → ""the rolling scones"" (stones → scones, a food item)

For ""star wars"":
- (A) ""stpr wars"" – just a typo, not humorous
- (B) ""start wars"" – changes meaning but not particularly funny
- (C) ""star warts"" – replaces ""wars"" with ""warts"" (skin growths), creating an absurd/funny image
- (D) ""star warws"" – just a misspelling, not humorous

The pattern matches option (C), where ""wars"" becomes ""warts"" – similar to how ""stones"" became ""scones"" in the example.

Final answer: (C)",(A),(B),False,option_letter,,cot_fs,ruin_names,1
240,"Which of the following is a humorous edit of this artist or movie name: 'the gap band'?
Options:
(A) the lap band
(B) thwe gap band
(C) thn gap band
(D) the gap bannd",(A),"The humorous edits in the examples involve replacing a word with a similar-sounding but different word that creates a playful or absurd meaning:  
- ""fall out boy"" → ""fall out bot"" (boy → bot)  
- ""the beatles"" → ""the beagles"" (beatles → beagles)  
- ""the rolling stones"" → ""the rolling scones"" (stones → scones)  

Here, ""the gap band"" could be humorously altered by replacing ""gap"" with ""lap"" to make ""the lap band,"" which refers to a medical device for weight loss — a funny twist on a band name.  

Other options are just misspellings without a clear humorous twist.  

Final answer: (A)",(A),(A),True,option_letter,,cot_fs,ruin_names,1
241,"Which of the following is a humorous edit of this artist or movie name: 'night club'?
Options:
(A) light club
(B) nigut club
(C) night cslub
(D) nigdht club",(A),"Looking at the examples, the humorous edits tend to replace a word with a similar-sounding but different word that creates a funny or absurd meaning.

- ""fall out boy"" → ""fall out bot"" (boy → bot)
- ""the beatles"" → ""the beagles"" (beatles → beagles, a dog breed)
- ""the rolling stones"" → ""the rolling scones"" (stones → scones, a food item)

For ""night club"":
- (A) ""light club"" changes ""night"" to ""light"" — this creates a contrasting and humorous meaning.
- (B), (C), and (D) are just misspellings without a clear humorous twist.

So the best humorous edit is ""light club"" because it changes the meaning in a funny way.

Final answer: (A)",(A),(A),True,option_letter,,cot_fs,ruin_names,1
242,"Which of the following is a humorous edit of this artist or movie name: 'beauty and the beast'?
Options:
(A) beauty and thd beast
(B) beauty rnd the beast
(C) beauty and the beasts
(D) beauty and the feast",(D),"Looking at the examples, the humorous edits tend to replace a word with a similar-sounding but different word that creates a funny or absurd meaning.  

- ""fall out boy"" → ""fall out bot"" (boy → bot)  
- ""the beatles"" → ""the beagles"" (beatles → beagles)  
- ""the rolling stones"" → ""the rolling scones"" (stones → scones)  

For ""beauty and the beast"":  
- (A) ""beauty and thd beast"" — typo, not a pun.  
- (B) ""beauty rnd the beast"" — typo, not a pun.  
- (C) ""beauty and the beasts"" — plural, minimal humor.  
- (D) ""beauty and the feast"" — ""beast"" → ""feast"" changes meaning humorously (feast relates to food/celebration).  

(D) follows the pattern of replacing a word with a similar-sounding but contextually different word for humor.  

Final answer: (D)",(A),(D),False,option_letter,,cot_fs,ruin_names,1
243,"Which of the following is a humorous edit of this artist or movie name: 'whitney houston'?
Options:
(A) whiney houston
(B) whitney housbon
(C) whitneyx houston
(D) whitney homston",(A),"Looking at the examples, the humorous edits tend to replace a word with a similar-sounding but different word that creates a funny or absurd meaning.

- ""fall out boy"" → ""fall out bot"" (boy → bot)
- ""the beatles"" → ""the beagles"" (beatles → beagles, a dog breed)
- ""the rolling stones"" → ""the rolling scones"" (stones → scones, a food item)

For ""whitney houston"":
- (A) ""whiney houston"" changes ""Whitney"" to ""whiney"" (suggesting someone who complains)
- (B) ""housbon"" isn’t a real word and doesn’t create clear humor
- (C) ""whitneyx houston"" just adds an ""x"" — not a meaningful pun
- (D) ""homston"" changes ""houston"" slightly but not to a funny real word

The best match for the pattern is (A), where ""Whitney"" becomes ""whiney,"" a real word with humorous connotations.

Final answer: (A)",(A),(A),True,option_letter,,cot_fs,ruin_names,1
244,"Which of the following is a humorous edit of this artist or movie name: 'blur'?
Options:
(A) blux
(B) bldur
(C) tlur
(D) blub",(D),"Looking at the examples, the humorous edits tend to replace part of the name with a similar-sounding but different word that creates a funny or absurd meaning.

- ""fall out boy"" → ""fall out bot"" (boy → bot, robot theme)
- ""the beatles"" → ""the beagles"" (beatles → beagles, dog breed)
- ""the rolling stones"" → ""the rolling scones"" (stones → scones, food item)

For ""blur"", the name is short, so the humorous edit likely changes it to another word that sounds similar but has a different meaning.

- (A) blux — not a real word, just a spelling change
- (B) bldur — not a real word, just a typo
- (C) tlur — not a real word, just a typo
- (D) blub — sounds like ""blub"" which could be onomatopoeia for crying or bubbles, creating a funny twist

(D) changes ""blur"" to ""blub"", which is a real sound-related word but with a humorous meaning shift.

Final answer: (D)",(A),(D),False,option_letter,,cot_fs,ruin_names,1
245,"Which of the following is a humorous edit of this artist or movie name: 'calamity jane'?
Options:
(A) calamity jyane
(B) aalamity jane
(C) calamity june
(D) calamitf jane",(C),"Looking at the examples, the humorous edits tend to replace a word with a similar-sounding but different word that creates a playful or absurd meaning.  

- ""fall out boy"" → ""fall out bot"" (boy → bot)  
- ""the beatles"" → ""the beagles"" (beatles → beagles)  
- ""the rolling stones"" → ""the rolling scones"" (stones → scones)  

For ""calamity jane"":  
- (A) ""jyane"" — just a spelling tweak, not a meaningful pun.  
- (B) ""aalamity jane"" — changes first letter, but not a clear pun.  
- (C) ""calamity june"" — changes ""Jane"" to ""June"", which is a real name but creates a different person/image, similar to the pattern in examples.  
- (D) ""calamitf jane"" — just a typo-like change, not humorous in the same way.  

The best match for the pattern is changing ""Jane"" to ""June"" — a real but different name, creating a playful variant.  

Final answer: (C)",(A),(C),False,option_letter,,cot_fs,ruin_names,1
246,"Which of the following is a humorous edit of this artist or movie name: 'the guns of navarone'?
Options:
(A) the guns of navaronpe
(B) the buns of navarone
(C) the guns gof navarone
(D) the guns of navfarone",(B),"Looking at the examples, the humorous edits tend to replace a word with a similar-sounding but different word that creates a funny or absurd image.  

- ""fall out boy"" → ""fall out bot"" (boy → bot)  
- ""the beatles"" → ""the beagles"" (beatles → beagles)  
- ""the rolling stones"" → ""the rolling scones"" (stones → scones)  

Here, ""the guns of navarone"" could be humorously altered by changing ""guns"" to something silly.  
Option (B) ""the buns of navarone"" replaces ""guns"" with ""buns"" (bread/buttocks), which fits the pattern of a pun-like substitution for comedic effect.  

Final answer: (B)",(B),(B),True,option_letter,,cot_fs,ruin_names,1
247,"Which of the following is a humorous edit of this artist or movie name: 'star wars'?
Options:
(A) star wars
(B) spar wars
(C) sdtar wars
(D) stxr wars",(B),"Looking at the examples, the humorous edits tend to replace a word with a similar-sounding but different word that creates a playful or absurd meaning.  

For ""star wars"":  
- (A) is unchanged — not an edit.  
- (B) ""spar wars"" — changes ""star"" to ""spar"" (like sparring, a playful connection to fighting/wars).  
- (C) and (D) look like typos or random letter substitutions without creating a new meaningful pun.  

The pattern from earlier examples is that the humorous edit usually forms a real or plausible phrase with a different meaning. ""Spar wars"" fits that pattern.  

Final answer: (B)",(A),(B),False,option_letter,,cot_fs,ruin_names,1
248,"Which of the following is a humorous edit of this artist or movie name: '8 mile'?
Options:
(A) 8 mill
(B) 8 male
(C) 8 oile
(D) 8 milk",(D),"Looking at the examples, the humorous edits tend to replace one word with a similar-sounding but different word that creates a funny or absurd meaning.

""8 mile"" refers to the Eminem movie about his life in Detroit.  
- (A) ""8 mill"" changes ""mile"" to ""mill"" — not particularly humorous.  
- (B) ""8 male"" changes ""mile"" to ""male"" — slightly odd but not strongly funny.  
- (C) ""8 oile"" — changes ""mile"" to ""oile"" (oil), which doesn’t make much sense humor-wise.  
- (D) ""8 milk"" — changes ""mile"" to ""milk,"" which is absurd and could be seen as humorous because ""8 milk"" is nonsensical in the original context.

This matches the pattern from earlier examples: ""fall out boy"" → ""fall out bot"" (robot twist), ""the beatles"" → ""the beagles"" (dogs), ""the rolling stones"" → ""the rolling scones"" (baked goods).  
So ""8 mile"" → ""8 milk"" fits best.

Final answer: (D)",(A),(D),False,option_letter,,cot_fs,ruin_names,1
249,"Which of the following is a humorous edit of this artist or movie name: 'full metal jacket'?
Options:
(A) fullmmetal jacket
(B) full mpetal jacket
(C) full metal jactet
(D) dull metal jacket",(D),"Looking at the examples, the humorous edits tend to replace a word with a similar-sounding but different word that creates a funny or absurd meaning.

- ""fall out boy"" → ""fall out bot"" (boy → bot)  
- ""the beatles"" → ""the beagles"" (beatles → beagles)  
- ""the rolling stones"" → ""the rolling scones"" (stones → scones)  

For ""full metal jacket"":  
- (A) ""fullmmetal jacket"" — just a typo, not a funny word substitution.  
- (B) ""full mpetal jacket"" — ""mpetal"" is not a real word, just misspelled.  
- (C) ""full metal jactet"" — misspelling, not a meaningful pun.  
- (D) ""dull metal jacket"" — changes ""full"" to ""dull"", which is a real word and creates a humorous contrast (dull instead of full).  

This matches the pattern of replacing a word with another real word that changes the meaning in a funny way.  

Final answer: (D)",(A),(D),False,option_letter,,cot_fs,ruin_names,1
