sample_id,question,gold,raw_output,parsed_prediction,canonical_gold,correct,answer_format,error_type,method,task_id,iteration
0,"Based on the characteristic population curves that result from plotting population growth of a species, the most effective means of controlling the mosquito population is to

Options:
(A)maintain the population at a point corresponding to the midpoint of its logistic curve
(B)opt for zero population control once the K value of the curve has been reached
(C)reduce the carrying capacity cif the environment to lower the K value
(D)increase the mortality rate
",(C),"Reducing the carrying capacity (K) of the environment directly limits the maximum population size that the environment can support, making it an effective long-term strategy for controlling mosquito populations.  

Final answer: (C)",(C),(C),True,option_letter,,cot_fs,college_biology,1
1,"A frameshift mutation is created when

Options:
(A)telomeric sequences are removed from DNA
(B)a codon's nucleotide sequence changes so that it calls for production of a different amino acid than the original one
(C)a base pair is either inserted or deleted in a gene
(D)a codon's nucleotide sequence is changed so that instead of coding for a given amino acid it acts to terminate translation
",(C),"A frameshift mutation occurs when the reading frame of a gene is altered due to an insertion or deletion of nucleotides that is not a multiple of three. This shifts the way codons are read, often resulting in a completely different amino acid sequence downstream of the mutation.  

Option (A) describes telomere removal, which is unrelated to frameshift mutations.  
Option (B) describes a missense mutation.  
Option (C) correctly describes an insertion or deletion that causes a frameshift.  
Option (D) describes a nonsense mutation.  

Final answer: (C)",(C),(C),True,option_letter,,cot_fs,college_biology,1
2,"To prevent desiccation and injury, the embryos of terrestrial vertebrates are encased within a fluid secreted by the

Options:
(A)amnion
(B)chorion
(C)allantois
(D)yolk sac
",(A),"The amnion forms a protective sac filled with amniotic fluid that surrounds the embryo in terrestrial vertebrates, preventing desiccation and cushioning against injury.  

Final answer: (A)",(A),(A),True,option_letter,,cot_fs,college_biology,1
3,"Which of the following is a second messenger that stimulates release of calcium ions into the cytoplasm?

Options:
(A)Prostaglandins
(B)Inositol triphosphate
(C)Cyclic AMP
(D)Calmodulin
",(B),"Inositol triphosphate (IP₃) is a second messenger that binds to receptors on the endoplasmic reticulum, triggering the release of stored calcium ions into the cytoplasm.  
Final answer: (B)",(B),(B),True,option_letter,,cot_fs,college_biology,1
4,"Synthesis of an RNA/DNA hybrid from a single-stranded RNA template requires

Options:
(A)a DNA or RNA primer and reverse transcriptase
(B)a DNA or RNA primer and DNA polymerase
(C)RNase only
(D)reverse transcriptase only
",(A),"This describes the process of reverse transcription, where reverse transcriptase uses an RNA template to synthesize a complementary DNA strand, forming an RNA/DNA hybrid. A primer is required to initiate synthesis, which can be DNA or RNA. DNA polymerase would not use an RNA template, and RNase alone or reverse transcriptase alone without a primer would not accomplish this synthesis.

Final answer: (A)",(A),(A),True,option_letter,,cot_fs,college_biology,1
5,"In order for the Hardy-Weinberg law to operate with respect to a population of organisms, each of the following conditions must be met EXCEPT:

Options:
(A)Genes are exchanged with other populations.
(B)Population size is large.
(C)Natural selection does not take place.
(D)Matings are random.
",(A),"The Hardy-Weinberg principle describes a theoretical situation in which allele and genotype frequencies remain constant from generation to generation in the absence of evolutionary influences.  
The required conditions are:  
- Large population size (no genetic drift)  
- No gene flow (no migration into or out of the population)  
- No mutations  
- Random mating  
- No natural selection  

Option (A) says ""Genes are exchanged with other populations"" — this is gene flow, which violates Hardy-Weinberg equilibrium, so it is the condition that must **not** occur.  

Final answer: (A)",(A),(A),True,option_letter,,cot_fs,college_biology,1
6,"The Barr body found within female mammalian cells' nuclei is an example of

Options:
(A)euchromatin
(B)heterochromatin
(C)a cistron
(D)pseudogenes
",(B),"The Barr body is an inactivated X chromosome that appears as a condensed, transcriptionally inactive chromatin mass in the nuclei of female mammalian cells.  
Heterochromatin refers to tightly packed DNA that is generally inactive, while euchromatin is less condensed and transcriptionally active.  
Since the Barr body is highly condensed and inactive, it is classified as heterochromatin.  

Final answer: (B)",(B),(B),True,option_letter,,cot_fs,college_biology,1
7,"Which of the following is NOT a source of atmospheric carbon?

Options:
(A)Respiration
(B)Photosynthesis
(C)Bacterial decomposition
(D)Combustion of fossil fuels
",(B),"Let’s reason through this step by step.  

- **Respiration** releases CO₂ into the atmosphere → source of atmospheric carbon.  
- **Bacterial decomposition** releases CO₂ from dead organisms → source of atmospheric carbon.  
- **Combustion of fossil fuels** releases CO₂ → source of atmospheric carbon.  
- **Photosynthesis** takes CO₂ *out* of the atmosphere and fixes it into organic compounds → this is a sink, not a source.  

Therefore, the one that is **NOT** a source is **photosynthesis**.  

Final answer: (B)",(B),(B),True,option_letter,,cot_fs,college_biology,1
8,"The concept of punctuated equilibrium refers to

Options:
(A)oscillating ecological successional stages
(B)ecological succession arrested by sudden environmental changes, e.g., fire
(C)persistent predator-prey relationships in relatively stable environments
(D)bursts of speciation followed by relatively unchanging lineages
",(D),"Punctuated equilibrium is an evolutionary theory proposing that species experience long periods of stability (stasis) interrupted by relatively brief periods of rapid speciation, often in response to environmental changes or other pressures. This contrasts with the idea of gradual, continuous change.  

Option (D) directly captures this idea of speciation bursts followed by stable lineages.  

Final answer: (D)",(D),(D),True,option_letter,,cot_fs,college_biology,1
9,"When an influenza virus enters a cell, it immediately starts to do which of the following?

Options:
(A)Incorporate viral DNA into the host cell’s chromosome
(B)Destroy the host cell’s transcriptional machinery
(C)Replicate its genetic material and synthesize viral proteins
(D)Use a viral copy of reverse transcriptase to manufacture viral DNA
",(C),"Influenza virus contains RNA as its genetic material and does not incorporate into the host chromosome like a lysogenic virus.  
Upon entering a host cell, the virus must begin replication of its RNA genome and translation of viral proteins to assemble new viral particles.  
It does not destroy transcriptional machinery immediately, nor does it use reverse transcriptase (that’s more typical of retroviruses).  

Final answer: (C)",(C),(C),True,option_letter,,cot_fs,college_biology,1
10,"Cleavage symmetry arising from early cell divisions that occur at an oblique angle to the polar axis is known as

Options:
(A)meroblastic cleavage
(B)radial cleavage
(C)spiral cleavage
(D)superficial cleavage
",(C),"Cleavage symmetry types are defined by patterns of early embryonic cell division.  
- Meroblastic cleavage is incomplete (e.g., in birds due to yolk).  
- Radial cleavage occurs parallel or perpendicular to the polar axis, typical of deuterostomes.  
- Spiral cleavage occurs at oblique angles to the polar axis, typical of protostomes.  
- Superficial cleavage occurs in insects where nuclei divide without immediate cytokinesis.  

The question specifies ""early cell divisions that occur at an oblique angle to the polar axis,"" which matches spiral cleavage.  

Final answer: (C)",(C),(C),True,option_letter,,cot_fs,college_biology,1
11,"Targeting of a newly synthesized protein is most likely to require two different signal peptides for which of the following destinations?

Options:
(A)Plasma membrane
(B)Lysosome
(C)Cytosol
(D)Chloroplast
",(D),"A newly synthesized protein destined for the lysosome typically requires two signal peptides: one for targeting to the endoplasmic reticulum (signal peptide) and another (mannose-6-phosphate tag) for sorting from the Golgi to the lysosome.  

Proteins going to the plasma membrane usually need only a signal peptide and a transmembrane domain, not two separate signal peptides.  
Cytosolic proteins generally lack signal peptides.  
Chloroplast proteins usually have a single transit peptide for chloroplast import.  

Final answer: (B)",(B),(D),False,option_letter,,cot_fs,college_biology,1
12,"In Sweden, the red fox (Vulpes vulpes) severely limits populations of its prey, including hares. However, red fox populations are sometimes attacked by a fatal parasite, the mange mite. As mite population sizes increase at a given site, how are hare and fox populations most likely to respond at the same site? (Assume that hares have no major predators at this site other than foxes.)

Options:
(A)Both fox and hare populations will decrease.
(B)Both fox and hare populations will increase.
(C)Fox populations will decrease and hare populations will increase.
(D)Fox populations will increase and hare populations will decrease.
",(C),"If mange mite infections increase in the red fox population, fox mortality will rise, causing the fox population to decline.  
Since foxes are the main predator of hares at this site, fewer foxes means reduced predation pressure on hares.  
This should allow the hare population to grow.  

Final answer: (C)",(C),(C),True,option_letter,,cot_fs,college_biology,1
13,"A cell nucleus contains which of the following?
I. DNA
II. Protein
III. RNA

Options:
(A)I only
(B)II only
(C)III only
(D)I, II, and III
",(D),"A cell nucleus contains DNA as its primary genetic material, proteins such as histones for chromatin structure, and RNA (e.g., mRNA, rRNA, tRNA) produced during transcription.  
Thus, all three components are present.  

Final answer: (D)",(D),(D),True,option_letter,,cot_fs,college_biology,1
14,"In one taxonomic classification, Archaea, Eukarya, and Bacteria represent the three major domains of life. Eukarya utilize the general transcription factors TBP (TATA-binding protein) and TFIIB in transcription, whereas Bacteria do not. At least one member of Archaea has a protein similar to TBP and a protein similar to TFIIB. Based on this observation, which of the following scenarios is most likely?

Options:
(A)Archaea and Eukarya diverged after their common ancestor diverged from Bacteria.
(B)Archaea and Bacteria diverged after their common ancestor diverged from Eukarya.
(C)Bacteria and Eukarya diverged after their common ancestor diverged from Archaea.
(D)Archaea, Eukarya, and Bacteria diverged simultaneously from a common ancestor.
",(A),"The presence of similar transcription machinery (TBP-like and TFIIB-like proteins) in Archaea and Eukarya, but not in Bacteria, suggests that Archaea and Eukarya share a more recent common ancestor with each other than either does with Bacteria.  

This supports the scenario that Archaea and Eukarya diverged from each other after their lineage had already split from the Bacteria lineage.  

Final answer: (A)",(A),(A),True,option_letter,,cot_fs,college_biology,1
15,"A rise in intracellular free calcium in the sea urchin oocyte causes the release of proteolytic enzymes which act to prevent polyspermy. The events just described entail the

Options:
(A)zona reaction
(B)acrosomal reaction
(C)cortical reaction
(D)fertilization reaction
",(C),"The cortical reaction involves the release of cortical granules (containing proteolytic enzymes and other substances) from the egg cortex into the perivitelline space upon fertilization, which modifies the egg's extracellular coats to block polyspermy.  
This matches the description of a rise in intracellular calcium leading to enzyme release to prevent polyspermy in sea urchins.  

Final answer: (C)",(C),(C),True,option_letter,,cot_fs,college_biology,1
16,"Which of the following is a benefit that mycorrhizal fungi confer to many plants?

Options:
(A)They protect plant roots from desiccation in extremely dry habitats.
(B)They fix nitrogen, which is particularly important for plants in nitrogen-limited habitats.
(C)They provide access to phosphorus, an essential element that is limited in many kinds of soils.
(D)They provide carbon to plants in exchange for fixed nitrogen.
",(C),"Mycorrhizal fungi form symbiotic relationships with plant roots, enhancing nutrient uptake. While they don't fix nitrogen (that's done by bacteria) or provide carbon to plants, they are particularly effective at increasing phosphorus availability since phosphorus is often bound in soil and difficult for plants to access on their own.

Final answer: (C)",(C),(C),True,option_letter,,cot_fs,college_biology,1
17,"Experiments on song development in birds have shown that when a young male reared in isolation hears only the song of a different bird species, he will develop an adult song repertoire that lacks certain characteristics typical of his own species. This result shows that the song of his species is most likely

Options:
(A)entirely learned during development
(B)entirely instinctive
(C)both instinctive and learned
(D)dependent upon hormones for proper development
",(C),"The experiment shows that when isolated from hearing his own species' song, the bird develops an abnormal song lacking species-specific traits.  
This means the bird has an innate (instinctive) template for its species' song, but learning from hearing the song is required to fully develop it.  
Thus, song development is both instinctive and learned.  

Final answer: (C)",(C),(C),True,option_letter,,cot_fs,college_biology,1
18,"Which of the following most accurately describes a retrotransposon?

Options:
(A)A DNA sequence that can move from one site in the genome to another without replicating
(B)A DNA sequence that can be deleted from the genome without consequence
(C)A DNA sequence that replicates via an RNA intermediate
(D)A DNA sequence that replicates via a protein intermediate
",(C),"A retrotransposon is a type of transposable element that uses reverse transcription to replicate and insert itself into new genomic locations. It is transcribed into RNA, then reverse-transcribed into DNA before inserting elsewhere in the genome. This means it replicates via an RNA intermediate.  

Final answer: (C)",(C),(C),True,option_letter,,cot_fs,college_biology,1
19,"The soils of which of the following biomes has the highest rate of leaching and cycling of nutrients?

Options:
(A)Tropical rain forest
(B)Tundra
(C)Taiga
(D)Desert
",(A),"Tropical rain forests have high rainfall and warm temperatures that promote rapid decomposition and nutrient cycling, but the heavy rainfall also causes significant leaching of nutrients from the soil.  
This matches the description of high leaching and nutrient cycling rates.  

Final answer: (A)",(A),(A),True,option_letter,,cot_fs,college_biology,1
20,"Which of the following best explains why enzymes are effective in facilitating chemical reactions?

Options:
(A)They raise the temperature of the reaction mixture, thereby speeding up the conversion of reactants to products.
(B)They alter the equilibrium constant of a reaction (K_eq) so that more reactant can be converted to product.
(C)They increase the maximal rate of the chemical reaction (V_max).
(D)They lower the activation energy, thereby speeding up the conversion of reactants to products.
",(D),"Enzymes function by binding substrates and stabilizing transition states, which reduces the energy barrier (activation energy) required for the reaction to proceed.  
They do not change the reaction’s equilibrium constant, nor do they generally raise the temperature.  
While increasing the maximal rate (\(V_{\text{max}}\)) can be observed under certain conditions, this is a consequence of lowering activation energy, not a separate mechanism.  

Final answer: (D)",(D),(D),True,option_letter,,cot_fs,college_biology,1
21,"In the growth of a population, the point at which natality and mortality rates are equal to one another is referred to as

Options:
(A)a population crash
(B)a population explosion
(C)zero population growth
(D)exponential growth
",(C),"In population ecology, when natality (birth rate) equals mortality (death rate), the population stops increasing or decreasing — this is known as zero population growth.  

Final answer: (C)",(C),(C),True,option_letter,,cot_fs,college_biology,1
22,"The wings of a bat and the wings of a butterfly are

Options:
(A)homologous structures
(B)analogous structures
(C)vestigial structures
(D)dissimilar in form and function
",(B),"Bat wings and butterfly wings serve the same function (flight) but evolved independently from different ancestral structures — bat wings from mammalian forelimbs and butterfly wings from insect exoskeletons.  
Therefore, they are analogous structures, not homologous.  

Final answer: (B)",(B),(B),True,option_letter,,cot_fs,college_biology,1
23,"The cell type comprising the pith tissue centered within a dicot stem is the

Options:
(A)parenchyma
(B)sclerenchyma
(C)vascular cambium
(D)vascular bundle
",(A),"Pith tissue in dicot stems is composed of soft, spongy parenchyma cells that function in storage and support. Sclerenchyma provides rigid support, vascular cambium is meristematic, and vascular bundles contain xylem and phloem.  

Final answer: (A)",(A),(A),True,option_letter,,cot_fs,college_biology,1
24,"Mobile regions of DNA capable of inserting themselves into an existing genome are

Options:
(A)prions
(B)cistrons
(C)introns
(D)transposons
",(D),"Mobile regions of DNA that can insert themselves into an existing genome are known as transposons, or ""jumping genes.""  
Prions are misfolded proteins, cistrons are segments of DNA coding for a polypeptide, and introns are non-coding sequences within genes.  

Final answer: (D)",(D),(D),True,option_letter,,cot_fs,college_biology,1
25,"The process in which pioneer species colonize a bare substrate such as rock, sand, or glacial till is known as

Options:
(A)weathering
(B)stabilizing succession
(C)secondary succession
(D)primary succession
",(D),"The question describes pioneer species colonizing a bare substrate with no previous biological community — such as rock, sand, or glacial till.  
This matches the definition of **primary succession**, where life colonizes an area for the first time.  
Secondary succession occurs on a substrate where a previous community was disturbed but soil remains; weathering is a physical/chemical process, not biological colonization; and ""stabilizing succession"" is not a standard ecological term for this process.  

Final answer: (D)",(D),(D),True,option_letter,,cot_fs,college_biology,1
26,"Brood parasites such as the cuckoo successfully trick other species of birds into rearing their young by exploiting the host birds' instinctive response to the loud begging cues of a fledgling in their nest. The genes that allow the host bird species to be duped into rearing the cuckoo fledglings to the detriment of their own offspring most likely remain in the gene pool of the population because

Options:
(A)on average, the host birds' response allows them to rear their own young efficiently by feeding only those who indicate they are hungry
(B)the maximum fitness of the duped bird is not compromised when the bird rears an interloper of another species
(C)on average, little energy is spent on rearing a fledgling bird, whether it is an interloper or one's own
(D)the maximum fitness of the cuckoo would then be reduced
",(A),"The question asks why host birds retain genes that make them vulnerable to brood parasitism despite the fitness cost of raising another species' young.  

Option (A) suggests that the begging response is generally adaptive because it helps parents efficiently feed their *own* hungry offspring — the benefit of this instinct outweighs the occasional cost of being tricked by a cuckoo.  
This makes evolutionary sense: if most of the time the behavior increases fitness by ensuring their biological chicks get fed, the trait can persist even if it is occasionally exploited.  

Other options are less plausible:  
(B) is false because raising a cuckoo chick often reduces the host’s fitness (the host’s own chicks may die).  
(C) is incorrect because raising a chick is energetically costly.  
(D) discusses the cuckoo’s fitness, not the host’s evolutionary reason for keeping the trait.  

Final answer: (A)",(A),(A),True,option_letter,,cot_fs,college_biology,1
27,"Cell motility, as viewed in a cultured fibroblast, encompasses all of the following EXCEPT

Options:
(A)adhesion plaques
(B)vinculin
(C)clathrin
(D)lamellipodia
",(C),"Let’s break this down:  

- Cell motility in fibroblasts involves structures and proteins that help the cell move, such as **lamellipodia** (actin-rich leading edge protrusions), **adhesion plaques** (focal adhesions linking actin to extracellular matrix), and **vinculin** (a protein in focal adhesions).  
- **Clathrin**, however, is primarily involved in vesicle formation during endocytosis and intracellular trafficking, not directly in motility.  

Thus, clathrin is the exception here.  

Final answer: (C)",(C),(C),True,option_letter,,cot_fs,college_biology,1
28,"According to Hamilton’s rule, an altruistic trait can evolve if c < br, where c is the fitness cost of the altruistic behavior to the donor, b is the fitness benefit to the recipient, and r is the

Options:
(A)coefficient of relatedness
(B)frequency of the altruistic allele
(C)inbreeding coefficient
(D)rate of reciprocity
",(A),"Hamilton’s rule states that altruistic behavior can evolve when the cost to the donor is less than the benefit to the recipient multiplied by the genetic relatedness between them.  
Here, \( r \) represents the **coefficient of relatedness**, which measures the probability that two individuals share the same allele by descent from a common ancestor.  

Final answer: (A)",(A),(A),True,option_letter,,cot_fs,college_biology,1
29,"Adaptations of plants to minimize water loss in environments with high temperatures include which of the following?

Options:
(A)Numerous stomata
(B)Thin cuticles
(C)Spines instead of leaves
(D)Large surface-to-volume ratios
",(C),"Plants in high-temperature environments need to reduce water loss.  
Numerous stomata (A) would increase water loss through transpiration.  
Thin cuticles (B) would also increase water loss, as the cuticle helps retain moisture.  
Large surface-to-volume ratios (D) would increase evaporation area, worsening water loss.  
Spines instead of leaves (C) reduce surface area, minimizing water loss — a common adaptation in xerophytes like cacti.  

Final answer: (C)",(D),(C),False,option_letter,,cot_fs,college_biology,1
30,"All of the following might be found in connective tissue EXCEPT

Options:
(A)thrombin
(B)glycosaminoglycans
(C)collagens
(D)fibroblasts
",(A),"Connective tissue typically contains extracellular matrix components like glycosaminoglycans and collagen, as well as cells such as fibroblasts. Thrombin, however, is an enzyme involved in blood coagulation and is not a structural component of general connective tissue.  

Final answer: (A)",(A),(A),True,option_letter,,cot_fs,college_biology,1
31,"Which of the following is typically NOT found in normal somatic cells of a human male?

Options:
(A)The entire genetic information possessed by the original zygote
(B)An inactivated X chromosome
(C)Forty-four autosomes
(D)A diploid nucleus
",(B),"A human male has XY sex chromosomes, so he does not have an inactivated X chromosome — that occurs in females (XX) where one X is inactivated in each somatic cell.  
Males inherit one X chromosome from their mother and one Y chromosome from their father, and the X chromosome in males remains active.  

- (A) is found: somatic cells contain the full genetic information from the zygote (barring mutations).  
- (B) is not found: males don’t inactivate their single X chromosome in somatic cells.  
- (C) is found: 22 pairs of autosomes = 44 autosomes.  
- (D) is found: somatic cells are diploid.  

Final answer: (B)",(A),(B),False,option_letter,,cot_fs,college_biology,1
32,"The members of a bird species capable of nesting in treetops or on the ledges of nearby cliffs make their homes only in the treetops due to the established presence of a more aggressive bird species on the cliff ledges. With respect to habitat, the treetop-nesting birds are utilizing

Options:
(A)their fundamental niche only
(B)their realistic niche only
(C)their ecological niche only
(D)neither their fundamental niche nor their realistic niche
",(B),"The fundamental niche refers to the full range of environmental conditions and resources a species can potentially use, while the realized niche is the actual set of conditions it uses in the presence of competitors or other limiting factors.  

Here, the bird species is capable of nesting in both treetops and cliff ledges (fundamental niche), but due to competition from the aggressive cliff-dwelling species, it only nests in treetops (realized niche).  

Thus, the birds are using their realized niche only.  

Final answer: (B)",(B),(B),True,option_letter,,cot_fs,college_biology,1
33,"All of the following characteristics are typical of r-selected species EXCEPT

Options:
(A)high reproductive rate
(B)small body size
(C)occupancy of unstable environments
(D)high competitive ability
",(D),"r-selected species are characterized by high reproductive rates, small body size, and occupancy of unstable environments. They prioritize quantity of offspring over individual survival and do not typically invest heavily in competitive ability, which is more characteristic of K-selected species.  

Final answer: (D)",(D),(D),True,option_letter,,cot_fs,college_biology,1
34,"A DNA strand with the sequence 5′ CGA TTG 3′ would be complementary to the sequence

Options:
(A)5′ GCU AAC 3′
(B)5′ GCT AAC 3′
(C)5′ GTT AGC 3′
(D)5′ CAA TCG 3′
",(D),"DNA strands are complementary and antiparallel. The given sequence is 5′ CGA TTG 3′.  
Complementary base pairing rules: C pairs with G, G with C, A with T, T with A.  
So, complement of CGA TTG is GCT AAC, but written antiparallel (3′ to 5′) relative to the original strand.  
When we write the complementary strand in the 5′ to 3′ direction, we reverse it: 5′ GCT AAC 3′.  
Checking options: (B) matches 5′ GCT AAC 3′.  

Final answer: (B)",(B),(D),False,option_letter,,cot_fs,college_biology,1
35,"Ferns undergo alternation of generations in which a

Options:
(A)dominant sporophyte alternates with an independent gametophyte
(B)dominant gametophyte alternates with a dependent sporophyte
(C)sporophyte and a gametophyte have equal life spans
(D)gametophyte produces gametes by meiosis
",(A),"Ferns have a life cycle where the sporophyte is the dominant, visible stage, and it alternates with a separate, independent gametophyte that is usually small but free-living.  
This matches option (A).  

Final answer: (A)",(A),(A),True,option_letter,,cot_fs,college_biology,1
36,"Which of the following statements concerning a sarcomere of a striated muscle (such as skeletal muscle) is correct?

Options:
(A)During contraction H zones become elongated.
(B)In the relaxed position tropomyosin impedes myosin's access to the binding site of actin.
(C)Each myosin helical tail contains an actinbinding site and an ATP-hydrolyzing site.
(D)The proteins troponin and tropomyosin constitute the thick and thin filaments, respectively.
",(B),"Let’s evaluate each option:  

- **(A)** During contraction, H zones actually shorten, not elongate, because the sarcomere shortens as actin filaments slide over myosin.  
- **(B)** In the relaxed state, tropomyosin blocks the myosin-binding sites on actin; this is true and consistent with muscle physiology.  
- **(C)** The actin-binding site and ATPase site are on the myosin head, not the helical tail.  
- **(D)** Troponin and tropomyosin are regulatory proteins on thin filaments; thick filaments are mainly myosin, so this is incorrect.  

Thus, the correct statement is **(B)**.  

Final answer: (B)",(B),(B),True,option_letter,,cot_fs,college_biology,1
37,"Aggressive ants live in the swollen thorns of a small tropical tree and feed on oil-rich bodies that the tree produces at the tips of its leaflets. Which of the following experiments best tests the hypothesis that ants defend the plant by either killing or chasing away leaf-feeding insects?

Options:
(A)Remove ants and measure subsequent leaf damage.
(B)Remove oil-rich bodies and measure subsequent ant density.
(C)Remove the thorns and measure subsequent density of ants.
(D)Remove leaf-feeding insects and measure subsequent ant density.
",(A),"To test whether ants defend the plant by killing or chasing away leaf-feeding insects, the most direct approach is to remove the ants and observe whether leaf damage increases.  
If ants are protecting the plant, their absence should lead to more damage from herbivorous insects.  

Option (A) does exactly this: remove ants → measure leaf damage.  
Other options test different relationships (e.g., what affects ant density) but not the defensive role of ants against herbivores.  

Final answer: (A)",(A),(A),True,option_letter,,cot_fs,college_biology,1
38,"The sight organs of crustaceans and insects contain ommatidia, which make up the individual visual units of the

Options:
(A)eyespot
(B)simple eye
(C)compound eye
(D)binocular eye
",(C),"Ommatidia are the repeating structural units found in arthropod compound eyes, which collectively form a mosaic image. Eyespots are primitive light-sensitive structures, simple eyes have single lenses, and binocular vision refers to overlapping visual fields rather than eye structure.

Final answer: (C)",(C),(C),True,option_letter,,cot_fs,college_biology,1
39,"An embryologist studying the development of a vertebrate organism from the zygote stage to fetus would be justified in drawing which of the following conclusions?

Options:
(A)Ontogeny recapitulates phylogeny.
(B)Early embryos display identical features of their class, order, and species.
(C)An early human embryo has features in common with early fish and avian embryos.
(D)A human embryo displays features of adult fish and birds in the course of its development.
",(A),"An embryologist would observe that early vertebrate embryos share certain developmental features—such as pharyngeal arches, tail structures, and similar limb bud formations—across species like fish, birds, and mammals. This reflects common ancestry, not that human embryos pass through adult stages of other species.  

Final answer: (C)",(C),(A),False,option_letter,,cot_fs,college_biology,1
40,"A stem-boring beetle has laid its eggs in the center of a 5-year-old wood twig, and the eggs have matured into larvae. In proper order (inside to outside), what tissues and tissue regions would the larvae encounter as they eat their way toward the outside of the twig? (For simplicity, assume that the epidermis has already fallen off completely.)

Options:
(A)Pith; primary xylem; secondary xylem; vascular cambium; primary phloem; secondary phloem; cortex
(B)Pith; secondary xylem; primary xylem; vascular cambium; secondary phloem; primary phloem; cortex
(C)Pith; secondary xylem; primary xylem; vascular cambium; primary phloem; secondary phloem; cortex
(D)Pith; primary xylem; secondary xylem; vascular cambium; secondary phloem; primary phloem; cortex
",(D),"Let’s reason through the anatomy of a 5-year-old woody stem from the center outward:  

- **Pith** is at the very center.  
- Moving outward, the **primary xylem** is next (formed during primary growth), but in a 5-year-old stem, it is surrounded by **secondary xylem** (wood) produced by the vascular cambium.  
- So from inside out: pith → **secondary xylem** → **primary xylem** (because primary xylem lies between pith and vascular cambium but outside the pith, and secondary xylem fills in between primary xylem and cambium in older stems — actually, in many texts, the order is: pith → primary xylem → secondary xylem → vascular cambium).  
- But careful: In a typical woody stem cross-section, the primary xylem is located just outside the pith, but secondary xylem is laid down outside of that by the vascular cambium — so if you start at the center and move out: pith → primary xylem → secondary xylem → vascular cambium → secondary phloem → primary phloem → cortex.  

However, the question says “for simplicity, assume that the epidermis has already fallen off completely” — so the outermost layer mentioned is cortex.  

Let’s check the options:  
- (A) Pith; primary xylem; secondary xylem; vascular cambium; primary phloem; secondary phloem; cortex — This matches the correct order: primary phloem is outside vascular cambium, but in woody stems, primary phloem gets crushed, and secondary phloem is outside vascular cambium, then primary phloem remnants, then cortex? Actually, secondary phloem is produced outward by cambium, so cambium → secondary phloem → primary phloem → cortex. Yes.  
- (B) Pith; secondary xylem; primary xylem; vascular cambium; secondary phloem; primary phloem; cortex — This reverses primary and secondary xylem, which is wrong.  
- (C) Pith; secondary xylem; primary xylem; vascular cambium; primary phloem; secondary phloem; cortex — Wrong xylem order and wrong phloem order.  
- (D) Pith; primary xylem; secondary xylem; vascular cambium; secondary phloem; primary phloem; cortex — This has secondary phloem before primary phloem, which is incorrect — actually, from cambium outward: secondary phloem → primary phloem → cortex is correct. Wait, that’s what (D) says.  

Let’s verify:  
From inside out:  
1. Pith  
2. Primary xylem  
3. Secondary xylem  
4. Vascular cambium  
5. Secondary phloem  
6. Primary phloem  
7. Cortex  

That’s exactly option (D).  

Yes — because secondary phloem is inside primary phloem (closer to cambium), then primary phloem, then cortex.  

So (D) is correct.  

Final answer: (D)",(A),(D),False,option_letter,,cot_fs,college_biology,1
41,"The following pairs were placed in solution together. Which two could be separated by performing low-speed centrifugation?

Options:
(A)DNA and mRNA
(B)Nuclei and secretory vesicles
(C)Golgi apparatus and endoplasmic reticulum
(D)Lysosomes and endosomes
",(B),"Low-speed centrifugation separates cellular components based primarily on size and density differences.  
- DNA and mRNA are both nucleic acids with similar densities and would not separate well at low speeds.  
- Nuclei are large and dense, while secretory vesicles are much smaller and less dense, so they could be separated by low-speed centrifugation.  
- Golgi apparatus and endoplasmic reticulum are similar in size and density, requiring higher speeds or other methods for separation.  
- Lysosomes and endosomes are similar in size and density, so low-speed centrifugation would not separate them effectively.  

Final answer: (B)",(B),(B),True,option_letter,,cot_fs,college_biology,1
42,"Which of the following would increase the rate at which a gas diffuses between the alveoli of the lung and the blood within a pulmonary capillary?

Options:
(A)Decreasing the partial pressure gradient of the gas
(B)Decreasing the solubility of the gas in water
(C)Increasing the total surface area available for diffusion
(D)Decreasing the rate of blood flow through the pulmonary capillary
",(C),"According to Fick's law of diffusion, the rate of gas diffusion is directly proportional to the surface area available for diffusion.  
Increasing the total surface area would therefore increase the diffusion rate.  
Decreasing the partial pressure gradient (A) or solubility (B) would decrease diffusion rate, and decreasing blood flow (D) would affect perfusion but not directly increase diffusion rate.  

Final answer: (C)",(A),(C),False,option_letter,,cot_fs,college_biology,1
43,"The structures that act as sites of gas exchange in a woody stem are the

Options:
(A)lenticels
(B)terminal buds
(C)nodes
(D)internodes
",(A),"Lenticels are small openings in the bark of woody stems that allow for gas exchange, while terminal buds, nodes, and internodes are not primarily involved in this function.  

Final answer: (A)",(A),(A),True,option_letter,,cot_fs,college_biology,1
44,"Natural enemies have been implicated as a strong selective force for all of the following EXCEPT

Options:
(A)aposematic coloration
(B)chemical defenses
(C)masting (synchronous fruiting)
(D)lekking behavior
",(D),"Let’s reason through this step by step.  

- **Aposematic coloration** — warning coloration to signal toxicity or unpalatability to predators — is clearly driven by natural enemies.  
- **Chemical defenses** — toxins, irritants, etc. — are also evolved in response to natural enemies.  
- **Masting** — synchronous production of seeds/fruits at irregular intervals — reduces seed predation by satiating predators; this is driven by natural enemies.  
- **Lekking behavior** — males gather for competitive mating displays — is generally driven by sexual selection, not directly by predation or natural enemies (though predation risk may influence lek location, the behavior itself evolved mainly due to mate competition).  

Thus, the one **not** primarily driven by natural enemies is **lekking behavior**.  

Final answer: (D)",(D),(D),True,option_letter,,cot_fs,college_biology,1
45,"Which of the following is NOT a characteristic of introns?

Options:
(A)They occur only in eukaryotes.
(B)They represent noncoding regions.
(C)They are found interspersed with exons on a region of DNA that codes for a polypeptide chain.
(D)They are excised from the primary transcript before it gains a 5' cap and a 3' poly(A)tail.
",(D),"Let’s evaluate each option in relation to known facts about introns.  

- **(A) They occur only in eukaryotes.** — This is generally true; prokaryotes usually lack introns, though rare exceptions exist in some archaea and bacterial genes. For the scope of college biology, this is considered a characteristic of introns.  
- **(B) They represent noncoding regions.** — True; introns are noncoding sequences.  
- **(C) They are found interspersed with exons on a region of DNA that codes for a polypeptide chain.** — True; that’s the definition of their arrangement in eukaryotic genes.  
- **(D) They are excised from the primary transcript before it gains a 5' cap and a 3' poly(A) tail.** — False; in eukaryotic mRNA processing, capping occurs at the 5' end and polyadenylation at the 3' end before splicing is complete, but splicing often occurs after these modifications, not strictly before. However, the statement as phrased suggests introns are removed *before* capping and polyadenylation, which is incorrect — capping happens early, while splicing can occur concurrently or after polyadenylation. Therefore, this is **not** a correct characteristic.  

Thus, the one that is **NOT** a characteristic is (D).  

Final answer: (D)",(B),(D),False,option_letter,,cot_fs,college_biology,1
46,"A healthy person sitting at rest consciously begins to breathe too fast. Which of the following describes the change in the person’s blood caused by this hyperventilation?

Options:
(A)A decrease in partial pressure of carbon dioxide and an increase in concentration of hydrogen ions
(B)A decrease in partial pressure of carbon dioxide and a decrease in concentration of hydrogen ions
(C)An increase in partial pressure of carbon dioxide and an increase in concentration of hydrogen ions
(D)An increase in partial pressure of carbon dioxide and a decrease in concentration of hydrogen ions
",(B),"Hyperventilation involves rapid breathing that expels more carbon dioxide than normal from the lungs.  
This reduces the partial pressure of CO₂ in the blood.  
Less CO₂ means less carbonic acid forms in the blood, which in turn means fewer hydrogen ions (H⁺), so blood pH rises (respiratory alkalosis).  
Thus, partial pressure of CO₂ decreases and hydrogen ion concentration decreases.  

Final answer: (B)",(B),(B),True,option_letter,,cot_fs,college_biology,1
47,"Which of the following is the correct anatomical order of structures in the mammalian female reproductive tract?

Options:
(A)Oviduct, uterus, rete, vagina
(B)Oviduct, epididymis, uterus, vagina
(C)Ovary, oviduct, uterus, vagina
(D)Ovary, uterus, vagina, rete
",(C),"The mammalian female reproductive tract begins with the ovary (site of egg production), followed by the oviduct (Fallopian tube) where fertilization typically occurs, then the uterus where embryonic development takes place, and finally the vagina which connects to the external environment.  
""Rete"" and ""epididymis"" are not part of the female reproductive tract in this anatomical sequence.  

Final answer: (C)",(C),(C),True,option_letter,,cot_fs,college_biology,1
48,"A marine ecosystem region characterized by penetrance of solar radiation and upwelling of nutrients is the

Options:
(A)bathyl zone
(B)neritic zone
(C)pelagic zone
(D)benthyl zone
",(B),"The neritic zone is the shallow part of the ocean over the continental shelf where sunlight reaches the seafloor (allowing photosynthesis) and where upwelling of nutrient-rich water often occurs, supporting high productivity.  

Final answer: (B)",(B),(B),True,option_letter,,cot_fs,college_biology,1
49,"In humans, a hereditary disorder called xeroderma pigmentosum (XP) can result in the inability to repair ultraviolet damage to DNA. Which of the following molecular lesions is most likely to accrue in individuals with XP?

Options:
(A)Thymine dimers
(B)Deamination of cytosine
(C)Depurination
(D)Single strand DNA breaks
",(A),"Xeroderma pigmentosum involves a defect in nucleotide excision repair, which primarily fixes DNA damage caused by ultraviolet light — specifically cyclobutane pyrimidine dimers, most commonly thymine dimers.  
Deamination of cytosine, depurination, and single-strand breaks are types of DNA damage, but they are repaired by other pathways (base excision repair, etc.) and are not specifically linked to XP.  

Final answer: (A)",(A),(A),True,option_letter,,cot_fs,college_biology,1
50,"Chemosynthetic bacteria can produce their own food despite their lack of photonabsorbing pigments because the chemosynthetic bacteria derive energy by

Options:
(A)oxidizing inorganic substances such as ammonia, sulfur, or hydrogen
(B)reducing inorganic substances such as ammonia, sulfur, or hydrogen
(C)oxidizing organic compounds
(D)transducing light energy into chemical energy
",(A),"Chemosynthetic bacteria obtain energy through oxidation-reduction reactions involving inorganic compounds, using the energy released from oxidizing substances like ammonia, hydrogen sulfide, or hydrogen to fix carbon and produce organic molecules, unlike photosynthetic organisms that use light.  

Final answer: (A)",(A),(A),True,option_letter,,cot_fs,college_biology,1
51,"All of the following may serve as intracellular messengers EXCEPT

Options:
(A)calcium ions
(B)cAMP
(C)acetylcholine
(D)inositol 1,4,5-triphosphate
",(C),"Let’s reason through this step by step.  

- **Calcium ions (A)** – known to act as intracellular messengers (second messengers) in signal transduction pathways.  
- **cAMP (B)** – classic example of a second messenger.  
- **Acetylcholine (C)** – this is a neurotransmitter that acts at the synapse, binding to receptors on the cell surface; it is an extracellular signaling molecule, not an intracellular messenger.  
- **Inositol 1,4,5-triphosphate (IP₃) (D)** – acts as a second messenger to release Ca²⁺ from intracellular stores.  

Thus, the one that does **not** serve as an intracellular messenger is acetylcholine.  

Final answer: (C)",(A),(C),False,option_letter,,cot_fs,college_biology,1
52,"All of the following statements about plant embryogenesis are correct EXCEPT:

Options:
(A)The suspensor is derived from the basal cell.
(B)Cotyledons are derived from the apical cell.
(C)Shoot apical meristem formation occurs after seed formation.
(D)Precursors of all three plant tissue systems are formed during embryogenesis.
",(C),"Let’s evaluate each option in turn.  

- **(A) The suspensor is derived from the basal cell.**  
  This is correct — after the first division of the zygote, the basal cell gives rise to the suspensor.  

- **(B) Cotyledons are derived from the apical cell.**  
  This is correct — the apical cell develops into the embryo proper, which includes the cotyledons.  

- **(C) Shoot apical meristem formation occurs after seed formation.**  
  This is the likely incorrect statement — the shoot apical meristem begins forming during embryogenesis, before seed formation is complete.  

- **(D) Precursors of all three plant tissue systems are formed during embryogenesis.**  
  This is correct — protoderm, ground meristem, and procambium (precursors to dermal, ground, and vascular tissues) are established during embryogenesis.  

Thus, the statement that is **not** correct is (C).  

Final answer: (C)",(B),(C),False,option_letter,,cot_fs,college_biology,1
53,"Mouse sperm contain receptor proteins that bind to a glycoprotein (ZP3) in the zona pellucida of mouse eggs. Binding of ZP3 receptors to ZP3 initiates the sperm’s acrosomal reaction. All of the following experimental observations would be expected EXCEPT:

Options:
(A)Injecting eggs with antibodies that bind to ZP3 blocks in vitro fertilization.
(B)Incubating sperm with purified ZP3 prior to mixing sperm and eggs blocks in vitro fertilization.
(C)Incubating eggs with antibodies that bind to ZP3 blocks in vitro fertilization.
(D)Coating synthetic beads with a different glycoprotein, ZP2, fails to lead to sperm aggregation on the beads.
",(A),"Let’s reason through this step by step.  

- ZP3 in the zona pellucida binds sperm receptors → triggers acrosomal reaction → necessary for fertilization.  
- If antibodies bind to ZP3 on the egg, they could block sperm binding → block fertilization. That fits (A) and (C).  
- Pre-incubating sperm with purified ZP3 would trigger acrosomal reaction prematurely → sperm unable to bind/fuse with egg later → block fertilization. That fits (B).  
- ZP2 is involved in secondary binding after acrosomal reaction, not in initiating it. Coating beads with ZP2 should not cause sperm aggregation (since ZP3 is the primary inducer). So (D) is also expected.  

But the question asks for the one that would **NOT** be expected.  

Let’s check (D) carefully:  
If ZP3 is the molecule that initiates acrosome reaction, coating beads with ZP2 should not cause sperm to undergo acrosome reaction or bind in large numbers — so failure to aggregate is expected. So (D) is consistent with the model.  

Now check (C):  
Incubating eggs with antibodies to ZP3 → antibodies block ZP3 on egg → sperm can’t bind → fertilization blocked. That’s expected.  

But wait — (A) and (C) seem similar:  
(A) injecting eggs with antibodies to ZP3 → antibodies inside egg? That wouldn’t directly block ZP3 on the zona unless they were secreted or placed outside. But injecting into egg cytoplasm may not put antibodies in the zona pellucida, so maybe that would **not** block fertilization, unlike (C) where incubating eggs with antibodies would allow antibodies to reach ZP3 in zona.  

Thus, the unexpected one is (A) — injecting antibodies into the egg likely doesn’t affect extracellular ZP3.  

Final answer: (A)",(A),(A),True,option_letter,,cot_fs,college_biology,1
54,"Which of the following factors does NOT promote linkage disequilibrium?

Options:
(A)Asexual reproduction
(B)Coadapted gene complexes
(C)Epistasis
(D)Random mating
",(D),"Linkage disequilibrium refers to the non-random association of alleles at different loci in a population. Factors that promote it include asexual reproduction (because recombination is absent), coadapted gene complexes (because certain allele combinations are favored), and epistasis (because interactions between genes can maintain specific allele combinations).  

Random mating, by contrast, tends to break down non-random associations between alleles over time due to recombination and independent assortment, so it does **not** promote linkage disequilibrium.  

Final answer: (D)",(D),(D),True,option_letter,,cot_fs,college_biology,1
55,"In an experiment, the first cleavage plane of an amphibian zygote was manipulated so that the gray crescent was contained in only one of the two blastomeres that result from the first cleavage. The two blastomeres were then separated. What is the expected fate of the blastomeres?

Options:
(A)The blastomere with the gray crescent will grow in size more quickly than the one without the gray crescent.
(B)The blastomere with the gray crescent will form a complete, but small, embryo.
(C)The blastomere without the gray crescent will form a complete, but small, embryo.
(D)The blastomere with the gray crescent will stop dividing and die before the second cleavage.
",(B),"The gray crescent in amphibian embryos contains determinants for dorsal structures and axis formation. When the first cleavage divides the embryo such that only one blastomere receives the gray crescent, that blastomere can develop into a complete (though smaller) embryo, while the blastomere without the gray crescent forms only a ventralized ""belly piece"" lacking proper organization.  

Final answer: (B)",(B),(B),True,option_letter,,cot_fs,college_biology,1
56,"Nerve outgrowth from a developing neuron begins at the growth cone, located at the tip of the axon. Microspikes of the growth cone extend and retract in order to move the growth cone forward. Exposure of the neuron to cytochasalin B at this stage of development causes

Options:
(A)microtubules in the axon to undergo reversible dissociation
(B)microtubules in the axon to undergo irreversible dissociation
(C)microfilaments in the microspike to undergo reversible depolymerization
(D)microfilaments in the microspike to undergo irreversible depolymerization
",(C),"Cytochalasin B is known to inhibit actin polymerization by binding to the plus end of actin filaments, which are microfilaments. Since microspikes of the growth cone contain actin-based microfilaments (not microtubules), exposure to cytochalasin B would cause depolymerization of these microfilaments.  
This effect is reversible upon removal of the drug, so the correct choice is reversible depolymerization of microfilaments in the microspike.  

Final answer: (C)",(C),(C),True,option_letter,,cot_fs,college_biology,1
57,"Monoclonal antisera are distinguished from polyclonal antisera in which of the following ways?

Options:
(A)Each type of antibody in a monoclonal antiserum reacts against a single region of a single antigen; each type of antibody in a polyclonal antiserum reacts against multiple regions of different antigens.
(B)A monoclonal antibody reacts against multiple regions of a single antigen; a polyclonal antibody reacts against a single region of related antigens.
(C)A monoclonal antiserum contains antibodies secreted from the descendants of a single B lymphocyte; a polyclonal antiserum contains antibodies secreted from the descendants of different B lymphocytes.
(D)A monoclonal antiserum contains antibodies secreted from the descendants of a single B lymphocyte; a polyclonal antiserum contains antibodies secreted from the descendants of both B and T lymphocytes.
",(C),"Monoclonal antisera are produced from a single clone of B cells, meaning all antibodies are identical and recognize the same epitope on an antigen. Polyclonal antisera come from multiple B cell clones, producing a mixture of antibodies that recognize different epitopes, possibly on the same or related antigens.  

Option (C) correctly captures this distinction: monoclonal antibodies come from descendants of a single B lymphocyte, while polyclonal antibodies come from descendants of different B lymphocytes.  

Final answer: (C)",(C),(C),True,option_letter,,cot_fs,college_biology,1
58,"The first groups of animals to develop lung tissue adequate to support their respiratory requirements without the use of supplementary gas exchange organs were the

Options:
(A)amphibians
(B)reptiles
(C)mammals
(D)trematoda
",(B),"Amphibians rely on cutaneous respiration and gills in larval stages, requiring supplementary gas exchange. Mammals have fully developed lungs but evolved later than reptiles. Trematoda are flatworms with no specialized lung tissue. Reptiles were the first to develop adequate lung tissue that could support their respiratory needs entirely without supplementary organs like gills or skin respiration.  

Final answer: (B)",(B),(B),True,option_letter,,cot_fs,college_biology,1
59,"Which of the following is a biological attribute that would most likely allow a species to become cosmopolitan in distribution?

Options:
(A)Extreme habitat specialization
(B)K-selected reproductive rate
(C)Limited dispersal abilities
(D)Capacity for long-distance dispersal
",(D),"A cosmopolitan species is one with a widespread distribution across many regions. Extreme habitat specialization would restrict a species to specific environments, limiting its distribution. A K-selected reproductive rate typically involves fewer offspring with more parental investment, which may not favor rapid colonization. Limited dispersal abilities would obviously hinder a species from spreading widely. In contrast, the capacity for long-distance dispersal — through mechanisms like wind, water, or animal transport — would enable a species to reach and establish in geographically distant areas, making cosmopolitan distribution possible.  

Final answer: (D)",(D),(D),True,option_letter,,cot_fs,college_biology,1
60,"In the formation of the earliest cells, which of the following components most likely arose first?

Options:
(A)Nucleus
(B)Plasma membrane
(C)Mitochondrion
(D)Flagellum
",(B),"The earliest cells would need a boundary structure to separate internal contents from the external environment before developing complex organelles. The plasma membrane fulfills this basic requirement, while the nucleus, mitochondrion, and flagellum are more complex structures that likely evolved later.

Final answer: (B)",(B),(B),True,option_letter,,cot_fs,college_biology,1
61,"Which of the following facts was established prior to 1859, the year in which Charles Darwin published On the Origin of Species?

Options:
(A)DNA provides the macromolecular basis of heredity.
(B)Mendelian principles explain why some traits are dominant and others are recessive.
(C)Prokaryotes include two major domains, the Bacteria and the Archaea.
(D)There exist fossilized remains of species that have become extinct.
",(D),"Let’s examine each option in the context of historical scientific knowledge before 1859:  

- **(A) DNA provides the macromolecular basis of heredity** — This was not known before 1859; DNA’s role in heredity was established in the 20th century.  
- **(B) Mendelian principles explain why some traits are dominant and others are recessive** — Mendel’s work was published in 1865, so this was not known before 1859.  
- **(C) Prokaryotes include two major domains, the Bacteria and the Archaea** — Domain-level classification of Archaea came in the late 20th century.  
- **(D) There exist fossilized remains of species that have become extinct** — This was known before 1859; paleontologists like Cuvier had established extinction by the early 1800s.  

Final answer: (D)",(C),(D),False,option_letter,,cot_fs,college_biology,1
62,"Fungi participate in each of the following EXCEPT

Options:
(A)photosynthesis to produce glucose
(B)fermentation to produce alcohol
(C)association with humans to produce ringworm
(D)association with the roots of plants to form mycorrhizae
",(A),"Fungi are heterotrophic organisms that obtain nutrients through absorption, not through photosynthesis. They do participate in fermentation (e.g., yeast in alcohol production), can cause diseases like ringworm, and form mutualistic mycorrhizal associations with plant roots. Therefore, the one they do not participate in is photosynthesis.

Final answer: (A)",(A),(A),True,option_letter,,cot_fs,college_biology,1
63,"In chloroplasts, a certain protein is found in the lumen of the thylakoid (thylakoid space). It is transcribed in the nucleus and synthesized on cytoplasmic ribosomes. How many membrane bilayers must this protein cross to reach its final location?

Options:
(A)One
(B)Two
(C)Three
(D)Four
",(C),"Let’s reason through this step by step.  

1. The protein is **transcribed in the nucleus** and **synthesized on cytoplasmic ribosomes** — so it starts in the cytosol.  
2. Its final location is the **lumen of the thylakoid** (inside the thylakoid space).  
3. To get there, it must:  
   - Enter the **chloroplast**: cross the **outer and inner chloroplast envelope membranes** (2 membranes).  
   - Then enter the **thylakoid lumen**: cross the **thylakoid membrane** (1 more membrane).  
4. Total membrane bilayers crossed = 2 (envelope) + 1 (thylakoid) = **3**.  

Final answer: (C)",(C),(C),True,option_letter,,cot_fs,college_biology,1
64,"During the mammalian cardiac cycle, a volume of blood equivalent to ventricular stroke volume is transferred from the more compliant venous side to the less compliant arterial side of the circulation. In terms of pressures within the venous and arterial compartments, this transfer results in

Options:
(A)no change in pressure in either compartment
(B)no effect on venous pressure and a small increase in arterial pressure
(C)an increase in venous pressure and an equal but opposite decrease in arterial pressure
(D)little effect on venous pressure and a large increase in arterial pressure
",(D),"Blood moves from the more compliant (easily stretched) venous side to the less compliant arterial side.  
Because veins are highly compliant, losing a given volume causes only a small drop in pressure.  
Arteries are much stiffer (less compliant), so adding the same volume causes a relatively large pressure increase.  

Final answer: (D)",(D),(D),True,option_letter,,cot_fs,college_biology,1
65,"Which of the following statements concerning the Golgi apparatus of a eukaryote is correct?

Options:
(A)It is oriented in the cytoplasm so that its cis face is closest to the endoplasmic reticulum.
(B)It is typically associated with small secretory vesicles located near its cis face.
(C)Its composite flattened cisternae are continuous with one another.
(D)Glycosylation of certain secretory proteins occurs prior to the protein's entry into its lumen.
",(A),"Let’s evaluate each option:  

- **(A)** It is oriented in the cytoplasm so that its cis face is closest to the endoplasmic reticulum.  
  This is correct — the cis face of the Golgi apparatus receives vesicles from the ER, and the trans face sends vesicles out.  

- **(B)** It is typically associated with small secretory vesicles located near its cis face.  
  This is incorrect — secretory vesicles bud from the trans face, not the cis face.  

- **(C)** Its composite flattened cisternae are continuous with one another.  
  This is incorrect — the cisternae are not continuous; they are separate compartments.  

- **(D)** Glycosylation of certain secretory proteins occurs prior to the protein's entry into its lumen.  
  This is incorrect — initial glycosylation occurs in the ER, but further modification happens in the Golgi lumen, not before entry.  

The only fully correct statement is **(A)**.  

Final answer: (A)",(B),(A),False,option_letter,,cot_fs,college_biology,1
66,"The first point of entry of water at the roots of a monocot plant is through the cytoplasm of cells of the

Options:
(A)root cap
(B)Casparian strip
(C)pericycle
(D)endoderm
",(D),"In monocot roots, water initially enters through root hairs and moves through the cortex via the apoplast and symplast pathways until it reaches the endodermis.  
The Casparian strip in the endodermis blocks the apoplastic pathway, forcing water and solutes to pass through the cytoplasm of endodermal cells before entering the vascular tissue.  
Thus, the first point where water must enter the cytoplasm of cells is at the endodermis.  

Final answer: (D)",(D),(D),True,option_letter,,cot_fs,college_biology,1
67,"Which of the following plant cells undergoes programmed cell death to become functional?

Options:
(A)Phloem sieve tube member
(B)Xylem vessel member
(C)Stomatal guard cell
(D)Root cap cell
",(B),"Xylem vessel members undergo programmed cell death during their development, which allows them to form hollow, interconnected tubes for water transport.  
Phloem sieve tube members remain alive (though anucleate), stomatal guard cells are living, and root cap cells are sloughed off but not necessarily via programmed cell death to become functional in the same way.  

Final answer: (B)",(B),(B),True,option_letter,,cot_fs,college_biology,1
68,"Which of the following characteristics distinguishes angiosperms from gymnosperms?

Options:
(A)Perennial growth
(B)True roots
(C)Apical growth
(D)Seeds enclosed in ovaries
",(D),"Angiosperms are flowering plants that produce seeds enclosed within an ovary (which develops into a fruit), while gymnosperms produce ""naked"" seeds not enclosed in an ovary.  
Perennial growth, true roots, and apical growth occur in both groups.  

Final answer: (D)",(D),(D),True,option_letter,,cot_fs,college_biology,1
69,"A species of goose nests on both cliffs and beaches near the ocean. Soon after hatching, all chicks must make their way to the ocean. Chicks from cliff nests must tumble down the cliff to get to the ocean, and many are killed by the fall. Which of the following is most consistent with the hypothesis that cliff nesting is adaptive in this goose species?

Options:
(A)Many more geese nest on the beaches than on the cliffs.
(B)Cliff-side nesting confers a higher fitness than does beach nesting.
(C)Chicks from cliff nests instinctively step off the cliffs at the appropriate time.
(D)More chicks survive the fall from the cliffs than are killed.
",(B),"The question asks which option supports the hypothesis that cliff nesting is adaptive — meaning it increases fitness despite the risk of falling.  

If cliff nesting is adaptive, then the benefits must outweigh the costs in terms of survival and reproduction.  
- (A) More geese nesting on beaches doesn’t show cliff nesting is adaptive.  
- (B) Directly states cliff nesting gives higher fitness — this is exactly what “adaptive” means.  
- (C) Behavior being instinctive doesn’t prove it increases fitness.  
- (D) More survive than die from the fall — this could support adaptiveness, but it’s less direct than (B) because survival of the fall is only one factor; (B) directly addresses overall fitness.  

The most consistent with the hypothesis is the one that directly states cliff nesting confers higher fitness.  

Final answer: (B)",(B),(B),True,option_letter,,cot_fs,college_biology,1
70,"Immunoglobulins having epsilon heavy chains and located on the plasma membranes of mast cells and basophilic leukocytes belong to the class of antibodies called

Options:
(A)IgE
(B)IgA
(C)IgD
(D)IgM
",(A),"Immunoglobulins with epsilon heavy chains are characteristic of IgE antibodies, which are involved in allergic responses and are found bound to mast cells and basophils.  

Final answer: (A)",(A),(A),True,option_letter,,cot_fs,college_biology,1
71,"A fluorescent molecule of 1,000 daltons injected into one cell is observed to enter an adjacent cell by passing through a

Options:
(A)spot desmosome
(B)belt desmosome
(C)gap junction
(D)tight junction
",(C),"Gap junctions allow direct passage of small molecules and ions between adjacent cells, and a molecule of 1,000 daltons is small enough to pass through them.  
Desmosomes provide adhesion but not passage of molecules, and tight junctions seal the space between cells, blocking movement.  

Final answer: (C)",(C),(C),True,option_letter,,cot_fs,college_biology,1
72,"Annelids and arthropods are similar to each other in that members of both phyla

Options:
(A)have segmented bodies
(B)have a closed circulatory system
(C)conduct gas exchange by diffusion through a moist membrane
(D)have well-developed sense organs
",(A),"Annelids and arthropods both exhibit body segmentation, with annelids showing visible external and internal segmentation and arthropods having segmented bodies often with specialized appendages.  
While arthropods have an open circulatory system (not closed), and gas exchange methods vary (arthropods may use tracheal systems or gills, not necessarily simple diffusion), the shared characteristic of segmented bodies is a key similarity.  

Final answer: (A)",(A),(A),True,option_letter,,cot_fs,college_biology,1
73,"Approximately what fraction of the human genome encodes proteins?

Options:
(A)2%
(B)25%
(C)50%
(D)90%
",(A),"The human genome contains about 20,000–25,000 protein-coding genes, but these coding sequences make up only a small percentage of the total genome due to the presence of introns, regulatory sequences, and non-coding DNA.  
Current estimates indicate roughly 1–2% of the human genome consists of protein-coding exons.  

Final answer: (A)",(A),(A),True,option_letter,,cot_fs,college_biology,1
74,"Which of the following statements is true of air as compared to water?

Options:
(A)Air provides more physical support.
(B)Air has a higher O2 concentration.
(C)Air offers more resistance to motion.
(D)Air has more thermal inertia.
",(B),"Let’s compare the properties of air and water:  

- (A) Air provides more physical support → False. Water is denser and provides more buoyancy.  
- (B) Air has a higher O₂ concentration → True. Air is about 21% oxygen, while water holds far less dissolved oxygen per unit volume.  
- (C) Air offers more resistance to motion → False. Water is much more viscous and offers greater resistance.  
- (D) Air has more thermal inertia → False. Water has a higher specific heat capacity and thus greater thermal inertia.  

Final answer: (B)",(C),(B),False,option_letter,,cot_fs,college_biology,1
75,"Which of the following is true of organisms belonging to the kingdom Protista?

Options:
(A)They are eukaryotic.
(B)They include the cyanobacteria.
(C)They are heterotrophic.
(D)They possess cell walls composed of peptidoglycan.
",(A),"Organisms in the kingdom Protista are primarily defined by being eukaryotic, as they are not prokaryotes like cyanobacteria (which belong to Monera), not exclusively heterotrophic (some are autotrophic), and do not have peptidoglycan in their cell walls (a feature of bacteria).  

Final answer: (A)",(A),(A),True,option_letter,,cot_fs,college_biology,1
76,"The section of chromosome that serves as the site of attachment by the mitotic spindle during cell division is the

Options:
(A)chromatophore
(B)chromomere
(C)kinetochore
(D)centriole
",(C),"The kinetochore is the protein structure on chromatids where spindle fibers attach during cell division to pull chromosomes apart.  
Chromatophore relates to pigment cells, chromomere refers to condensed chromosome regions, and centrioles help form the spindle apparatus but are not the direct site of chromosome attachment.  

Final answer: (C)",(C),(C),True,option_letter,,cot_fs,college_biology,1
77,"A plant that grows along a trellis exhibits

Options:
(A)thigmotropism
(B)phototropism
(C)gravidotropism
(D)negative gravidotropism
",(A),"A plant growing along a trellis is responding to physical contact by coiling or clinging to the support structure. This directional growth in response to touch is called thigmotropism.  

Final answer: (A)",(A),(A),True,option_letter,,cot_fs,college_biology,1
78,"If the activity of an enzyme is constant over a broad range of pH values, it is likely that

Options:
(A)only ionizing groups on the enzyme participate in the reaction
(B)only ionizing groups on the substrate participate in the reaction
(C)ionizing groups on both the enzyme and substrate participate in the reaction
(D)no ionizing groups on the enzyme or substrate participate in the reaction
",(D),"If enzyme activity remains constant across a broad pH range, it suggests that the reaction does not depend on protonation or deprotonation of ionizable groups in either the enzyme or substrate. If ionizable groups were involved, changes in pH would alter their charge states and affect enzyme activity.  

Final answer: (D)",(D),(D),True,option_letter,,cot_fs,college_biology,1
79,"In garden peas, the allele for tall plants (D) is completely dominant to the allele for dwarf plants (d) and the allele for violet flower color (W) is completely dominant to the allele for white flower color (w). In a cross between a tall violet plant, with the genotype DDWw, and a dwarf white plant, what phenotypic ratio of the progeny would be expected from this cross?

Options:
(A)All tall violet
(B)1 tall violet: 1 dwarf violet
(C)1 tall violet: 1 tall white: 1 dwarf violet: 1 dwarf white
(D)1 tall violet: 1 tall white
",(D),"Let’s break this down step by step.  

**Parental genotypes:**  
- Parent 1: DDWw (tall, violet)  
- Parent 2: ddww (dwarf, white)  

**Gene 1: Height (D/d)**  
- DD × dd → all Dd (tall)  
- So all offspring will be tall in terms of height.  

**Gene 2: Flower color (W/w)**  
- Ww × ww → 1/2 Ww (violet), 1/2 ww (white)  

**Combined phenotypes:**  
- Tall violet (Dd Ww): 1/2  
- Tall white (Dd ww): 1/2  

So the phenotypic ratio is **1 tall violet : 1 tall white**.  

Looking at the options:  
(A) All tall violet → ❌  
(B) 1 tall violet : 1 dwarf violet → ❌  
(C) 1 tall violet : 1 tall white : 1 dwarf violet : 1 dwarf white → ❌  
(D) 1 tall violet : 1 tall white → ✅  

Final answer: (D)",(A),(D),False,option_letter,,cot_fs,college_biology,1
80,"Cancer cells grown in culture are similar to normal cells grown in culture in that they

Options:
(A)divide an indefinite number of times
(B)do not display contact inhibition
(C)require a surface for attachment in order to grow
(D)proliferate to the same cell density
",(C),"Cancer cells differ from normal cells in culture in several ways: normal cells typically have limited division capacity (Hayflick limit), while cancer cells can divide indefinitely; cancer cells lack contact inhibition, while normal cells stop dividing when they contact neighboring cells; and cancer cells often proliferate to higher densities than normal cells. However, both cancer cells and normal cells generally require a surface for attachment to grow in culture, as they are anchorage-dependent for proliferation (though some cancer cells may become anchorage-independent, this is not universal).  

Final answer: (C)",(C),(C),True,option_letter,,cot_fs,college_biology,1
81,"Which of the following techniques could be used to demonstrate protein binding to specific DNA sequences?

Options:
(A)Western blot hybridization
(B)Northern blot hybridization
(C)Southern blot hybridization
(D)Electrophoretic mobility shift assay
",(D),"Electrophoretic mobility shift assay (EMSA) is a technique used to detect protein–DNA interactions by observing changes in the mobility of DNA fragments during gel electrophoresis when bound by proteins.  
Western blotting detects proteins, Northern blotting detects RNA, and Southern blotting detects DNA, but none of these directly demonstrate protein binding to specific DNA sequences in the way EMSA does.  

Final answer: (D)",(D),(D),True,option_letter,,cot_fs,college_biology,1
82,"Adequate serum levels of calcium are maintained in humans by the secretion of

Options:
(A)thyroxine
(B)glucagon
(C)growth hormone
(D)parathyroid hormone
",(D),"Calcium homeostasis in humans is primarily regulated by hormones that control bone resorption, renal reabsorption, and intestinal absorption of calcium.  
Thyroxine (A) regulates metabolism, not calcium.  
Glucagon (B) regulates blood glucose.  
Growth hormone (C) influences overall growth but not specifically serum calcium.  
Parathyroid hormone (D) increases blood calcium levels by stimulating bone resorption, enhancing renal calcium reabsorption, and promoting activation of vitamin D for intestinal calcium absorption.  

Final answer: (D)",(A),(D),False,option_letter,,cot_fs,college_biology,1
83,"The amino acid ornithine is regenerated during each turn of the urea cycle in a similar manner to which of the following participants in the citric acid cycle?

Options:
(A)Succinate
(B)Fumarate
(C)Oxaloacetate
(D)Citrate
",(C),"In the urea cycle, ornithine acts as a carrier that is regenerated at the end of each cycle, similar to how oxaloacetate in the citric acid cycle is regenerated after each turn to continue accepting acetyl-CoA.  

Final answer: (C)",(C),(C),True,option_letter,,cot_fs,college_biology,1
84,"Which is a characteristic unique to angiosperms?

Options:
(A)Wind-borne pollen
(B)A dominant sporophyte life cycle
(C)Alteration of generations
(D)Double fertilization
",(D),"Double fertilization is a process where one sperm cell fertilizes the egg to form the zygote, and another sperm cell fuses with two polar nuclei to form the triploid endosperm. This occurs only in angiosperms.  

Wind-borne pollen (A) is found in some gymnosperms as well.  
A dominant sporophyte life cycle (B) and alteration of generations (C) occur in many land plants, not just angiosperms.  

Final answer: (D)",(B),(D),False,option_letter,,cot_fs,college_biology,1
85,"Mammals are homeostatic for all of the following EXCEPT

Options:
(A)body temperature
(B)blood glucose concentration
(C)blood pH
(D)metabolic rate
",(D),"Homeostasis refers to the maintenance of stable internal conditions.  
Mammals regulate body temperature, blood glucose concentration, and blood pH within narrow ranges.  
Metabolic rate, however, can vary with activity level, environmental conditions, and physiological state, so it is not held constant.  

Final answer: (D)",(D),(D),True,option_letter,,cot_fs,college_biology,1
86,"The crouching of very young birds in response to a predator’s shape overhead is an example of

Options:
(A)a conditioned response
(B)a fixed action pattern
(C)an imprinted behavior
(D)learned behavior
",(B),"The crouching behavior in very young birds in response to a predator’s shape is an innate, stereotyped response triggered by a specific stimulus without prior learning. This matches the definition of a fixed action pattern.  

Final answer: (B)",(B),(B),True,option_letter,,cot_fs,college_biology,1
87,"Among primates, a high degree of sexual dimorphism in a species usually indicates intense competition between

Options:
(A)males in order to obtain individual food resources
(B)males in order to obtain mates
(C)females in order to obtain individual food resources
(D)females in order to obtain mates
",(B),"In primate species, sexual dimorphism typically refers to differences in body size, canine size, or ornamentation between males and females.  
A high degree of sexual dimorphism often evolves in social systems where males compete intensely for access to females, leading to selection for larger, stronger males.  
This competition is generally for mates rather than for food resources.  

Final answer: (B)",(B),(B),True,option_letter,,cot_fs,college_biology,1
88,"Which of the following tissues in an actively photosynthesizing plant would have the highest rate of oxygen production?

Options:
(A)Cortex
(B)Palisade mesophyll
(C)Epidermis
(D)Vascular cambium
",(B),"In photosynthesis, oxygen is produced during the light reactions, which occur in chloroplast-containing tissues.  
- **Cortex** (A) is involved in storage and transport, with few chloroplasts in most plants.  
- **Palisade mesophyll** (B) is the primary photosynthetic tissue in leaves, densely packed with chloroplasts.  
- **Epidermis** (C) is protective and usually lacks chloroplasts except in guard cells.  
- **Vascular cambium** (D) is meristematic and involved in secondary growth, not photosynthesis.  

Thus, palisade mesophyll would have the highest rate of oxygen production.  

Final answer: (B)",(B),(B),True,option_letter,,cot_fs,college_biology,1
89,"A recent theory concerning an unusual rise in asthma attacks following a thunderstorm proposes that while pollen grains at 5 microns are too large to enter the airways, their exposure to water precipitates the release of starch granules as a result of osmotic shock. The starch granules are small enough to enter the lower airways and trigger an asthmatic attack. If this theory is true, which of the following is a correct statement?

Options:
(A)The interior of the pollen grains was hypotonic compared to the surrounding environment.
(B)The interior of the pollen grains had a higher osmotic pressure than did the surrounding environment.
(C)The pollen grains underwent plasmolysis prior to releasing their contents.
(D)The pollen grains underwent shrinking before they ruptured and released their contents.
",(B),"The theory describes osmotic shock causing pollen grains to release starch granules when exposed to water.  
Osmotic shock implies water entered the grains, causing swelling and rupture.  
For water to enter, the interior must have higher solute concentration (higher osmotic pressure) than the outside environment.  

- (A) says interior was hypotonic — that would mean lower osmotic pressure, so water would leave, not enter. Incorrect.  
- (B) says interior had higher osmotic pressure — that means water enters by osmosis, leading to swelling and rupture. Correct.  
- (C) says plasmolysis — that’s water leaving the cell, causing shrinkage, not rupture. Incorrect.  
- (D) says shrinking before rupture — contradicts the mechanism described. Incorrect.  

Final answer: (B)",(A),(B),False,option_letter,,cot_fs,college_biology,1
90,"Hybrids between some related species of plants are sterile because the parent plants had different chromosome numbers. Occasionally the chromosome number of such a hybrid plant doubles spontaneously. Which of the following best describes the descendants of those plants with the double chromosome number?

Options:
(A)The plant with the double chromosome number would be genetically defective and have no descendants.
(B)The descendants would be at a selective advantage because of the increased ability to introgress.
(C)The descendants would be reproductively successful because they could backcross with the parental species.
(D)The descendants would regain the ability to reproduce sexually because chromosomes could pair normally.
",(D),"When a hybrid plant has its chromosome number doubled, this creates an allotetraploid (or similar polyploid) in which each chromosome has a homologous partner from the same parent species, allowing normal pairing during meiosis.  
This restores fertility because chromosomes can now form bivalents rather than unpaired univalents, so the plant can reproduce sexually.  
Option (D) correctly describes this outcome.

Final answer: (D)",(D),(D),True,option_letter,,cot_fs,college_biology,1
91,"Phalloidin is a toxin made by the death cap mushroom. The toxin binds to actin subunits and disrupts actin function. Which of the following structures would be most directly affected by phalloidin?

Options:
(A)Intermediate filaments
(B)Collagen fibers
(C)Microfilaments
(D)Microtubules
",(C),"Phalloidin specifically binds to actin subunits, and actin is the primary protein component of microfilaments in the cytoskeleton.  
Intermediate filaments, collagen fibers, and microtubules are composed of different proteins and would not be directly affected by phalloidin.  

Final answer: (C)",(C),(C),True,option_letter,,cot_fs,college_biology,1
92,"Hardy-Weinberg equilibrium generally assumes all of the following EXCEPT

Options:
(A)a large population
(B)genetic drift
(C)random mating
(D)absence of selection
",(B),"The Hardy-Weinberg equilibrium assumes:  
- A large population (no genetic drift)  
- Random mating  
- No natural selection  
- No mutation  
- No gene flow  

Genetic drift is a violation of Hardy-Weinberg assumptions, so it is **not** assumed.  

Final answer: (B)",(B),(B),True,option_letter,,cot_fs,college_biology,1
93,"Which of the following statements about fungi is NOT true?

Options:
(A)They all are eukaryotic.
(B)They all have rigid cell walls.
(C)Most are filamentous.
(D)Some are photosynthetic.
",(D),"Fungi are eukaryotic organisms with rigid cell walls (typically containing chitin), and most species grow in filamentous forms (hyphae). However, fungi are heterotrophic and do not perform photosynthesis, so the statement that some are photosynthetic is not true.  

Final answer: (D)",(D),(D),True,option_letter,,cot_fs,college_biology,1
94,"Which of the following is encoded by the src oncogene and catalyzes the specific addition of phosphate groups to cellular proteins?

Options:
(A)Protein phosphatase
(B)Adenylate cyclase
(C)G protein-linked receptor
(D)Tyrosine kinase
",(D),"The src oncogene encodes a tyrosine kinase enzyme that phosphorylates tyrosine residues on target proteins, contributing to cell proliferation and cancer development when mutated.  

Final answer: (D)",(D),(D),True,option_letter,,cot_fs,college_biology,1
95,"Both C4 and CAM plants employ physiological and biochemical strategies to reduce photorespiration. Which of the following is an accurate comparison of the two strategies?

Options:
(A)C4 plants fix CO2 as the 4-carbon acid oxaloacetate, while CAM plants fix CO2 as the 5-carbon acid ribulose 1, 5-bisphosphate.
(B)C4 plants fix CO2 in the mesophyll but carry out the Calvin cycle in the bundle sheath, while CAM plants fix CO2 and carry out the Calvin cycle in the mesophyll.
(C)C4 plants fix CO2 in the bundle sheath but carry out the Calvin cycle in the mesophyll, while CAM plants fix CO2 and carry out the Calvin cycle in the bundle sheath.
(D)C4 plants store CO2 as phosphoglycolate, while CAM plants store CO2 as oxaloacetate.
",(B),"C4 plants separate carbon fixation and the Calvin cycle spatially: initial CO₂ fixation into oxaloacetate occurs in mesophyll cells, and the Calvin cycle occurs in bundle sheath cells.  
CAM plants separate these processes temporally: they fix CO₂ into oxaloacetate at night and perform the Calvin cycle during the day, but both occur in mesophyll cells.  

Option (B) correctly states that C4 plants fix CO₂ in the mesophyll and carry out the Calvin cycle in the bundle sheath, while CAM plants fix CO₂ and carry out the Calvin cycle in the mesophyll (though at different times).  

Final answer: (B)",(B),(B),True,option_letter,,cot_fs,college_biology,1
96,"Which of the following depicts the correct sequence of membranes of the chloroplast, beginning with the innermost membrane and ending with the outermost membrane?

Options:
(A)Thylakoid membrane, inner membrane, outer membrane
(B)Inner membrane, outer membrane, thylakoid membrane
(C)Outer membrane, inner membrane, thylakoid membrane
(D)Strama, outer membrane, inner membrane
",(A),"The chloroplast has three main membrane systems:  
- The **thylakoid membrane** is the innermost, enclosing the thylakoid lumen.  
- Surrounding the stroma and the thylakoids is the **inner membrane** of the chloroplast envelope.  
- Outside that is the **outer membrane** of the chloroplast envelope.  

So the sequence from innermost to outermost is: thylakoid membrane → inner membrane → outer membrane.  

Final answer: (A)",(A),(A),True,option_letter,,cot_fs,college_biology,1
97,"Antibiotics that affect bacterial cells interfere with all of the following EXCEPT

Options:
(A)peptidoglycan synthesis
(B)protein synthesis
(C)DNA synthesis
(D)reverse transcriptase
",(D),"Antibiotics target processes specific to bacterial cells, such as peptidoglycan synthesis (A), protein synthesis via bacterial ribosomes (B), and DNA replication enzymes (C). Reverse transcriptase (D) is an enzyme used by retroviruses, not bacteria, so antibiotics would not target it.  

Final answer: (D)",(B),(D),False,option_letter,,cot_fs,college_biology,1
98,"The polytene chromosomes seen in Drosophila silvarentis with the aid of a light microscope are

Options:
(A)not actively carrying out transcription
(B)produced only during mitosis
(C)produced by repeated rounds of DNA replication followed by nuclear division
(D)multiple copies of a single chromosome
",(D),"Polytene chromosomes are formed through repeated rounds of DNA replication without nuclear division, resulting in many parallel DNA strands aligned together. This occurs in certain tissues of Drosophila and some other insects, allowing for high levels of transcription in some regions, not mitosis.  

Final answer: (C)",(C),(D),False,option_letter,,cot_fs,college_biology,1
99,"Which of the following agents will induce polyploidy in a dividing eukaryote?

Options:
(A)Penicillin
(B)Colchicine
(C)Tetracycline
(D)Puromycin
",(B),"Colchicine inhibits microtubule polymerization during mitosis, preventing spindle formation and chromosome segregation, which can result in polyploid cells when the cell divides without proper chromosome separation.  

Final answer: (B)",(B),(B),True,option_letter,,cot_fs,college_biology,1
100,"Which of the following statements about mitochondria and chloroplasts is generally true?

Options:
(A)Plants have chloroplasts but no mitochondria; animals have mitochondria but no chloroplasts.
(B)Plants have chloroplasts but no mitochondria; fungi have mitochondria but no chloroplasts.
(C)Plants and fungi have chloroplasts but no mitochondria; animals have only mitochondria.
(D)Plants have both chloroplasts and mitochondria; animals and fungi have only mitochondria.
",(D),"Plants are photosynthetic eukaryotes that contain chloroplasts for energy production from sunlight, but they also require mitochondria to generate ATP through cellular respiration, especially in non-photosynthetic tissues and at night. Animals and fungi are heterotrophic and rely solely on mitochondria for energy production; they do not have chloroplasts.  

Final answer: (D)",(D),(D),True,option_letter,,cot_fs,college_biology,1
101,"How do cyanobacteria differ from green unicellular algae?

Options:
(A)Cyanobacteria reduce sulfur compounds.
(B)Cyanobacteria lack cell walls.
(C)Cyanobacteria have no nuclei.
(D)Green algae produce cell membranes.
",(C),"Cyanobacteria are prokaryotic organisms, meaning they lack membrane-bound organelles including a nucleus, while green unicellular algae are eukaryotic and possess a nucleus.  
This distinction makes option (C) correct.  

Final answer: (C)",(C),(C),True,option_letter,,cot_fs,college_biology,1
102,"Stabilization of the unique coiled structure of an alpha helix in a protein is primarily attributed to (A) hydrogen bonding between the peptide backbone atoms

Options:
(A)hydrogen bonding between the peptide backbone atoms
(B)disulfide bridges between cysteine side chains
(C)carbohydrate moieties attached to polar amino acids
(D)peptide linkages that covalently bond amino acids
",(A),"The alpha helix structure in proteins is stabilized primarily by hydrogen bonds that form between the carbonyl oxygen of one amino acid residue and the amide hydrogen of another residue four positions ahead in the polypeptide chain. These hydrogen bonds occur along the peptide backbone and help maintain the helical shape.  

Disulfide bridges (B) stabilize tertiary structure, not specifically alpha helices. Carbohydrate moieties (C) are involved in glycosylation and not primary helix stabilization. Peptide linkages (D) form the backbone but do not cause coiling; they are covalent bonds between amino acids in the primary structure.  

Final answer: (A)",(A),(A),True,option_letter,,cot_fs,college_biology,1
103,"The target of digestion of a nucleosome dimer to nucleosome monomers by DNase is

Options:
(A)the H1 histone
(B)histones H2A, H2B, H3, and H4
(C)the nucleosome core
(D)linker DNA
",(D),"DNase cleaves DNA, not proteins. In chromatin structure, linker DNA connects adjacent nucleosomes, so digestion at linker DNA would separate nucleosome dimers into monomers.  

Final answer: (D)",(D),(D),True,option_letter,,cot_fs,college_biology,1
104,"A prokaryote that is thermophilic and methanogenic and has isoprenylglycerol ethers in its membrane instead of phospholipids is most likely

Options:
(A)a proteobacterium
(B)a spirochete
(C)a member of the genus Chlamydia
(D)an archaeon
",(D),"Thermophilic (heat-loving) and methanogenic (methane-producing) traits are characteristic of certain archaea, not bacteria.  
Additionally, archaeal membranes contain isoprenylglycerol ethers rather than the ester-linked phospholipids found in bacteria and eukaryotes.  
This combination of features points specifically to archaea.  

Final answer: (D)",(D),(D),True,option_letter,,cot_fs,college_biology,1
105,"All of the following environmental conditions increase the rate of transpiration from plants EXCEPT

Options:
(A)high temperature
(B)high relative humidity
(C)low relative humidity
(D)wind
",(B),"Transpiration increases when conditions favor evaporation: high temperature, low humidity, and wind all promote water loss from leaves.  
High relative humidity, however, reduces the vapor pressure gradient between the leaf and the air, slowing transpiration.  

Final answer: (B)",(B),(B),True,option_letter,,cot_fs,college_biology,1
106,"Which of the following statements about embryonic cleavage is NOT true?

Options:
(A)The presence of yolk inhibits cleavage.
(B)Telolecithal eggs undergo meroblastic cleavage.
(C)The vegetal pole undergoes cleavage more readily than does the animal pole
(D)The rapid mitotic divisions of cleavage directly give rise to blastomeres.
",(C),"Let’s evaluate each option in the context of embryonic cleavage:  

- **(A)** True — yolk physically impedes cleavage furrow formation.  
- **(B)** True — telolecithal eggs (large yolk at one end) undergo meroblastic (partial) cleavage.  
- **(C)** False — the vegetal pole has more yolk, so it cleaves more slowly, not more readily.  
- **(D)** True — cleavage consists of rapid mitotic divisions producing blastomeres.  

The statement that is **NOT true** is (C).  

Final answer: (C)",(D),(C),False,option_letter,,cot_fs,college_biology,1
107,"In eukaryotic photosynthetic cells, which of the following occurs when electrons flow cyclically through the electron transport chain associated with photosystem I?

Options:
(A)Synthesis of ATP
(B)Reduction of NADP+ to NADPH
(C)Release of O2
(D)Reduction of CO2 to sugar
",(A),"In cyclic electron flow involving photosystem I, electrons are recycled back to the electron transport chain rather than being passed to NADP+.  
This process pumps protons into the thylakoid lumen, generating a proton gradient used to synthesize ATP.  
No NADPH is produced, oxygen is not released (since photosystem II is not involved), and CO₂ reduction is not directly part of this process.  

Final answer: (A)",(A),(A),True,option_letter,,cot_fs,college_biology,1
108,"Many marine birds drink seawater yet maintain their internal osmolarity at a constant level that is hypoosmotic to seawater. Which of the following physiological strategies best explains how the birds maintain their tissue osmolarity?

Options:
(A)Marine birds absorb water from the environment through specialized salt-exchange glands and produce large volumes of dilute urine in the kidneys.
(B)Marine birds absorb salts from the environment through specialized salt-exchange glands and produce large volumes of concentrated urine in the kidneys.
(C)Marine birds excrete salts through specialized salt-exchange glands and excrete small volumes of urine.
(D)Marine birds excrete salts and nitrogenous wastes through specialized nasal glands.
",(C),"Marine birds drinking seawater face the challenge of excess salt intake. To maintain hypoosmotic internal osmolarity relative to seawater, they must excrete salt without losing excessive water. Specialized salt glands (often nasal or orbital) actively excrete concentrated salt solutions, while their kidneys conserve water by producing small volumes of urine.  

Option (C) correctly describes salt excretion via salt-exchange glands and low urine volume, matching the physiological strategy.  

Final answer: (C)",(C),(C),True,option_letter,,cot_fs,college_biology,1
109,"A species of small rodent eats seeds from only one species of pine. In normal years, a pair of these rodents will have a litter of two or three. It is unusual for small rodents to have such small litter sizes. The rodents are most likely to exhibit which other characteristic?

Options:
(A)Moderate sexual size dimorphism
(B)High parental investment
(C)Precocial young
(D)Frequent extrapair matings
",(B),"This describes a species with a specialized diet and unusually small litter size for rodents. Small litter sizes typically correlate with greater parental investment per offspring, as resources can be concentrated on fewer young.  

Final answer: (B)",(B),(B),True,option_letter,,cot_fs,college_biology,1
110,"Which of the following sources makes the greatest contribution to the dry mass of organic matter that comprises an oak tree?

Options:
(A)Organic molecules from decaying matter in the soil that are taken up by the roots
(B)Mineral nutrients dissolved in groundwater that are taken up by the roots
(C)Water that is taken up by the roots and carbon dioxide from the air
(D)Endosperm located in the cotyledons of the acorn
",(C),"An oak tree's dry mass comes primarily from carbon fixed during photosynthesis, where carbon dioxide from the air is converted into organic molecules.  
Water and minerals from the soil contribute little to the *dry mass*, and the endosperm in the acorn is only important during early growth.  
Thus, the greatest contribution comes from carbon dioxide from the air and water taken up by roots, with carbon dioxide being the main source of carbon for biomass.  

Final answer: (C)",(C),(C),True,option_letter,,cot_fs,college_biology,1
111,"Which of the following must be true in order for evolution to have occurred?

Options:
(A)The frequencies of some alleles in a population's gene pool has changed over successive generations.
(B)The frequencies of some alleles in a population's gene pool has changed during the organisms' lifetimes.
(C)The frequencies of each allele in a population's gene pool has remained constant over successive generations.
(D)The frequencies of each allele in an organism's genotype has remained constant within the organism's lifetime.
",(A),"Evolution is defined as a change in allele frequencies in a population's gene pool over successive generations.  
Option (A) describes exactly that — allele frequencies changing over generations.  
Option (B) refers to changes during organisms' lifetimes, which is not evolution but individual adaptation or acclimatization.  
Option (C) describes no change in allele frequencies, which is genetic equilibrium, not evolution.  
Option (D) refers to constancy within an organism's genotype during its lifetime, which is unrelated to population-level evolutionary change.  

Final answer: (A)",(A),(A),True,option_letter,,cot_fs,college_biology,1
112,"From an evolutionary perspective, the optimality theory as applied to a given trait is best represented by the idea that

Options:
(A)if the benefits gained from the trait exceed the cost of the trait to the animal performing them, that trait will persist in the genome
(B)if the trait reaps the best return for the cost relative to alternative forms of the trait, that trait will win out over the alternative forms
(C)beneficial traits are always worth the cost to the organism in energy and physiology, so those traits will persist in the genome
(D)the relative fitness of an organism must be improved due to a specific trait in order for the trait to remain in a population's gene pool
",(B),"Optimality theory in evolutionary biology suggests that traits evolve to maximize net benefits when considering trade-offs between costs and benefits.  
Option (A) describes persistence if benefits exceed costs, but doesn't address comparison with alternative traits.  
Option (B) explicitly states that the trait provides the best return for the cost relative to alternatives, which matches the core idea of optimality theory — traits are optimized, not just beneficial.  
Option (C) is incorrect because beneficial traits are not always worth the cost if alternatives yield higher net benefit.  
Option (D) focuses only on relative fitness improvement, but not on cost-benefit comparisons among trait variants.  

Final answer: (B)",(B),(B),True,option_letter,,cot_fs,college_biology,1
113,"In the presence of alcohol dehydrogenase, the rate of reduction of acetaldehyde to ethanol increases as the concentration of acetaldehyde is increased. Eventually, the rate of the reaction reaches a maximum, after which point further increases in the concentration of acetaldehyde have no effect. Which of the following is true at the maximal rate of reaction?

Options:
(A)Nearly all of the enzyme molecules are interacting with acetaldehyde molecules.
(B)The activation energy of the reaction decreases.
(C)The change in free energy of the reaction decreases.
(D)The enzyme is no longer specific for acetaldehyde.
",(A),"This describes enzyme kinetics where increasing substrate concentration initially increases reaction rate until reaching Vmax, at which point the enzyme's active sites are saturated.  

At maximal rate, the enzyme is working at full capacity, meaning nearly all active sites are occupied by substrate molecules between catalytic cycles.  

- (B) is incorrect because activation energy is a fixed property of the reaction pathway and doesn’t change with substrate concentration.  
- (C) is incorrect because ΔG is a thermodynamic property, unaffected by enzyme saturation.  
- (D) is incorrect because enzyme specificity doesn’t change with saturation.  

Final answer: (A)",(A),(A),True,option_letter,,cot_fs,college_biology,1
114,"Which of the following best explains how mutations in DNA can result in the expression of a new phenotype?

Options:
(A)A different polypeptide is produced.
(B)The polarity of tRNA becomes the opposite of that of DNA.
(C)Nucleic acids are methylated.
(D)The gene is now read in the 3′ to 5′ direction.
",(A),"Mutations in DNA can alter the nucleotide sequence, which may change the mRNA sequence during transcription. During translation, this altered mRNA sequence can lead to the production of a different polypeptide chain. If this polypeptide affects protein structure and function significantly, it can result in a new observable trait or phenotype.  

Final answer: (A)",(A),(A),True,option_letter,,cot_fs,college_biology,1
115,"A competitive inhibitor of an enzyme exerts its effect by

Options:
(A)irreversibly forming covalent links with the enzyme, effectively preventing the enzyme's dissociation from it
(B)irreversibly modifying some of the amino acid residues that help to comprise the enzyme's active site
(C)competing with the substrate molecule for the same enzyme but a different binding site than the substrate binding site
(D)reversibly decreasing the number of enzyme molecules that are available to bind substrates
",(D),"A competitive inhibitor binds reversibly to the enzyme's active site, competing directly with the substrate for that site. This reduces the proportion of enzyme molecules available to bind substrate at any given moment, but does not permanently inactivate the enzyme or change the active site's structure irreversibly.  

Final answer: (D)",(D),(D),True,option_letter,,cot_fs,college_biology,1
116,"The ability of the brain to detect differences in stimulus intensity is best explained by the fact that which of the following varies with the stimulus intensity?

Options:
(A)The amplitude of the action potential
(B)The threshold potential
(C)The number of action potentials per second
(D)The number of synapses crossed
",(C),"The amplitude of action potentials is generally consistent for a given neuron (all-or-none principle), and threshold potential is relatively fixed. While synaptic transmission can vary, the primary mechanism for encoding stimulus intensity in the nervous system is the frequency of action potentials — stronger stimuli produce more frequent action potentials in sensory neurons.  

Final answer: (C)",(C),(C),True,option_letter,,cot_fs,college_biology,1
117,"Which of the following is the best explanation for why net primary productivity in terrestrial ecosystems tends to increase toward the tropics?

Options:
(A)The higher species diversity in the tropics tends to increase plant growth.
(B)There are lower metabolic costs to plant growth in the tropics.
(C)The availability of water and warm temperatures in the tropics fosters photosynthesis.
(D)The tropics have more predators that minimize herbivory.
",(C),"Net primary productivity in terrestrial ecosystems depends mainly on factors that enhance photosynthesis, such as sunlight, temperature, and water availability.  
Tropical regions receive more consistent solar radiation year-round, have warmer temperatures that speed up metabolic processes in plants, and often have abundant rainfall — all of which favor higher rates of photosynthesis and plant growth.  

While (A) mentions species diversity, that is more an effect than a cause of high productivity.  
(B) is incorrect because metabolic costs are not necessarily lower; rather, the warmer temperatures allow faster growth despite metabolic costs.  
(D) is not the primary explanation, since predator effects on herbivory are secondary to climate and resource availability.  

Thus, the best explanation is that warm temperatures and ample water in the tropics foster photosynthesis.  

Final answer: (C)",(A),(C),False,option_letter,,cot_fs,college_biology,1
118,"Proteins were shown to move about in a plane of the plasma membrane when mouse cellsurface proteins and human cell-surface proteins were observed to integrate along a fused mouse-human cell plasma membrane. Which of the following cell culture techniques was most likely employed in order to yield these results?

Options:
(A)Producing a heterokaryon
(B)Producing a hybrid cell
(C)Isolating an immortal variant cell from culture and using it to create a cell line
(D)Inserting a tumor-inducing virus into a normal cell to initiate transformation
",(A),"The experiment described involves fusing mouse and human cells and observing the integration of their membrane proteins, which demonstrates lateral movement in the plasma membrane.  
A **heterokaryon** is a fused cell containing nuclei from both cell types but not necessarily undergoing nuclear fusion, which matches the scenario described.  
A hybrid cell typically implies nuclear fusion and formation of a synkaryon, which is not required for this membrane protein mobility experiment.  

Final answer: (A)",(A),(A),True,option_letter,,cot_fs,college_biology,1
119,"Gene flow between populations results in

Options:
(A)an increase in genetic homogeneity in the metapopulation
(B)an increase in the rate of deleterious mutations in the metapopulation
(C)an increased likelihood of speciation
(D)disruption of Hardy-Weinberg equilibrium in the metapopulation
",(A),"Gene flow refers to the transfer of genetic material between populations, which tends to reduce genetic differences between them.  
This increases genetic homogeneity across the metapopulation.  
It does not inherently increase deleterious mutations, nor does it increase speciation likelihood — in fact, gene flow usually hinders speciation by keeping populations genetically similar.  
While gene flow can disrupt Hardy-Weinberg equilibrium locally, the most direct and consistent outcome is increased genetic homogeneity.  

Final answer: (A)",(A),(A),True,option_letter,,cot_fs,college_biology,1
120,"A subunit of DNA and protein consisting of 134-base-pair long stretches of DNA surrounding a protein octomer is called (a)

Options:
(A)histone
(B)chromatin
(C)nucleosome
(D)solenoid
",(C),"A nucleosome is the fundamental repeating unit of chromatin, consisting of about 146 base pairs of DNA wrapped around a histone octamer core.  
- Histones (A) are the proteins that make up the core.  
- Chromatin (B) is the overall DNA-protein complex in the nucleus.  
- A solenoid (D) is a higher-order coiling of nucleosomes.  
Thus, the described subunit matches the definition of a nucleosome.  

Final answer: (C)",(A),(C),False,option_letter,,cot_fs,college_biology,1
121,"Which of the following would be the most dependable environmental signal that a plant in a temperate ecosystem could use to initiate flowering at the correct time of the year?

Options:
(A)Circadian rhythm
(B)Photoperiod
(C)Changing air temperature
(D)Fluctuations in abscisic acid levels
",(B),"Plants in temperate ecosystems need a reliable, consistent annual signal to time flowering. While circadian rhythms operate on a 24-hour cycle and air temperature can vary unpredictably, photoperiod (day length) changes in a precise, predictable manner over the seasons. Abscisic acid fluctuations are more related to stress responses than seasonal timing.  

Final answer: (B)",(B),(B),True,option_letter,,cot_fs,college_biology,1
122,"Mitochondria isolated and placed in a buffered solution with a low pH begin to manufacture ATP. Which of the following is the best explanation for the effect of low external pH?

Options:
(A)It increases the concentration of OH-, causing the mitochondria to pump H+ to the intermembrane space.
(B)It increases the OH- concentration in the mitochondria matrix.
(C)It increases the acid concentration in the mitochondria matrix.
(D)It increases diffusion of H+ from the intermembrane space to the matrix.
",(D),"A low external pH means a high concentration of H+ outside the mitochondria.  
This creates a stronger proton gradient across the inner mitochondrial membrane, since the intermembrane space will equilibrate with the external buffer, while the matrix pH remains relatively constant.  
The proton gradient drives ATP synthesis via chemiosmosis, so more H+ flowing into the matrix through ATP synthase increases ATP production.  

The option that matches this is the one describing increased diffusion of H+ from the intermembrane space to the matrix due to the steeper gradient.  

Final answer: (D)",(D),(D),True,option_letter,,cot_fs,college_biology,1
123,"An organism belonging to the nekton is which one of the following?

Options:
(A)Whale
(B)Barnacle
(C)Cyanobacterium
(D)Protist
",(A),"Nekton refers to aquatic organisms that can swim and move independently of water currents.  
Whales are active swimmers and control their movement in the water, fitting the definition of nekton.  
Barnacles are sessile (fixed in place), cyanobacteria and protists are typically planktonic (drift with currents).  

Final answer: (A)",(A),(A),True,option_letter,,cot_fs,college_biology,1
124,"A behavioral response called a fixed action pattern shown by animals

Options:
(A)occurs the second time an animal is exposed to the correct stimulus at the appropriate time in its life
(B)occurs in the absence of sensory feedback
(C)is a motor response which once released may be terminated spontaneously
(D)is triggered by a number of sensory signals in the animal's environment
",(B),"A fixed action pattern is an innate, stereotyped behavior that is triggered by a specific stimulus (sign stimulus) and, once initiated, runs to completion without requiring further sensory feedback.  

Option (B) best captures this idea because it emphasizes that the behavior proceeds without needing sensory feedback during its execution.  

Final answer: (B)",(B),(B),True,option_letter,,cot_fs,college_biology,1
125,"Which of the following adaptations would limit pollination by bees and promote hummingbird pollination?

Options:
(A)Patterns of ultraviolet color on the petals
(B)Modified petals to provide a landing space
(C)Pendant (hanging) red-colored flowers
(D)Nectar with high sugar concentration produced in limited amounts
",(C),"Bees are attracted to flowers with ultraviolet patterns, landing platforms, and moderate nectar rewards. Hummingbirds prefer pendant flowers that discourage insect landings, red coloration (which bees don't see well), and abundant nectar. A hanging red flower would favor hummingbirds while being less attractive to bees.

Final answer: (C)",(C),(C),True,option_letter,,cot_fs,college_biology,1
126,"Double fertilization is a unique feature of flowering plants. In this process, one sperm unites with the egg to yield a zygote. The second sperm unites with the polar nuclei to initiate the formation of the

Options:
(A)megagametophyte
(B)endodermis
(C)embryo
(D)endosperm
",(D),"Double fertilization in flowering plants involves one sperm fertilizing the egg to form the zygote (embryo), and the second sperm fusing with the polar nuclei to form the triploid endosperm, which nourishes the developing embryo.  

Final answer: (D)",(D),(D),True,option_letter,,cot_fs,college_biology,1
127,"Mutation of homeotic cluster genes often results in which of the following developmental defects in Drosophila?

Options:
(A)Absence of a group of contiguous segments
(B)Transformation of one segment into another
(C)Polarity defects in every segment along the anterior-posterior axis
(D)Tumor formation in imaginal discs
",(B),"Homeotic genes are responsible for specifying segment identity during development. In Drosophila, mutations in these genes typically cause one body segment to develop structures normally found in another segment (e.g., a leg growing where an antenna should be), rather than causing segment loss or global polarity defects.  

Final answer: (B)",(B),(B),True,option_letter,,cot_fs,college_biology,1
128,"Root pressure created by a plant's roots causes water to enter the roots by

Options:
(A)translocation
(B)adhesion
(C)osmosis
(D)capillary action
",(C),"Root pressure develops when minerals accumulate in the root xylem, lowering the water potential inside the roots.  
Water then moves from the soil (higher water potential) into the roots (lower water potential) by osmosis.  

Final answer: (C)",(C),(C),True,option_letter,,cot_fs,college_biology,1
129,"Cellular uptake of cholesterol occurs through internalization of low density lipoproteincholesterol complexes. Cholesterol uptake involves all of the following EXCEPT

Options:
(A)cell-surface receptors
(B)adhesion plaques
(C)endosome formation
(D)receptor-mediated endocytosis
",(B),"Cellular uptake of cholesterol via low density lipoprotein (LDL) complexes involves binding to cell-surface receptors, receptor-mediated endocytosis, and endosome formation. Adhesion plaques are structures involved in cell–matrix adhesion and are not part of the LDL-cholesterol uptake pathway.  

Final answer: (B)",(B),(B),True,option_letter,,cot_fs,college_biology,1
130,"Two xylem plant cell types that provide support and conduct water and minerals are the

Options:
(A)collenchyma and sclerenchyma
(B)sieve tube members and companion cells
(C)tracheids and vessel elements
(D)vessel elements and companion cells
",(C),"Xylem is responsible for water and mineral transport and support in plants.  
Tracheids and vessel elements are both xylem cell types specialized for water conduction and structural support.  
Collenchyma and sclerenchyma provide support but are not primarily for water transport.  
Sieve tube members and companion cells are phloem cells, not xylem.  
Vessel elements are xylem, but companion cells are phloem.  

Final answer: (C)",(C),(C),True,option_letter,,cot_fs,college_biology,1
131,"Which of the following statements about excretory organs is true?

Options:
(A)The kidneys of saltwater fishes produce urine hyperosmotic to their tissues.
(B)The kidneys of desert mammals produce urine that is hypoosmotic to the urine of freshwater fishes.
(C)Malpighian tubules allow insects to excrete waste through the exoskeleton.
(D)Juxtamedullary nephrons in the mammalian kidney allow the organism to produce hyperosmotic urine.
",(D),"Let’s evaluate each option:  

- **(A)** Saltwater fishes live in a hyperosmotic environment and tend to lose water, so their kidneys produce small volumes of urine that is **isosmotic or hypoosmotic** to their tissues, not hyperosmotic. This is false.  

- **(B)** Desert mammals produce highly concentrated (hyperosmotic) urine to conserve water, while freshwater fishes produce very dilute (hypoosmotic) urine because they constantly gain water. So desert mammal urine is **hyperosmotic** relative to freshwater fish urine, not hypoosmotic. This is false.  

- **(C)** Malpighian tubules in insects empty into the digestive tract, and nitrogenous wastes are excreted through the anus, not directly through the exoskeleton. This is false.  

- **(D)** Juxtamedullary nephrons have long loops of Henle that extend deep into the medulla, creating a high osmotic gradient in the kidney, allowing mammals to produce urine more concentrated than blood plasma (hyperosmotic urine). This is true.  

Final answer: (D)",(B),(D),False,option_letter,,cot_fs,college_biology,1
132,"Mimicry is a strategy that has evolved through natural selection to increase the fitness of organisms to their environment. Which of the following represents a form of Batesian mimicry?

Options:
(A)A type of millipede that is toxic to a toad is permanently avoided by the toad following the toad's initial attempt to consume it.
(B)A moth exhibits false eyes at its tail end in order to disorient predators.
(C)A moth exhibits nearly identical coloration to that of a stinging bee.
(D)A ground-nesting gull chick displays a coloration pattern that is nearly indistinguishable from its surroundings.
",(C),"Batesian mimicry involves a harmless species evolving to resemble a harmful or unpalatable species, thereby gaining protection from predators.  

- (A) describes learned avoidance of a genuinely toxic millipede, not mimicry.  
- (B) describes deflection marking (false eyespots), not Batesian mimicry.  
- (C) describes a harmless moth resembling a stinging bee — this is Batesian mimicry.  
- (D) describes camouflage (cryptic coloration), not mimicry of a harmful species.  

Final answer: (C)",(C),(C),True,option_letter,,cot_fs,college_biology,1
133,"Keystone species are thought to have profound effects on the structure and composition of ecological communities because they

Options:
(A)tend to reduce diversity by eliminating food resources for other species
(B)provide the foundation for food webs
(C)are more abundant than most other species in their communities
(D)can prevent superior competitors from driving inferior competitors to local extinction
",(D),"Keystone species exert disproportionate influence on their ecosystems relative to their abundance, often by controlling competition or resources in ways that maintain community diversity.  
If they prevent dominant competitors from excluding others, they help sustain species richness.  

Final answer: (D)",(D),(D),True,option_letter,,cot_fs,college_biology,1
134,"Which of the following is a reason that geneticists use mitochondrial DNA (mtDNA) to study the relatedness of animal populations?

Options:
(A)mtDNA mutates at a slower rate than nuclear DNA.
(B)mtDNA is passed from mother to child and is free from recombination that occurs between pairs of chromosomes.
(C)There are few single nucleotide polymorphisms in the hypervariable, noncoding regions.
(D)All mitochondrial proteins are coded for by mitochondrial genes.
",(B),"Mitochondrial DNA is maternally inherited and does not undergo recombination, making it useful for tracing maternal lineages and studying population relatedness without the complication of genetic mixing from sexual reproduction.  

Final answer: (B)",(B),(B),True,option_letter,,cot_fs,college_biology,1
135,"A quote from a natural resources text states: ""Whenever the original ecosystem becomes restructured by man, it tends to become simplified, with a resultant disruption of the stabilizing influences of density-dependent regulatory factors."" This implies that in a disturbed ecosystem

Options:
(A)there exist large populations of a low number of species
(B)population levels of a species are kept at equilibrium through natural regulatory mechanisms
(C)a given prey organism is subject to higher predation rates by more diverse predators
(D)a given prey organism is less likely to undergo a population surge
",(A),"The quote describes how human-disturbed ecosystems become simplified and lose density-dependent regulatory factors. Density-dependent factors normally stabilize populations by increasing their effect as population density rises (e.g., competition, predation, disease).  
If these stabilizing influences are disrupted, populations are more likely to experience unchecked growth or sudden crashes rather than remaining near equilibrium.  
This means a given prey organism is less constrained by predators or competition, making population surges more likely, not less.  

Looking at the options:  
- (A) ""large populations of a low number of species"" — simplification means fewer species, but not necessarily large populations of them; the key point is loss of regulation.  
- (B) contradicts the quote because natural regulatory mechanisms are disrupted.  
- (C) says more diverse predators — but the ecosystem is simplified, so predator diversity decreases.  
- (D) says a given prey organism is less likely to undergo a population surge — but with disrupted regulation, surges are more likely, so this is the opposite.  

Actually, rereading: if stabilizing influences are disrupted, a prey organism is *more* likely to undergo a population surge, so (D) says ""less likely"" → false.  
The correct implication is that without density-dependent controls, populations can grow rapidly — but the question asks what the quote implies for a disturbed ecosystem.  
The simplification means fewer species, so some species may become very abundant (low diversity, high abundance of remaining species) → (A) fits.  

Final answer: (A)",(D),(A),False,option_letter,,cot_fs,college_biology,1
136,"A female fruit fly bearing linked genes that produce the phenotype gray body and normal wings mates with a male fruit fly of phenotype black body and vestigial wings. The presence of gray-bodied, vestigialwinged flies among the progeny is best explained by

Options:
(A)crossing over
(B)independent assortment
(C)segregation of alleles
(D)penetrance
",(A),"The question describes a cross involving linked genes in fruit flies (gray body/normal wings × black body/vestigial wings).  
Linked genes normally stay together during meiosis, so without recombination you wouldn’t expect the recombinant phenotypes (gray body with vestigial wings or black body with normal wings) in the offspring.  
The appearance of gray-bodied, vestigial-winged flies means homologous chromosomes exchanged segments during prophase I — this is crossing over.  

Final answer: (A)",(A),(A),True,option_letter,,cot_fs,college_biology,1
137,"Which of the following active pools of carbon is the largest on Earth and contributes the most to carbon cycling?

Options:
(A)The atmosphere
(B)Rain-forest vegetation
(C)Recoverable fossil fuels
(D)The oceans
",(D),"The oceans contain the largest active pool of carbon, storing far more carbon than the atmosphere, vegetation, or recoverable fossil fuels, and they play a dominant role in global carbon cycling through physical and biological processes.  

Final answer: (D)",(D),(D),True,option_letter,,cot_fs,college_biology,1
138,"Charles Darwin's proposed conditions for natural selection encompass all of the following with regard to a given population EXCEPT

Options:
(A)inheritance of both ""fit"" and ""unfit"" genes
(B)differential survival and reproductive success
(C)competition for limited resources
(D)overproduction of offspring
",(A),"Darwin’s theory of natural selection requires:  
- Overproduction of offspring (D)  
- Competition for limited resources (C)  
- Variation in traits, with some traits conferring greater survival/reproduction (B)  
- Heritability of traits that affect fitness  

The option that is **not** a condition Darwin proposed is (A), because natural selection acts on heritable variation, but it does not require inheritance of “unfit” genes — rather, “fit” genes are passed on more frequently, but Darwin did not frame it as inheriting both “fit” and “unfit” genes as a necessary condition.  

Final answer: (A)",(C),(A),False,option_letter,,cot_fs,college_biology,1
139,"Which of the following is a correct statement about the cohesion-tension theory for the ascent of water in the xylem?

Options:
(A)The evaporation of water from leaf mesophyll cells generates tension in the water column.
(B)Water moves from a source region with high hydrostatic pressure to a sink region with low hydrostatic pressure.
(C)The cohesion of water molecules is responsible for the formation of embolisms (air bubbles) in the water column.
(D)Living cells of the xylem provide the main conduit for an ascent of water.
",(A),"The cohesion-tension theory explains water movement in xylem by transpiration from leaves creating tension (negative pressure), which pulls water upward due to cohesion between water molecules.  
Option (A) correctly states that evaporation from mesophyll cells generates tension in the water column.  
Option (B) describes pressure-flow in phloem, not xylem transport.  
Option (C) is incorrect because cohesion actually helps resist embolisms, not cause them.  
Option (D) is false because xylem vessels in angiosperms are mostly dead at maturity.  

Final answer: (A)",(B),(A),False,option_letter,,cot_fs,college_biology,1
140,"In fungi, cell walls are reinforced by which of the following?

Options:
(A)Chitin
(B)Silica
(C)Lignin
(D)Collagen fibers
",(A),"Fungi cell walls are primarily composed of chitin, a strong and flexible polysaccharide that provides structural reinforcement.  
Silica is found in diatoms, lignin in plant cell walls, and collagen fibers in animal connective tissue, not in fungi.  

Final answer: (A)",(A),(A),True,option_letter,,cot_fs,college_biology,1
141,"In plants, proton pumps are involved in the process of loading sugars into the phloem for transport. Which of the following is true about this process?

Options:
(A)It is passive.
(B)It depends on DNA.
(C)It requires ATP.
(D)It translocates starch.
",(C),"Proton pumps in plant cells use ATP to create a proton gradient that drives the secondary active transport of sugars into the phloem. This means the process requires energy in the form of ATP.  

Final answer: (C)",(C),(C),True,option_letter,,cot_fs,college_biology,1
142,"Which of the following characteristics is predicted for an early-successional plant community?

Options:
(A)High niche divergence among co-occurring species
(B)High ratios of primary production to standing-crop biomass
(C)High frequency of K-selected species
(D)High detrital biomass
",(B),"Early-successional plant communities are characterized by rapid growth, high reproductive rates, and efficient resource use.  
They typically have high productivity relative to their biomass because they invest heavily in growth and reproduction rather than long-term structures.  
This makes option (B) consistent with early succession.  

Final answer: (B)",(B),(B),True,option_letter,,cot_fs,college_biology,1
143,"Which of the following is the symplastic pathway for the movement of sucrose from the site of photosynthesis in mesophyll cells into the phloem?

Options:
(A)Fibers, phloem parenchyma, companion cell, sieve tube
(B)Phloem parenchyma, fibers, bundle sheath, tracheids
(C)Companion cells, phloem parenchyma, fibers, sieve tube
(D)Bundle sheath, phloem parenchyma, companion cell, sieve tube
",(D),"The symplastic pathway involves movement through plasmodesmata connecting living cells, avoiding apoplastic spaces. Sucrose from mesophyll cells would move into the phloem via:  
- Bundle sheath cells (connecting mesophyll to vascular tissue)  
- Phloem parenchyma  
- Companion cells (which load sucrose into sieve tubes via plasmodesmata in many plants)  
- Sieve tube elements  

Option (D) lists these in the correct order: bundle sheath → phloem parenchyma → companion cell → sieve tube.  

Final answer: (D)",(D),(D),True,option_letter,,cot_fs,college_biology,1
